{"type":"FeatureCollection","features":[{"type":"Feature","properties":{"OBJECTID":427,"Entidad":0,"Objeto":"Provincia","FNA":"Ciudad Aut\u00f3noma de Buenos Aires","GNA":"Ciudad Aut\u00f3noma","NAM":"Ciudad Aut\u00f3noma de Buenos Aires","SAG":"IGN","FDC":"Geograf\u00eda","IN1":"02","SHAPE_STAr":0.0202417882723,"SHAPE_STLe":0.743806468471,"shapeName":"Ciudad Aut\u00f3noma de Buenos Aires","shapeISO":"AR-C","shapeGroup":"ARG","shapeType":"ADM1"},"geometry":{"type":"Polygon","coordinates":[[[-58.52920470799995,-34.654751429999976],[-58.53146519599994,-34.61596621699994],[-58.457476274999976,-34.526525524999954],[-58.361636344999965,-34.581155569999964],[-58.34188739699994,-34.631096716999934],[-58.46139007099998,-34.705314975999954],[-58.52920470799995,-34.654751429999976]]]}},{"type":"Feature","properties":{"OBJECTID":428,"Entidad":0,"Objeto":"Provincia","FNA":"Provincia del Neuqu\u00e9n","GNA":"Provincia","NAM":"Neuqu\u00e9n","SAG":"IGN","FDC":"Geograf\u00eda","IN1":"58","SHAPE_STAr":9.77181087612,"SHAPE_STLe":21.5159845829,"shapeName":"Neuqu\u00e9n","shapeISO":"AR-Q","shapeGroup":"ARG","shapeType":"ADM1"},"geometry":{"type":"Polygon","coordinates":[[[-70.22535430699998,-36.32711963999998],[-70.20158786699994,-36.45390636399998],[-70.12257020799996,-36.57104769199998],[-70.01216469199994,-36.69552643499998],[-69.94753011899996,-36.72160700799998],[-69.92187697199995,-36.79471214599994],[-69.75965228399997,-36.87151955899998],[-69.77625660099994,-36.99122391399993],[-69.75563372299996,-37.068640819999985],[-69.71154104699997,-37.10148297899997],[-69.52957314999998,-37.17443591299997],[-69.26831822599996,-37.144500955999945],[-69.06413051699997,-37.22364668499995],[-69.02604058699995,-37.364793100999975],[-68.86516844799996,-37.401251266999964],[-68.76608739399995,-37.36648458999997],[-68.69657999799995,-37.44234374299998],[-68.50490752899998,-37.454092911999965],[-68.43666349399996,-37.54456433099995],[-68.25000574099994,-37.57477676599996],[-68.24999999999994,-38.68199999999996],[-68.12060830099995,-38.747279584999944],[-68.09404894499994,-38.85864884499995],[-67.99808848499998,-38.995763539999984],[-68.30159195799996,-38.975430236999955],[-68.55987395199998,-39.07582661499998],[-68.66080290199994,-39.172343575999946],[-68.66550012499994,-39.217302711999935],[-68.80239062699997,-39.28490917299996],[-68.82396098799995,-39.37492582099998],[-68.91250405799997,-39.41787186099998],[-68.99987792999997,-39.515197753999985],[-69.11279296899994,-39.51470947299998],[-69.27709960899995,-39.596374511999954],[-69.27227783199999,-39.629028319999975],[-69.34896232499995,-39.71209513699995],[-69.50699653699996,-39.81542319099998],[-69.69705598399997,-39.84644541399996],[-69.93175359299994,-39.94358289999997],[-70.00537211199998,-40.04743376499994],[-69.95027805499996,-40.17898488099996],[-69.99203470599997,-40.17996776599995],[-70.05882286099995,-40.248955197999976],[-70.06268631299997,-40.374640246999945],[-70.17494235399994,-40.427609546999975],[-70.17056874199994,-40.48300863199995],[-70.42492675799997,-40.53631591799996],[-70.54248046899994,-40.50360107399996],[-70.65391707699996,-40.59133711399994],[-70.85540771499996,-40.59338378899997],[-70.97650146499996,-40.64868164099994],[-71.02972412099996,-40.72442626999998],[-71.09367529799994,-40.72671471899997],[-71.12079056999994,-40.75821976699996],[-71.03202253999996,-40.93314543899993],[-71.14164804499995,-41.055975854999986],[-71.30621337899998,-41.100097655999946],[-71.55059814499998,-41.02319335899995],[-71.86107654499995,-41.03102405499993],[-71.90848642399999,-40.972247136999954],[-71.85643521899993,-40.960022358999936],[-71.85818396399998,-40.87947887299998],[-71.92752534499994,-40.833505782999964],[-71.92135575899994,-40.78575991499997],[-71.96504576499996,-40.727575582999975],[-71.84395026699997,-40.62794305199998],[-71.82382596099995,-40.577910825999936],[-71.85599640699996,-40.59241780199994],[-71.89042006899996,-40.556052499999964],[-71.84276898299998,-40.52532938699994],[-71.82495742899994,-40.42189823099994],[-71.79337246299997,-40.40730832699995],[-71.73685312599997,-40.440819862999945],[-71.65682366099998,-40.36379605099995],[-71.68497934499999,-40.29400739999994],[-71.71676274199996,-40.27897921599998],[-71.74739478599997,-40.307126762999985],[-71.82448707699996,-40.23168591799998],[-71.79843169299994,-40.137239026999964],[-71.83113194799995,-40.10573530399995],[-71.81350407399998,-40.080791741999974],[-71.67356818799993,-40.10372540999998],[-71.68892790599995,-40.032253836999985],[-71.59268500399997,-39.91138050899997],[-71.69153955299998,-39.84142098399997],[-71.66696883799995,-39.807206392999944],[-71.71242497199995,-39.72442045399998],[-71.66948153299995,-39.683012152999936],[-71.71722544599999,-39.64952911699993],[-71.69868260599998,-39.58735606699997],[-71.67417499999993,-39.56363888899995],[-71.61008903999993,-39.62819879199998],[-71.50240857399996,-39.63779735099996],[-71.46111944399996,-39.58286111099994],[-71.53438058499995,-39.53040786899993],[-71.47294480599999,-39.49326664299997],[-71.44708521299998,-39.45061979299993],[-71.45702320499998,-39.370570477999934],[-71.40036452999993,-39.350603596999974],[-71.37409313199998,-39.28315856399996],[-71.42118612599995,-39.15107470799995],[-71.39600785999994,-39.045635035999965],[-71.44151214799996,-38.98102713999998],[-71.43360417199995,-38.92894357799997],[-71.29653569899995,-38.87335401099995],[-71.23844164399998,-38.80278893199994],[-71.18531685499994,-38.81486604599996],[-71.09381808499995,-38.75487805199998],[-70.92672975599999,-38.76319724199993],[-70.88373605199996,-38.701807299999984],[-70.90451161799996,-38.66686198699995],[-70.82641056899996,-38.59135336099996],[-70.84306084799994,-38.537524004999966],[-70.98401833299994,-38.430662489999975],[-70.99761826199995,-38.29198809799993],[-71.03171114899999,-38.24972883899994],[-70.99665150099997,-38.17098474799997],[-71.04296226199995,-38.12277177699997],[-70.98799048799998,-38.08775190299997],[-71.05486933899994,-38.04362566899994],[-71.06259861499996,-37.970212738999976],[-71.11390670099996,-37.952056949999985],[-71.10791759699998,-37.89104994899998],[-71.18299435099993,-37.858429917999956],[-71.12643753699996,-37.820729737999955],[-71.21111084199998,-37.697462616999985],[-71.20630747699994,-37.647682722999946],[-71.12798519799998,-37.58755667799994],[-71.15153012399998,-37.53928693199998],[-71.11817959799998,-37.468945305999966],[-71.15356694199994,-37.40066667199994],[-71.19732594399994,-37.38385732699993],[-71.22104166699995,-37.27510555599997],[-71.11534443099998,-37.20775238699997],[-71.13530430099996,-37.14775443599996],[-71.09229126099996,-37.11465407099996],[-71.16730289399999,-36.99698536799997],[-71.22239582599997,-36.97824551999997],[-71.10596005299993,-36.97088600999996],[-71.08801333699995,-36.93801934399994],[-71.14400538499996,-36.92934144999998],[-71.11911550999997,-36.869184391999966],[-71.18001067599994,-36.841420840999945],[-71.13193604499997,-36.814670940999974],[-71.11325489699993,-36.67944458599993],[-71.06487093699997,-36.71465109099995],[-71.00920582599997,-36.69123719399994],[-71.05717573599998,-36.61866203999995],[-71.03691663199999,-36.47554571699993],[-70.95811729699994,-36.50364678899996],[-70.89388425699997,-36.47127180799998],[-70.88377547399995,-36.396241215999964],[-70.71297907199994,-36.42776764699994],[-70.67927587599996,-36.389966466999965],[-70.71242763199996,-36.34496835199997],[-70.68484837299997,-36.30474662199998],[-70.70620296199996,-36.27258514799996],[-70.63211464099999,-36.23901102399998],[-70.57090859299996,-36.175553107999974],[-70.57642656299998,-36.13804804399996],[-70.44923076699996,-36.17315932499997],[-70.41507494499996,-36.109908331999975],[-70.34392298599994,-36.33333333099995],[-70.22535430699998,-36.32711963999998]]]}},{"type":"Feature","properties":{"OBJECTID":429,"Entidad":0,"Objeto":"Provincia","FNA":"Provincia de La Pampa","GNA":"Provincia","NAM":"La Pampa","SAG":"IGN","FDC":"Geograf\u00eda","IN1":"42","SHAPE_STAr":14.5530193016,"SHAPE_STLe":19.665614461,"shapeName":"La Pampa","shapeISO":"AR-L","shapeGroup":"ARG","shapeType":"ADM1"},"geometry":{"type":"MultiPolygon","coordinates":[[[[-64.75412750199996,-40.777545928999984],[-64.76547241199995,-40.78351211499995],[-64.75997924799998,-40.77439117399996],[-64.75412750199996,-40.777545928999984]]],[[[-64.83683013899997,-40.751445769999975],[-64.83967590299994,-40.756069182999966],[-64.84327697799995,-40.75620651199995],[-64.83683013899997,-40.751445769999975]]],[[[-64.90687560999999,-40.739185332999966],[-64.90498352099996,-40.74000930799997],[-64.90510559099994,-40.74242782599998],[-64.90686798099995,-40.74135589599996],[-64.90687560999999,-40.739185332999966]]],[[[-63.383269419999976,-39.32849159699998],[-63.512012409999954,-39.312660352999956],[-63.55767822299998,-39.26190185499996],[-63.74239184299995,-39.18889268199996],[-63.78820800799997,-39.10919189499998],[-63.83495287399995,-39.13630659399996],[-63.87127685499996,-39.095275878999985],[-63.93280029299996,-39.09350585899995],[-63.933462557999974,-39.06159151999998],[-64.01177978499999,-39.00219726599994],[-64.06268310499996,-39.01037597699997],[-64.39739990199996,-38.87322997999996],[-65.11138915999999,-38.799499511999954],[-65.37451171899994,-38.85571289099994],[-65.58251953099995,-38.774291991999974],[-65.69409179699994,-38.83319091799996],[-66.08477783199999,-38.72558593799994],[-66.31500244099993,-38.76159667999997],[-66.53861539199994,-38.720852710999964],[-66.60714386799998,-38.67909317099998],[-66.57799547099995,-38.62139124199996],[-66.63617329099998,-38.542393137999966],[-66.89697265599995,-38.44372558599997],[-66.99438476599994,-38.44647216799996],[-67.15299221199996,-38.356795182999974],[-67.18761336899996,-38.214503417999936],[-67.54791259799998,-38.25628662099996],[-67.65649414099994,-38.20178222699997],[-67.74871826199995,-38.05810546899994],[-67.85119628899997,-38.065795897999976],[-67.90395009199995,-37.98357673199996],[-67.86700439499998,-37.93139648399995],[-67.73272705099998,-37.85980224599996],[-67.72096954399996,-37.80642586299996],[-67.79339599599996,-37.64630126999998],[-67.87072753899997,-37.61260986299993],[-68.24999999999994,-37.57669176599995],[-68.25018310499996,-36.17248535199997],[-68.29613164999995,-36.17254667199995],[-68.29614532799997,-35.99955157199997],[-65.11694529499994,-35.99952964299996],[-65.11754591399995,-35.00000234799995],[-63.385750460999986,-35.00013465599994],[-63.383269419999976,-39.32849159699998]]]]}},{"type":"Feature","properties":{"OBJECTID":430,"Entidad":0,"Objeto":"Provincia","FNA":"Provincia de Mendoza","GNA":"Provincia","NAM":"Mendoza","SAG":"IGN","FDC":"Geograf\u00eda","IN1":"50","SHAPE_STAr":14.6583879434,"SHAPE_STLe":23.2599861838,"shapeName":"Mendoza","shapeISO":"AR-M","shapeGroup":"ARG","shapeType":"ADM1"},"geometry":{"type":"Polygon","coordinates":[[[-68.91761523299994,-32.11464642599998],[-68.91761308999997,-32.33804154799998],[-68.66571305899998,-32.33709716799996],[-68.46289810099995,-32.237747268999954],[-68.46304086799995,-32.137845599999935],[-68.30411667099997,-32.137690934999966],[-68.24793190099996,-32.09154514599993],[-68.15112565699997,-32.11901855499997],[-68.05139421199993,-32.07189941399997],[-67.95691178999994,-32.09307861299993],[-67.91699479799996,-32.17419433599997],[-67.84588883999999,-32.223510741999974],[-67.59448503199997,-32.24639892599998],[-67.52118180899998,-32.22149658199993],[-67.47066358099994,-32.30794450199994],[-67.33130781899996,-32.35091821699996],[-67.28966725299995,-32.442111057999966],[-67.29692460899997,-32.536218738999935],[-67.26211925899997,-32.553644765999934],[-67.25662195899997,-32.62555745399993],[-67.16685275099996,-32.75887219699996],[-67.23246263999994,-32.88796644299998],[-67.17935633399998,-33.00417605399997],[-67.19808691199995,-33.04509955899994],[-67.14589680799997,-33.43998313499998],[-66.99780903499993,-33.63356305299993],[-67.00481728299997,-33.66730685899995],[-66.88246025099994,-33.77012193599995],[-66.87425754899994,-33.83150636299996],[-66.66661648199994,-33.95764548099993],[-66.73389959299993,-34.13655143999995],[-66.71983261099996,-34.21301104699995],[-66.78518966699994,-34.232478594999975],[-66.77664550799994,-34.29807984399997],[-66.81306010799995,-34.34381642599993],[-66.76498681199996,-34.38017950099993],[-66.79596624199996,-34.41153562299996],[-66.75571354599998,-34.44275286299995],[-66.75857657699999,-34.56627574899994],[-66.70331826399996,-34.61995495399998],[-66.69071946299994,-34.69134947499998],[-66.64161331599996,-34.71674445899998],[-66.65157984499996,-34.757331997999984],[-66.56350258699996,-34.82939664999998],[-66.52601710399995,-34.94278927299996],[-66.54077556299995,-35.01556690199993],[-66.47857719999996,-35.14041758299993],[-66.48422663999997,-35.240900540999974],[-66.52019203699996,-35.27479506399993],[-66.49572062399994,-35.30986120799997],[-66.52584447699996,-35.540570067999965],[-66.57064663399996,-35.582111415999975],[-66.54817275799996,-35.63731075299995],[-66.62224128499997,-35.84835687499998],[-66.63626012699996,-35.99920144599997],[-68.29614532799997,-35.99955157199997],[-68.29613164999995,-36.17254667199995],[-68.25018310499996,-36.17248535199997],[-68.24997891199996,-37.57481355699997],[-68.43666349399996,-37.54456433099995],[-68.50490752899998,-37.454092911999965],[-68.69657999799995,-37.44234374299998],[-68.76608739399995,-37.36648458999997],[-68.86516844799996,-37.401251266999964],[-69.02604058699995,-37.364793100999975],[-69.06413051699997,-37.22364668499995],[-69.26831822599996,-37.144500955999945],[-69.52957314999998,-37.17443591299997],[-69.75446803999995,-37.07005702199996],[-69.77881214199994,-36.96320576099998],[-69.75965228399997,-36.87151955899998],[-69.92187697199995,-36.79471214599994],[-69.94753011899996,-36.72160700799998],[-70.01216469199994,-36.69552643499998],[-70.12257020799996,-36.57104769199998],[-70.20158786699994,-36.45390636399998],[-70.22535430699998,-36.32711963999998],[-70.33894858599996,-36.33692420899996],[-70.35906095299998,-36.30937426599996],[-70.42547356099993,-36.09533625499995],[-70.36995264199999,-36.039646226999935],[-70.37815095299999,-35.98996903699998],[-70.42295386899997,-35.97154906199995],[-70.36477253599998,-35.92419521499994],[-70.42399367199994,-35.91466002799996],[-70.42196554899994,-35.87658585499997],[-70.31196374899997,-35.813163575999965],[-70.37874162599996,-35.78785123799997],[-70.35830018299998,-35.74964267499996],[-70.42379762299998,-35.64106470699994],[-70.38469625799996,-35.60511049599995],[-70.41355905599994,-35.52849454899996],[-70.36827059699993,-35.51950323999995],[-70.44652906099998,-35.46322768999994],[-70.43189274799994,-35.318291504999934],[-70.50334875499993,-35.32042540599997],[-70.58331441099995,-35.270165264999946],[-70.53604999999999,-35.19910277799994],[-70.37502015999996,-35.17022201799995],[-70.36378498999994,-35.00602051899995],[-70.24819531899993,-34.79886821599996],[-70.30626344099994,-34.747333881999964],[-70.21586403799995,-34.683427232999975],[-70.21698441999996,-34.61073745599998],[-70.12943089599997,-34.48561417199994],[-70.01229932699994,-34.411949909999976],[-70.03084114699993,-34.28772523999993],[-69.97243757099994,-34.250006585999984],[-69.90988417399996,-34.29212003599997],[-69.80719853399995,-34.24835104099998],[-69.79671542199998,-34.210481124999944],[-69.87329201699998,-34.13107342899997],[-69.82141742599998,-34.015193496999984],[-69.85421086499997,-33.96370752299998],[-69.90618426299994,-33.96330167799994],[-69.85552109499997,-33.892096210999966],[-69.89914682599994,-33.847078076999935],[-69.90467331699995,-33.771287135999955],[-69.86460304899998,-33.71678228899998],[-69.87217983599999,-33.53946893999995],[-69.83484796099998,-33.51565884599995],[-69.79556760899999,-33.42138114599993],[-69.81550965399998,-33.389874722999934],[-69.77968091999998,-33.385235963999946],[-69.76906471699994,-33.34321277899994],[-69.79988695499998,-33.28785972099996],[-69.90432769899996,-33.27290055499998],[-69.91663379199997,-33.244252382999946],[-70.00090817299997,-33.32287496999993],[-70.03825895699998,-33.27039684299996],[-70.02590954499993,-33.23651159599996],[-70.06439789599995,-33.20511202299997],[-70.05173278299998,-33.134545327999945],[-70.09374048699993,-33.050967442999934],[-70.02100220599993,-33.00850706099993],[-69.98938236799995,-32.89895752299998],[-70.11035855199998,-32.80291153899998],[-70.16324581399994,-32.59826420699994],[-70.12620140999996,-32.57415370199993],[-70.06544922299997,-32.625527688999966],[-70.00417810299996,-32.52832670899994],[-69.84725265299994,-32.57056214099998],[-69.70496088699997,-32.49644193199998],[-69.68921159399997,-32.430175780999946],[-69.73315749899996,-32.39055591899995],[-69.72887446999994,-32.33083144899996],[-69.63095965099996,-32.26004248499993],[-69.59169854499999,-32.139165867999964],[-69.53114126399998,-32.14095046399996],[-69.41573740699994,-32.06653282299993],[-69.31421159399997,-32.09112548799993],[-69.24450944599994,-32.016113280999946],[-69.12569695099995,-32.002834984999936],[-69.01164544899996,-32.11650150299994],[-68.91761523299994,-32.11464642599998]]]}},{"type":"Feature","properties":{"OBJECTID":431,"Entidad":0,"Objeto":"Provincia","FNA":"Provincia de San Luis","GNA":"Provincia","NAM":"San Luis","SAG":"IGN","FDC":"Geograf\u00eda","IN1":"74","SHAPE_STAr":7.33377055086,"SHAPE_STLe":14.490195786,"shapeName":"San Luis","shapeISO":"AR-D","shapeGroup":"ARG","shapeType":"ADM1"},"geometry":{"type":"Polygon","coordinates":[[[-66.36843645199997,-31.997309335999944],[-66.29963433899997,-31.931065142999955],[-66.16023361799995,-31.963532887999975],[-66.14433881899998,-31.936978102999944],[-66.07949850799997,-31.971349416999942],[-66.06924303099998,-31.936466518999964],[-65.97902576899997,-31.88916283499998],[-65.62847645599999,-31.898297267999965],[-65.24490734899996,-32.09014130799994],[-65.21141643599998,-32.325588969999956],[-64.94354861799997,-32.29798722299995],[-64.92534574199993,-32.32546999699997],[-64.88275339099994,-32.570792421999954],[-64.92412139199996,-32.614751052999964],[-64.96516569199997,-32.86516121599993],[-65.02230877599999,-32.973040296999955],[-64.99970389699996,-33.00266458599998],[-65.07007645499993,-33.137104130999944],[-65.14272943199995,-33.19452774299998],[-65.11694529499994,-35.99952964299996],[-66.63787518899994,-35.999503982999954],[-66.62224128499997,-35.84835687499998],[-66.54817275799996,-35.63731075299995],[-66.57064663399996,-35.582111415999975],[-66.52584447699996,-35.540570067999965],[-66.49572062399994,-35.30986120799997],[-66.52019203699996,-35.27479506399993],[-66.48422663999997,-35.240900540999974],[-66.47857719999996,-35.14041758299993],[-66.54077556299995,-35.01556690199993],[-66.52601710399995,-34.94278927299996],[-66.56350258699996,-34.82939664999998],[-66.65157984499996,-34.757331997999984],[-66.64161331599996,-34.71674445899998],[-66.69071946299994,-34.69134947499998],[-66.70331826399996,-34.61995495399998],[-66.75857657699999,-34.56627574899994],[-66.75571354599998,-34.44275286299995],[-66.79596624199996,-34.41153562299996],[-66.76498681199996,-34.38017950099993],[-66.81306010799995,-34.34381642599993],[-66.77664550799994,-34.29807984399997],[-66.78518966699994,-34.232478594999975],[-66.71983261099996,-34.21301104699995],[-66.73389959299993,-34.13655143999995],[-66.66661648199994,-33.95764548099993],[-66.87425754899994,-33.83150636299996],[-66.88246025099994,-33.77012193599995],[-67.00481728299997,-33.66730685899995],[-66.99780903499993,-33.63356305299993],[-67.14589680799997,-33.43998313499998],[-67.19808691199995,-33.04509955899994],[-67.17935633399998,-33.00417605399997],[-67.23246263999994,-32.88796644299998],[-67.16685275099996,-32.75887219699996],[-67.25662195899997,-32.62555745399993],[-67.26211925899997,-32.553644765999934],[-67.29692460899997,-32.536218738999935],[-67.28966725299995,-32.442111057999966],[-67.32048127199994,-32.389168051999945],[-67.26379929999996,-32.38185943199994],[-67.27800789399998,-32.29232398999994],[-67.37039046599995,-32.246281420999935],[-67.38197033299997,-32.211264325999934],[-67.37924421599996,-31.86811593899995],[-67.24153625099996,-31.880804981999972],[-67.13672870499994,-31.833804675999943],[-66.60453846599995,-31.923379483999952],[-66.36843645199997,-31.997309335999944]]]}},{"type":"Feature","properties":{"OBJECTID":432,"Entidad":0,"Objeto":"Provincia","FNA":"Provincia de C\u00f3rdoba","GNA":"Provincia","NAM":"C\u00f3rdoba","SAG":"IGN","FDC":"Geograf\u00eda","IN1":"14","SHAPE_STAr":15.7483284893,"SHAPE_STLe":18.4531148919,"shapeName":"C\u00f3rdoba","shapeISO":"AR-X","shapeGroup":"ARG","shapeType":"ADM1"},"geometry":{"type":"Polygon","coordinates":[[[-63.78498224599997,-29.598932265999963],[-63.81639113099993,-29.614696194999965],[-63.76371076899994,-29.617063345999952],[-63.72367300099995,-29.659162373999948],[-63.46519934899999,-29.664821918999962],[-63.45901275099993,-29.757145004999984],[-62.80700951399996,-29.815858203999937],[-62.83867568699998,-29.865760766999983],[-62.79133600499995,-29.96058891699994],[-62.66236922099995,-29.999255157999983],[-62.655439667999985,-30.05529213099993],[-62.556483207999975,-30.06278676499994],[-62.59680123199996,-30.165742213999977],[-62.59361800499994,-30.259582673999944],[-62.52007745499998,-30.341897535999976],[-62.17379362599996,-30.345314363999933],[-62.13060252599996,-30.47992768699993],[-61.84147593399996,-30.744956007999974],[-62.12579002999996,-31.615565697999955],[-62.241074682999965,-31.70017505499993],[-62.22334769799994,-31.88345303899996],[-62.167608823999956,-31.986186267999983],[-62.196757220999984,-32.11432024299995],[-62.13768710199997,-32.20021878499995],[-62.03876100999997,-32.26095452799996],[-61.914315199999976,-32.494558111999936],[-61.93067399399996,-32.544050900999935],[-61.90247738099998,-32.56861883599993],[-61.92650993799998,-32.584263791999945],[-61.88903342699996,-32.61043786299996],[-61.94643792299996,-32.67843096099995],[-61.85762454099995,-32.69461129599995],[-61.795699068999966,-32.77396632099993],[-61.770893426999976,-32.90166434699995],[-61.787668387999986,-33.006201714999975],[-61.92032357599999,-33.12015834999994],[-62.87973016999996,-34.383487988999946],[-63.385080237999944,-34.38332481599997],[-63.385750460999986,-35.00013465599994],[-65.11749267599998,-35.00000231299998],[-65.14272943199995,-33.19452774299998],[-65.07007645499993,-33.137104130999944],[-64.99970389699996,-33.00266458599998],[-65.02230877599999,-32.973040296999955],[-64.96516569199997,-32.86516121599993],[-64.92412139199996,-32.614751052999964],[-64.88275339099994,-32.570792421999954],[-64.89549615899995,-32.48518045199995],[-64.94140710299996,-32.29834414199996],[-65.21141643599998,-32.325588969999956],[-65.23646557899997,-32.110032142999955],[-65.31301941899994,-32.04154081799993],[-65.62847645599999,-31.898297267999965],[-65.77008022799998,-31.88863661199997],[-65.77198379699996,-31.044522835999942],[-65.52080355999993,-30.484529317999943],[-65.42298521599997,-30.119602484999973],[-65.15827018399995,-30.047266871999966],[-64.93793209899997,-29.847511123999936],[-64.96405219299999,-29.596091497999964],[-64.34231148999999,-29.500422581999942],[-63.977046308999945,-29.555414162999966],[-63.95863475699997,-29.621300149999968],[-63.870349001999955,-29.623873034999974],[-63.81164886499994,-29.579161324999973],[-63.78498224599997,-29.598932265999963]]]}},{"type":"Feature","properties":{"OBJECTID":433,"Entidad":0,"Objeto":"Provincia","FNA":"Provincia de Santa Fe","GNA":"Provincia","NAM":"Santa Fe","SAG":"IGN","FDC":"Geograf\u00eda","IN1":"82","SHAPE_STAr":12.5528384103,"SHAPE_STLe":20.8522796644,"shapeName":"Santa Fe","shapeISO":"AR-S","shapeGroup":"ARG","shapeType":"ADM1"},"geometry":{"type":"Polygon","coordinates":[[[-60.41009728399996,-33.46795991699997],[-60.45957222699997,-33.63146457999994],[-60.556924169999945,-33.64684410199993],[-60.68458224999995,-33.585156575999974],[-60.781810733999976,-33.57875951899996],[-60.81863289299997,-33.540450196999984],[-60.87993599499998,-33.55553228699995],[-60.93073748699999,-33.65201942899995],[-61.717601436999985,-34.38360696199993],[-62.87973016999996,-34.383487988999946],[-61.92032357599999,-33.12015834999994],[-61.787668387999986,-33.006201714999975],[-61.770893426999976,-32.90166434699995],[-61.795699068999966,-32.77396632099993],[-61.85762454099995,-32.69461129599995],[-61.94643792299996,-32.67843096099995],[-61.88903342699996,-32.61043786299996],[-61.92650993799998,-32.584263791999945],[-61.90247738099998,-32.56861883599993],[-61.93067399399996,-32.544050900999935],[-61.914315199999976,-32.494558111999936],[-62.03876100999997,-32.26095452799996],[-62.13768710199997,-32.20021878499995],[-62.196757220999984,-32.11432024299995],[-62.167608823999956,-31.986186267999983],[-62.22334769799994,-31.88345303899996],[-62.241074682999965,-31.70017505499993],[-62.12579002999996,-31.615565697999955],[-61.84147593399996,-30.744956007999974],[-62.13060252599996,-30.47992768699993],[-61.71125637399996,-27.999420649999934],[-58.88392236899995,-27.99944444399995],[-58.88082187799995,-28.066824880999945],[-58.94511298599997,-28.133774296999945],[-59.06241250099998,-28.12810873999996],[-59.10786811599996,-28.22276613599996],[-59.08597707499996,-28.435965838999948],[-59.04885748399994,-28.493310847999965],[-59.100007983999944,-28.576399184999957],[-59.07860074599995,-28.667487389999962],[-59.16045420299997,-28.794788551999943],[-59.19971530899994,-29.031544916999962],[-59.257536210999945,-29.089603764999936],[-59.34676599699998,-29.11435015899997],[-59.40781438999994,-29.22137577899997],[-59.50063342499993,-29.243517511999983],[-59.51978798499994,-29.343189025999948],[-59.60428319099998,-29.39474316299993],[-59.59018485299998,-29.56977898699995],[-59.61754865399996,-29.775840305999964],[-59.65966511299996,-29.843179050999936],[-59.566390242999944,-30.008075695999935],[-59.636584341999935,-30.237455732999933],[-59.71201325399994,-30.276240945999973],[-59.66680349599994,-30.327161410999963],[-59.703439283999955,-30.44261041699997],[-59.650329589999956,-30.500976562999938],[-59.64585632899997,-30.59703743299997],[-59.678405761999954,-30.64691162099996],[-59.633300780999946,-30.713928222999982],[-59.69939420099996,-30.76907246099995],[-59.734848168999974,-30.876624095999944],[-59.81817626999998,-30.94250488299997],[-59.87792968799994,-31.056213378999928],[-59.963378905999946,-31.119873046999942],[-60.00268554699994,-31.238586425999983],[-60.105590819999975,-31.289916991999974],[-60.086791991999974,-31.346984862999932],[-60.14349365199996,-31.44360351599994],[-60.21235440799995,-31.467815508999934],[-60.24400123899994,-31.530395331999955],[-60.332806708999954,-31.547156194999957],[-60.33066519399995,-31.608546287999957],[-60.467590331999986,-31.698303222999982],[-60.638793944999975,-31.74200439499998],[-60.63856744199995,-31.787481751999962],[-60.67578124999994,-31.811706542999957],[-60.65722656299994,-31.911315917999957],[-60.72184857599996,-31.96617926999994],[-60.65600585899995,-32.067077636999954],[-60.700381850999975,-32.14976902099994],[-60.679018277999944,-32.31952922299996],[-60.718993222999984,-32.334043934999954],[-60.72381591799996,-32.45611572299998],[-60.776184081999986,-32.50701904299996],[-60.71600341799996,-32.77362060499996],[-60.658874511999954,-32.83117675799997],[-60.67620849599996,-32.89959716799996],[-60.493408202999944,-33.13140869099993],[-60.39205528699995,-33.18898425799995],[-60.30306344699994,-33.18351149799997],[-60.29782863199995,-33.24228418399997],[-60.25239243999994,-33.27541507099994],[-60.272714108999935,-33.26386310199996],[-60.33542979799995,-33.41232811899994],[-60.41009728399996,-33.46795991699997]]]}},{"type":"Feature","properties":{"OBJECTID":434,"Entidad":0,"Objeto":"Provincia","FNA":"Provincia de Entre R\u00edos","GNA":"Provincia","NAM":"Entre R\u00edos","SAG":"IGN","FDC":"Geograf\u00eda","IN1":"30","SHAPE_STAr":7.48648662083,"SHAPE_STLe":14.3590911819,"shapeName":"Entre R\u00edos","shapeISO":"AR-E","shapeGroup":"ARG","shapeType":"ADM1"},"geometry":{"type":"Polygon","coordinates":[[[-58.28555022199998,-30.244631331999983],[-58.208336713999984,-30.28758060299998],[-58.14117642799994,-30.405720839999958],[-58.07193411399999,-30.42541087899997],[-58.06874955099994,-30.54481992799998],[-58.033624792999944,-30.598040771999933],[-57.82152293699994,-30.719402509999952],[-57.79739717099994,-30.78270737799994],[-57.824487372999954,-30.911630026999944],[-57.91489911999997,-30.92056442599994],[-57.861724797999955,-31.043471393999937],[-57.916686777999985,-31.12259323099994],[-57.91313999299996,-31.212920742999984],[-57.99694454599995,-31.360511405999944],[-57.97934843199994,-31.388398688999928],[-58.082394068999974,-31.457827067999972],[-57.980639002999965,-31.58104773399998],[-58.038147683999966,-31.75906383299997],[-58.086138321999954,-31.821137207999982],[-58.206810307999945,-31.87164523299998],[-58.13829995399993,-32.00184250199993],[-58.183326346999934,-32.15919991199996],[-58.09988221899994,-32.26001172599996],[-58.12298975899995,-32.33999879499993],[-58.18335711599997,-32.37667519499996],[-58.20458785699998,-32.46200266699998],[-58.16058269999996,-32.570779725999955],[-58.14962944599995,-32.73487943499998],[-58.11557642399998,-32.91976841999997],[-58.08713142299996,-32.95941734199994],[-58.084792412999946,-33.003593819999935],[-58.17596324599998,-33.07689299799995],[-58.36181818599994,-33.120989168999984],[-58.40357058799998,-33.17783449299998],[-58.390469791999976,-33.27912148799993],[-58.43171372699999,-33.36332907399998],[-58.43390445099993,-33.49915933099993],[-58.49477283799996,-33.585578994999935],[-58.43436934799996,-33.72188675299998],[-58.423584665999954,-33.91634687399994],[-58.387390136999954,-33.98541259799998],[-58.630488783999965,-34.03977485299998],[-58.76373859499995,-33.945310253999935],[-58.85487194899997,-33.94721382299997],[-58.992880681999964,-33.84180370399997],[-59.13067626999998,-33.84771728499993],[-59.17358398399995,-33.80700683599997],[-59.242309569999975,-33.807495116999974],[-59.24700927699996,-33.72497558599997],[-59.44897460899995,-33.72448730499997],[-59.50421142599998,-33.63360595699993],[-59.61877441399997,-33.69219970699993],[-59.66442871099997,-33.61749267599998],[-59.78857241199995,-33.60457145099997],[-59.82318115199996,-33.53002929699994],[-60.05578587699995,-33.43967480799995],[-60.20068359399994,-33.29217529299996],[-60.29782863199995,-33.24228418399997],[-60.30306344699994,-33.18351149799997],[-60.39205528699995,-33.18898425799995],[-60.493408202999944,-33.13140869099993],[-60.67620849599996,-32.89959716799996],[-60.658874511999954,-32.83117675799997],[-60.71600341799996,-32.77362060499996],[-60.776184081999986,-32.50701904299996],[-60.72381591799996,-32.45611572299998],[-60.718993222999984,-32.334043934999954],[-60.679018277999944,-32.31952922299996],[-60.700381850999975,-32.14976902099994],[-60.65808105499997,-32.050720214999956],[-60.723514197999975,-31.977600682999935],[-60.65289306599993,-31.897094726999967],[-60.67578124999994,-31.811706542999957],[-60.627621921999946,-31.733230041999946],[-60.467590331999986,-31.698303222999982],[-60.33066519399995,-31.608546287999957],[-60.332806708999954,-31.547156194999957],[-60.24400123899994,-31.530395331999955],[-60.21235440799995,-31.467815508999934],[-60.14349365199996,-31.44360351599994],[-60.086791991999974,-31.346984862999932],[-60.105590819999975,-31.289916991999974],[-60.01342773399995,-31.250671386999954],[-59.963378905999946,-31.119873046999942],[-59.90283811299997,-31.084826929999963],[-59.81817626999998,-30.94250488299997],[-59.734848168999974,-30.876624095999944],[-59.69939420099996,-30.76907246099995],[-59.63269042999997,-30.71130371099997],[-59.678405761999954,-30.64691162099996],[-59.64585632899997,-30.59703743299997],[-59.650329589999956,-30.500976562999938],[-59.703439283999955,-30.44261041699997],[-59.67167210699995,-30.338662073999956],[-59.58776876999997,-30.434821907999947],[-59.55743159299993,-30.333147279999935],[-59.48872465699998,-30.344806638999955],[-59.42233769699993,-30.31476594399993],[-59.229839304999985,-30.36419924599994],[-59.06369344299998,-30.23077097199996],[-58.96530051099995,-30.218132585999967],[-58.87964213799995,-30.24611849599995],[-58.74841486599996,-30.21411474599995],[-58.68224203999995,-30.16387895699995],[-58.58137670599996,-30.16010098199996],[-58.368791459999954,-30.26479147499998],[-58.28555022199998,-30.244631331999983]],[[-58.10143458099998,-32.954353683999955],[-58.112484784999936,-32.93115844099998],[-58.11495452999998,-32.974192278999965],[-58.10143458099998,-32.954353683999955]],[[-58.11455008299998,-33.02469832999998],[-58.08891003499997,-32.95785106099993],[-58.11034542099998,-32.971331163999935],[-58.10765579399998,-33.00166715599994],[-58.11455008299998,-33.02469832999998]],[[-58.11574038799995,-32.990353539999944],[-58.128754553999954,-33.02539070599994],[-58.114037923999945,-33.02106228599996],[-58.11574038799995,-32.990353539999944]],[[-58.133199384999955,-33.03462794199993],[-58.12548993099995,-33.029677711999966],[-58.12983006799993,-33.02886012899995],[-58.133199384999955,-33.03462794199993]],[[-58.12574199299996,-33.011395799999946],[-58.12447705599993,-33.00466520899994],[-58.126437575999944,-33.00784787199996],[-58.12574199299996,-33.011395799999946]],[[-58.11197555899997,-32.97166736699995],[-58.114383277999934,-32.99014098099997],[-58.11133902599994,-32.98001867199997],[-58.11197555899997,-32.97166736699995]]]}},{"type":"Feature","properties":{"OBJECTID":435,"Entidad":0,"Objeto":"Provincia","FNA":"Provincia de San Juan","GNA":"Provincia","NAM":"San Juan","SAG":"IGN","FDC":"Geograf\u00eda","IN1":"70","SHAPE_STAr":8.32844121046,"SHAPE_STLe":19.4456057212,"shapeName":"San Juan","shapeISO":"AR-J","shapeGroup":"ARG","shapeType":"ADM1"},"geometry":{"type":"Polygon","coordinates":[[[-69.46969499899996,-28.41551864799993],[-69.42547607399996,-28.451782226999967],[-69.31604130799997,-28.411711510999965],[-69.20239257799994,-28.596374511999954],[-69.20979837599998,-28.68160186999995],[-69.16197120999993,-28.76113535299993],[-68.90820169899996,-28.861013226999944],[-68.96130371099997,-28.941528319999975],[-68.90850830099998,-29.044921874999943],[-68.91165191699997,-29.12822669299993],[-69.00123862199996,-29.186642458999984],[-68.95757551399998,-29.31715589299995],[-68.98493931499996,-29.325246059999984],[-69.00219040699994,-29.39972318799994],[-68.97518352499998,-29.456473331999973],[-69.03371826399996,-29.53297300199995],[-69.01408771199993,-29.63909696099995],[-68.93830187999998,-29.65158913099998],[-68.88339581799994,-29.591924147999976],[-68.86311091399995,-29.635051876999967],[-68.46771240199996,-29.644287108999947],[-68.25848388699995,-29.74688720699993],[-68.25384993399996,-29.780734374999952],[-68.19900335899996,-29.781091293999964],[-68.15879046899994,-29.885430656999972],[-68.05433213299995,-29.900302287999978],[-67.89829897999994,-30.074300370999936],[-67.59087262399999,-30.298148160999972],[-67.57861839999998,-30.402963415999977],[-67.49480188799998,-30.536332202999972],[-67.41009307699994,-30.627465557999983],[-67.28279191599995,-30.695280194999953],[-67.08529665599997,-30.91419060399994],[-67.12574749299995,-31.160702758999946],[-67.07530291999996,-31.227446638999936],[-67.10909126599995,-31.382825439999976],[-66.95853087299997,-31.63266884099994],[-66.87519025299997,-31.63266884099994],[-66.80242919899996,-31.811828612999932],[-66.66178829699999,-31.920536027999958],[-67.13672870499994,-31.833804675999943],[-67.24153625099996,-31.880804981999972],[-67.37924421599996,-31.86811593899995],[-67.38018573699998,-32.223756495999964],[-67.27800789399998,-32.29232398999994],[-67.26379929999996,-32.38185943199994],[-67.47066358099994,-32.30794450199994],[-67.52118180899998,-32.22149658199993],[-67.59448503199997,-32.24639892599998],[-67.84588883999999,-32.223510741999974],[-67.91699479799996,-32.17419433599997],[-67.95691178999994,-32.09307861299993],[-68.05139421199993,-32.07189941399997],[-68.15112565699997,-32.11901855499997],[-68.24793190099996,-32.09154514599993],[-68.30411667099997,-32.137690934999966],[-68.46304086799995,-32.137845599999935],[-68.46289810099995,-32.237747268999954],[-68.66571305899998,-32.33709716799996],[-68.91761308999997,-32.33804154799998],[-68.91761523299994,-32.11464642599998],[-69.01164544899996,-32.11650150299994],[-69.11641705399995,-32.00247806599998],[-69.18399374499995,-31.99938476699998],[-69.24450944599994,-32.016113280999946],[-69.31421159399997,-32.09112548799993],[-69.41573740699994,-32.06653282299993],[-69.53114126399998,-32.14095046399996],[-69.59645746699994,-32.14309197899996],[-69.63095965099996,-32.26004248499993],[-69.72887446999994,-32.33083144899996],[-69.73315749899996,-32.39055591899995],[-69.68921159399997,-32.430175780999946],[-69.70496088699997,-32.49644193199998],[-69.83511740199998,-32.56794473399998],[-70.00417810299996,-32.52832670899994],[-70.04569969699998,-32.60518329799993],[-70.08995767099998,-32.62231541699998],[-70.14874645899994,-32.46566463599993],[-70.23664895199994,-32.429292343999975],[-70.21818363199998,-32.33273322399998],[-70.32305093799994,-32.26704894799997],[-70.30387705099997,-32.136321890999966],[-70.34165534899995,-32.10864376999996],[-70.33518908299999,-32.07043580499993],[-70.38823329699994,-32.04389640599993],[-70.36155351099995,-32.025247460999935],[-70.28902759299996,-32.05203199199997],[-70.20931642299996,-31.96041078899998],[-70.28005333399994,-31.88408586199995],[-70.37685649699995,-31.884822007999958],[-70.46044249699997,-31.843865536999942],[-70.46817202699998,-31.69847675699998],[-70.51294307199998,-31.689776852999955],[-70.50675275499998,-31.652266881999935],[-70.56738439399999,-31.600134380999975],[-70.56020697199995,-31.419958532999942],[-70.52744848799995,-31.366951857999936],[-70.54715711699998,-31.314852817999963],[-70.49722329999997,-31.12209417899993],[-70.45583766799996,-31.084302459999947],[-70.40137795899994,-31.167071564999958],[-70.32165114799994,-31.043493892999948],[-70.26909918099994,-31.04309315699993],[-70.32282095099998,-30.92802609299997],[-70.24609444399994,-30.72852222199998],[-70.24664013099994,-30.634207139999944],[-70.17938830999998,-30.51231482099996],[-70.19481472899997,-30.491629993999936],[-70.11750054599997,-30.43212581599994],[-70.15466854499994,-30.346666453999944],[-70.06320575299998,-30.394364442999972],[-69.95534154299997,-30.385504535999928],[-69.89184565599999,-30.350590212999975],[-69.88503545999998,-30.218582950999973],[-69.83504532099994,-30.219943700999977],[-69.81938416199995,-30.188724673999957],[-69.81743967099999,-30.12794129699995],[-69.93609297399996,-30.12007792199995],[-69.96486957899998,-30.085445612999933],[-69.89801724399996,-29.95784062299998],[-69.87655153199995,-29.86163881599998],[-69.91484767999998,-29.79270625199996],[-69.87867088799999,-29.72580849299993],[-69.93952621799997,-29.65441885499996],[-69.96631283499994,-29.414223163999964],[-70.02127562099997,-29.384400142999937],[-70.02092793399999,-29.329782318999946],[-69.93815533699996,-29.249920621999934],[-69.95268884699993,-29.189165129999935],[-69.87612141299996,-29.138899179999953],[-69.78828454899997,-29.133139857999936],[-69.76570177899998,-28.89879326099998],[-69.69290212299995,-28.77089587699993],[-69.73142006899997,-28.684032543999933],[-69.66233395199998,-28.583010384999966],[-69.68050278299995,-28.47061304799996],[-69.62981019099993,-28.39369204999997],[-69.51621346099995,-28.431877441999973],[-69.46969499899996,-28.41551864799993]]]}},{"type":"Feature","properties":{"OBJECTID":436,"Entidad":0,"Objeto":"Provincia","FNA":"Provincia de La Rioja","GNA":"Provincia","NAM":"La Rioja","SAG":"IGN","FDC":"Geograf\u00eda","IN1":"46","SHAPE_STAr":8.52921551759,"SHAPE_STLe":16.4261323025,"shapeName":"La Rioja","shapeISO":"AR-F","shapeGroup":"ARG","shapeType":"ADM1"},"geometry":{"type":"Polygon","coordinates":[[[-68.44242221599995,-28.024275779999982],[-68.39661759199998,-28.004169333999982],[-68.33581542999997,-28.037597655999946],[-68.28619384799998,-28.02648925799997],[-68.27470613099996,-28.09506010499996],[-68.24615259899997,-28.07114652299998],[-68.14121837099998,-28.10184156899993],[-68.10731105199994,-28.17346334399997],[-68.02236429599998,-28.124684393999928],[-67.91493163399997,-28.114095792999933],[-67.93024324399994,-28.17221876499997],[-67.84137037699998,-28.31326131299994],[-67.84482059499999,-28.375186784999983],[-67.69146433599997,-28.31183363699995],[-67.37530535799993,-28.38452616899997],[-67.15544316499995,-28.384407195999984],[-67.07466046599995,-28.270193069999948],[-67.01624469899997,-28.254250681999963],[-66.57080960699994,-28.28863389199995],[-66.49621653399998,-28.622293807999938],[-66.35245539799996,-28.721848964999936],[-66.41137695299994,-28.814208983999947],[-66.39630126999998,-28.86602783199993],[-66.09951869699995,-28.94409061899995],[-65.81466450299996,-29.18093175299998],[-65.81442655699993,-29.269804619999945],[-65.74815856899994,-29.26968564699996],[-65.71945929499998,-29.40998907499994],[-65.42298521599997,-30.119602484999973],[-65.52080355999993,-30.484529317999943],[-65.77198379699996,-31.044522835999942],[-65.77008022799998,-31.88863661199997],[-65.89403142299994,-31.910482805999948],[-65.97902576899997,-31.88916283499998],[-66.06924303099998,-31.936466518999964],[-66.07949850799997,-31.971349416999942],[-66.14433881899998,-31.936978102999944],[-66.16023361799995,-31.963532887999975],[-66.29963433899997,-31.931065142999955],[-66.33809832499998,-31.943723874999932],[-66.34978147799995,-31.99769004999996],[-66.72266680599995,-31.883820945999958],[-66.80432128899997,-31.808776854999962],[-66.87519025299997,-31.63266884099994],[-66.95853087299997,-31.63266884099994],[-67.10909126599995,-31.382825439999976],[-67.07530291999996,-31.227446638999936],[-67.12574749299995,-31.160702758999946],[-67.08529665599997,-30.91419060399994],[-67.28279191599995,-30.695280194999953],[-67.41009307699994,-30.627465557999983],[-67.49480188799998,-30.536332202999972],[-67.57861839999998,-30.402963415999977],[-67.59087262399999,-30.298148160999972],[-67.89829897999994,-30.074300370999936],[-68.05433213299995,-29.900302287999978],[-68.15879046899994,-29.885430656999972],[-68.19900335899996,-29.781091293999964],[-68.25384993399996,-29.780734374999952],[-68.25848388699995,-29.74688720699993],[-68.44128417999997,-29.650512694999975],[-68.86311091399995,-29.635051876999967],[-68.88339581799994,-29.591924147999976],[-68.95745654099994,-29.657537783999942],[-69.02015533699995,-29.631839604999982],[-69.03371826399996,-29.53297300199995],[-68.97518352499998,-29.456473331999973],[-69.00219040699994,-29.39972318799994],[-68.98493931499996,-29.325246059999984],[-68.95757551399998,-29.31715589299995],[-69.00123862199996,-29.186642458999984],[-68.91165191699997,-29.12822669299993],[-68.90850830099998,-29.044921874999943],[-68.96130371099997,-28.941528319999975],[-68.90820169899996,-28.861013226999944],[-69.16197120999993,-28.76113535299993],[-69.20979837599998,-28.68160186999995],[-69.20239257799994,-28.596374511999954],[-69.31604130799997,-28.411711510999965],[-69.42547607399996,-28.451782226999967],[-69.46969499899996,-28.41551864799993],[-69.60571289099994,-28.419006347999982],[-69.63497275599997,-28.384080168999958],[-69.59701156899996,-28.39206136799993],[-69.58276008099995,-28.35244169799995],[-69.52357414599999,-28.329656280999927],[-69.45626769899997,-28.183596662999946],[-69.39138190099999,-28.22644322499997],[-69.38178314299995,-28.18178792499998],[-69.30739429999994,-28.128853541999945],[-69.23706446199998,-27.966534200999945],[-69.17330382399996,-27.971427953999978],[-69.12301873799998,-27.901461470999948],[-69.09526410599995,-27.79479030599998],[-68.79901122999996,-27.75567626999998],[-68.71597716599996,-27.815235495999957],[-68.62424894599997,-27.791678832999935],[-68.58233451999996,-27.819761109999945],[-68.54339599599996,-27.70977783199993],[-68.52082545399998,-27.81988008299993],[-68.44028070099995,-27.87365590099995],[-68.44242221599995,-28.024275779999982]]]}},{"type":"Feature","properties":{"OBJECTID":437,"Entidad":0,"Objeto":"Provincia","FNA":"Provincia de Catamarca","GNA":"Provincia","NAM":"Catamarca","SAG":"IGN","FDC":"Geograf\u00eda","IN1":"10","SHAPE_STAr":9.25694486638,"SHAPE_STLe":21.7060822144,"shapeName":"Catamarca","shapeISO":"AR-K","shapeGroup":"ARG","shapeType":"ADM1"},"geometry":{"type":"Polygon","coordinates":[[[-66.87926595599998,-25.241731389999927],[-66.55819123499998,-25.300653718999968],[-66.59979826599994,-25.362251086999947],[-66.53709946899994,-25.372482769999976],[-66.51854821699999,-25.440329893999944],[-66.56390194199997,-25.621761981999953],[-66.60645822399994,-25.62866950299997],[-66.64857721499993,-25.71203184899997],[-66.80173409899999,-25.698806157999968],[-66.85048009299999,-25.721144135999964],[-66.87356626599995,-25.766185349999944],[-66.84756582199998,-25.796267599999965],[-66.84346327199995,-25.977340329999947],[-66.77881340399995,-26.04813569099997],[-66.66086817299998,-26.076655450999965],[-66.66115475599997,-26.106174590999956],[-66.58418918299998,-26.15983016699994],[-66.56823680399998,-26.249834548999956],[-66.50767952099994,-26.273034293999956],[-66.55946640199994,-26.288575239999943],[-66.53987674699994,-26.35316249899995],[-66.38202389799994,-26.41679934399997],[-66.23057120799996,-26.14922895899997],[-66.17084673799997,-26.133762462999982],[-66.09922496299998,-26.216567703999942],[-66.11912966399996,-26.376966967999977],[-66.15577336299998,-26.397311359999946],[-66.17766440399998,-26.471669514999974],[-66.17123985899997,-26.631212371999936],[-66.04218983799996,-26.60037242599998],[-65.83016143299994,-26.744222176999983],[-65.90047450499998,-26.863790089999952],[-65.85778963499996,-26.92919634499998],[-66.14082043199994,-27.261054034999972],[-65.97197386799996,-27.332926132999944],[-65.96585512799999,-27.54359361799993],[-65.91539575499996,-27.669139935999965],[-65.86548656099995,-27.68900843499995],[-65.83231405999999,-27.851193197999976],[-65.79927805999995,-27.787220685999955],[-65.75323549099994,-27.769969593999974],[-65.70391372599994,-27.808093763999977],[-65.66626619199997,-27.973235046999946],[-65.56917674999994,-28.01278689299994],[-65.50731076399995,-27.92907745699995],[-65.37037781199996,-27.84597006399997],[-65.17079821899995,-27.946464540999955],[-65.11194813799995,-28.18571091399997],[-65.09689804699997,-28.471008283999936],[-65.12556311599997,-28.61152846599998],[-65.18461650399996,-28.600569932999974],[-65.18711493799998,-28.622788149999963],[-65.13652164899997,-28.64688019199997],[-65.12717668799996,-28.716152248999947],[-65.01662655999996,-28.73780534399998],[-64.90112789699998,-28.84131189599998],[-64.85449046199994,-29.19739822799994],[-64.78120306399995,-29.265450811999983],[-64.83021480699995,-29.27863293599995],[-64.84259315699995,-29.33374134199994],[-64.78596949399997,-29.40549701799995],[-64.82593692999995,-29.473653645999946],[-64.82462822699995,-29.574304844999972],[-64.96405219299999,-29.596091497999964],[-64.93793209899997,-29.847511123999936],[-65.15827018399995,-30.047266871999966],[-65.42298521599997,-30.119602484999973],[-65.71945929499998,-29.40998907499994],[-65.74815856899994,-29.26968564699996],[-65.81442655699993,-29.269804619999945],[-65.81466450299996,-29.18093175299998],[-66.09951869699995,-28.94409061899995],[-66.39630126999998,-28.86602783199993],[-66.41137695299994,-28.814208983999947],[-66.35245539799996,-28.721848964999936],[-66.49621653399998,-28.622293807999938],[-66.57080960699994,-28.28863389199995],[-67.01624469899997,-28.254250681999963],[-67.07466046599995,-28.270193069999948],[-67.15544316499995,-28.384407195999984],[-67.37530535799993,-28.38452616899997],[-67.69146433599997,-28.31183363699995],[-67.84482059499999,-28.375186784999983],[-67.84137037699998,-28.31326131299994],[-67.93024324399994,-28.17221876499997],[-67.91493163399997,-28.114095792999933],[-68.02236429599998,-28.124684393999928],[-68.10731105199994,-28.17346334399997],[-68.14121837099998,-28.10184156899993],[-68.24615259899997,-28.07114652299998],[-68.27470613099996,-28.09506010499996],[-68.28619384799998,-28.02648925799997],[-68.45669898099999,-28.015590746999976],[-68.44028070099995,-27.87365590099995],[-68.51451988299993,-27.83855885199995],[-68.54339599599996,-27.70977783199993],[-68.58233451999996,-27.819761109999945],[-68.62424894599997,-27.791678832999935],[-68.71597716599996,-27.815235495999957],[-68.79901122999996,-27.75567626999998],[-69.09526410599995,-27.79479030599998],[-69.08925669099995,-27.721671852999975],[-69.04317750499996,-27.697483675999933],[-69.05329857399994,-27.620191459999944],[-68.97528218599996,-27.560656149999943],[-68.98762820199994,-27.523793800999954],[-68.94251477499995,-27.525931094999976],[-68.98031766899999,-27.43190599999997],[-68.93450352699995,-27.444769365999946],[-68.93033743799998,-27.40951861399998],[-68.88696189599995,-27.398698241999966],[-68.86985380899995,-27.31794706599993],[-68.80843569499996,-27.300832783999965],[-68.87084851599997,-27.246378767999943],[-68.78738165399994,-27.104369417999976],[-68.67015993199993,-27.099088712999958],[-68.63134697999993,-27.163305197999932],[-68.57532396699997,-27.177627793999932],[-68.55702408799993,-27.11512413899993],[-68.48162316099996,-27.128582816999938],[-68.48390357399995,-27.058253933999936],[-68.45082317499998,-27.095489460999943],[-68.34664044699997,-27.033451140999944],[-68.29392762199996,-27.037982460999956],[-68.31875844199993,-26.981643978999955],[-68.26245546099994,-26.918431599999963],[-68.58809214799999,-26.492428185999984],[-68.55835536599994,-26.287368629999946],[-68.38143282599998,-26.177834019999977],[-68.47733902599998,-25.701639703999945],[-68.54536819799995,-25.63231184899996],[-68.51483196899994,-25.574058857999944],[-68.58988373799997,-25.41442668899998],[-68.52386598899994,-25.378916801999935],[-68.54850250199996,-25.26219018599994],[-68.50522241499993,-25.22254867999993],[-68.50717170199994,-25.168312800999956],[-67.86460073999996,-25.238400143999968],[-66.87926595599998,-25.241731389999927]]]}},{"type":"Feature","properties":{"OBJECTID":438,"Entidad":0,"Objeto":"Provincia","FNA":"Provincia de Tucum\u00e1n","GNA":"Provincia","NAM":"Tucum\u00e1n","SAG":"IGN","FDC":"Geograf\u00eda","IN1":"90","SHAPE_STAr":2.05338789856,"SHAPE_STLe":8.40337286742,"shapeName":"Tucum\u00e1n","shapeISO":"AR-T","shapeGroup":"ARG","shapeType":"ADM1"},"geometry":{"type":"Polygon","coordinates":[[[-65.27576807199995,-26.17138053599996],[-65.04072531399999,-26.229932996999935],[-65.03950901899998,-26.290333733999944],[-64.97251806399998,-26.274381328999937],[-64.95118208799994,-26.306848083999967],[-64.79041182699996,-26.223718168999937],[-64.66649795099994,-26.24269850099995],[-64.49752310799994,-26.21614505699995],[-64.48198842199997,-26.306837620999943],[-64.53438690899998,-26.410613894999983],[-64.49876362199996,-26.673464965999983],[-64.58751751499994,-26.65811744299998],[-64.61788942499999,-26.80269319699994],[-64.70720071199997,-26.819510167999965],[-64.85406414499994,-27.317308912999977],[-64.97428640999993,-27.350621366999974],[-65.00886790899995,-27.48371254999995],[-64.96811963999994,-27.505365644999983],[-64.96621607099996,-27.55128924099995],[-65.02711523699998,-27.587145179999936],[-64.98602508399995,-27.74164611799995],[-65.02814154299995,-27.75271061099994],[-65.03896808999997,-27.879238447999967],[-65.15907449199995,-27.87720386199993],[-65.17079821899995,-27.946464540999955],[-65.37037781199996,-27.84597006399997],[-65.50731076399995,-27.92907745699995],[-65.57655307899995,-28.013679190999937],[-65.61748724299997,-27.97168839699998],[-65.66626619199997,-27.973235046999946],[-65.70391372599994,-27.808093763999977],[-65.75323549099994,-27.769969593999974],[-65.79927805999995,-27.787220685999955],[-65.83231405999999,-27.851193197999976],[-65.86548656099995,-27.68900843499995],[-65.91539575499996,-27.669139935999965],[-65.96585512799999,-27.54359361799993],[-65.97197386799996,-27.332926132999944],[-66.14082043199994,-27.261054034999972],[-65.85778963499996,-26.92919634499998],[-65.90047450499998,-26.863790089999952],[-65.83016143299994,-26.744222176999983],[-66.04218983799996,-26.60037242599998],[-66.17123985899997,-26.631212371999936],[-66.17766440399998,-26.471669514999974],[-66.15577336299998,-26.397311359999946],[-66.11912966399996,-26.376966967999977],[-66.09975697299996,-26.220485676999942],[-65.71775866999997,-26.352467385999944],[-65.68851522299997,-26.117262024999945],[-65.61363294599994,-26.123472968999977],[-65.54814569899997,-26.087534769999934],[-65.42455616999996,-26.109014875999947],[-65.35915425199994,-26.059437688999935],[-65.29790603099997,-26.081735545999948],[-65.27576807199995,-26.17138053599996]]]}},{"type":"Feature","properties":{"OBJECTID":439,"Entidad":0,"Objeto":"Provincia","FNA":"Provincia de Jujuy","GNA":"Provincia","NAM":"Jujuy","SAG":"IGN","FDC":"Geograf\u00eda","IN1":"38","SHAPE_STAr":4.70083616412,"SHAPE_STLe":13.8947547895,"shapeName":"Jujuy","shapeISO":"AR-Y","shapeGroup":"ARG","shapeType":"ADM1"},"geometry":{"type":"Polygon","coordinates":[[[-65.22661311299998,-22.32015053799995],[-65.26273333099994,-22.338258235999945],[-65.34712391799997,-22.520101417999967],[-65.35069368299997,-22.602261704999933],[-65.27166158299997,-22.648230418999958],[-65.30606135099998,-22.730399675999934],[-65.25168932799994,-22.927957033999974],[-65.18891121499996,-22.998151133999954],[-65.06682963699996,-23.047260988999938],[-65.07169497999996,-23.137652310999954],[-65.04501953199997,-23.15573797099995],[-65.07197455799997,-23.22031834099994],[-65.01011454899998,-23.285114130999943],[-64.94727832099994,-23.269147936999957],[-64.91017718699999,-23.31081230999996],[-64.90666463299993,-23.423791361999974],[-64.86422373999994,-23.484962767999946],[-64.78747552499993,-23.49616118399996],[-64.68253278399993,-23.452432534999957],[-64.53256050699997,-23.52135650599996],[-64.44497461599997,-23.640091724999934],[-64.39676078799994,-23.612133058999973],[-64.35705062499994,-23.517923002999964],[-64.15705693099994,-23.51804197599995],[-64.16184118699994,-24.22106069199998],[-64.28877696599994,-24.40711561699993],[-64.31834031799997,-24.427159655999958],[-64.42165196399998,-24.40220558599998],[-64.49999993699998,-24.50636901699994],[-64.53575587099994,-24.507619171999977],[-64.56013221899997,-24.57722863799995],[-64.64754777199994,-24.613357166999947],[-64.84197568599996,-24.467358727999965],[-64.88547892999998,-24.520844825999973],[-64.88371136199999,-24.57187996999994],[-64.92740747999994,-24.59977254499995],[-65.07967223699995,-24.562184642999966],[-65.19411898599998,-24.45986030499995],[-65.31731183599999,-24.50233763899996],[-65.46428519399996,-24.430577151999955],[-65.54042019299993,-24.451516408999964],[-65.65633148899997,-24.37741999399998],[-65.67083803799994,-24.252932845999965],[-65.72501731899996,-24.18599989699993],[-65.74626835499998,-24.062438553999982],[-65.86736956899995,-24.003330166999945],[-65.94754539499996,-24.007160858999953],[-65.94200957199996,-23.96746266499997],[-65.99257311699995,-23.979954834999944],[-66.02192638499997,-23.861713076999933],[-65.98721932999996,-23.509654375999958],[-66.16374467599996,-23.41543576099997],[-66.23961615799993,-23.49245921599993],[-66.26490586299997,-23.566252910999935],[-66.31112689299994,-23.561375015999943],[-66.36757960499995,-23.69462483199993],[-66.36814076199994,-23.971905405999962],[-66.33944907899996,-23.98434681899994],[-66.36228728699996,-24.08735685399995],[-66.48335545299994,-24.212997677999965],[-66.64627618099996,-24.172513110999944],[-66.74573764899998,-24.08923197699994],[-66.83737151199995,-24.070738560999928],[-66.88064055999996,-23.974390565999954],[-66.94112128899997,-23.984036163999974],[-66.99283618299995,-23.889906818999975],[-67.21304744099996,-23.694916735999982],[-66.99050277799995,-23.000005555999962],[-67.18049999999994,-22.814127777999943],[-67.12774999999993,-22.722113888999957],[-67.01408333299997,-22.654813888999968],[-67.02724999999998,-22.540883332999954],[-66.97294444399995,-22.540658332999953],[-66.92855555599994,-22.49222777799997],[-66.78247222199997,-22.43807499999997],[-66.73927777799997,-22.238458332999983],[-66.34775253299995,-22.128026509999927],[-66.28860427799998,-22.08695494699998],[-66.24110120199998,-21.78889337499993],[-66.07630555599997,-21.83497499999993],[-66.04816666699998,-21.919016666999937],[-65.92477777799996,-21.93354999999997],[-65.74826351099995,-22.109144739999977],[-65.57464464199995,-22.076203663999934],[-65.18656669899997,-22.08534968799995],[-65.24029501299998,-22.27924760299993],[-65.22661311299998,-22.32015053799995]]]}},{"type":"Feature","properties":{"OBJECTID":440,"Entidad":0,"Objeto":"Provincia","FNA":"Provincia del Chaco","GNA":"Provincia","NAM":"Chaco","SAG":"IGN","FDC":"Geograf\u00eda","IN1":"22","SHAPE_STAr":9.02488881377,"SHAPE_STLe":19.2394191953,"shapeName":"Chaco","shapeISO":"AR-H","shapeGroup":"ARG","shapeType":"ADM1"},"geometry":{"type":"Polygon","coordinates":[[[-62.17492265799996,-24.19734781699998],[-61.95752057599998,-24.23442280699993],[-61.93391140899996,-24.273009099999967],[-61.90783785899998,-24.259432068999956],[-61.90851647699998,-24.306762292999963],[-61.886818783999956,-24.27376836899998],[-61.84800787399996,-24.32198186599993],[-61.71988198499997,-24.336048200999983],[-61.69757315099997,-24.41340656999995],[-61.58448405699994,-24.439993796999943],[-61.59310925199998,-24.484109213999943],[-61.52499622499994,-24.51318235399998],[-61.46105734699995,-24.61088495799993],[-61.38272515899996,-24.612757318999968],[-61.375481272999934,-24.641579388999958],[-61.26224951699999,-24.619970509999973],[-61.20156662699998,-24.65579091099994],[-61.208073845999934,-24.69802644799995],[-61.15739733999993,-24.709721025999954],[-61.142973412999936,-24.808989271999963],[-60.93900523599996,-24.960153205999973],[-60.93195472499997,-25.013125670999955],[-60.82672586999996,-25.033329824999953],[-60.812443662999954,-25.07353495199993],[-60.75445175999994,-25.067629309999973],[-60.765735363999966,-25.090262277999955],[-60.72144681999998,-25.12521023399995],[-60.65794207299996,-25.110997440999938],[-60.66318419099997,-25.162526386999957],[-60.55113449899994,-25.193437236999955],[-60.52964797499993,-25.171783645999938],[-60.419524267999975,-25.317948033999983],[-60.34844367599993,-25.338565917999972],[-60.34508970799993,-25.37734932199993],[-60.31912847199993,-25.364100443999973],[-60.30764044399996,-25.391665282999952],[-60.335910438999974,-25.39292008999996],[-60.28126362599994,-25.46670389899998],[-60.22826188899995,-25.480144202999952],[-60.23989262799995,-25.557716484999958],[-60.189202345999945,-25.64812284599998],[-60.040207271999975,-25.68382806099993],[-60.01266842299998,-25.735539864999964],[-59.98049206899998,-25.72190698299994],[-59.967627008999955,-25.771941096999967],[-59.87669768099994,-25.801151380999954],[-59.87721284299994,-25.845089603999952],[-59.75345839299996,-25.920720839999944],[-59.72509392899997,-25.999757561999957],[-59.671167828999955,-26.003304008999976],[-59.66045641399995,-26.14340154699994],[-59.60586074599996,-26.114628912999933],[-59.567181526999946,-26.14890648499994],[-59.43830118699998,-26.14913192199998],[-59.38130715699998,-26.261717061999946],[-59.40328763799994,-26.299483966999958],[-59.35750553699995,-26.33796960099994],[-59.31298819699998,-26.318949626999938],[-59.256365863999974,-26.35163935999998],[-59.14611998999993,-26.29997670599994],[-59.06847527799994,-26.37423278199998],[-58.98571501499998,-26.379998829999977],[-58.84561387399998,-26.519216188999962],[-58.77228430399998,-26.536917462999952],[-58.74437707799996,-26.602646337999943],[-58.68942351299995,-26.594150893999938],[-58.68039189899997,-26.64267618499997],[-58.57218138899998,-26.687516699999946],[-58.566499878999934,-26.73127093599993],[-58.46751430299997,-26.800275303999967],[-58.477745984999956,-26.824545805999946],[-58.39589252799993,-26.83572927199998],[-58.380320574999985,-26.887965289999954],[-58.48413710799997,-26.935353577999933],[-58.47260559099993,-27.003835523999953],[-58.51943338299998,-27.001950989999955],[-58.50230126399998,-27.05603137999998],[-58.55603901099994,-27.035701264999943],[-58.554896869999936,-27.10891252199997],[-58.65220730699997,-27.130556098999932],[-58.66162997299995,-27.18657812899994],[-58.59247907699995,-27.229027633999976],[-58.61648800499995,-27.31863248299993],[-58.78101216599998,-27.38177796599996],[-58.88140232899997,-27.497892072999946],[-58.88274647199995,-27.60852289199994],[-58.818775211999935,-27.681178080999928],[-58.80970753199995,-27.78340708099995],[-58.86529877799995,-28.05665345899996],[-58.892414935999966,-28.045668771999942],[-58.88392236899995,-27.99944444399995],[-61.71125637399996,-27.999420649999934],[-61.71113444599996,-25.65466902199995],[-63.422473701999934,-25.64903445799996],[-62.34173286699996,-24.39247127599998],[-62.33385008699997,-24.086661354999933],[-62.16557039199995,-24.17347248599998],[-62.17492265799996,-24.19734781699998]]]}},{"type":"Feature","properties":{"OBJECTID":441,"Entidad":0,"Objeto":"Provincia","FNA":"Provincia de Formosa","GNA":"Provincia","NAM":"Formosa","SAG":"IGN","FDC":"Geograf\u00eda","IN1":"34","SHAPE_STAr":6.74572052174,"SHAPE_STLe":21.8497108589,"shapeName":"Formosa","shapeISO":"AR-P","shapeGroup":"ARG","shapeType":"ADM1"},"geometry":{"type":"Polygon","coordinates":[[[-62.287070218999986,-22.52265721699996],[-62.234095397999965,-22.54432981399998],[-62.26421040499997,-22.60020901699994],[-62.20720832999996,-22.645761109999967],[-62.18895570999996,-22.622547606999944],[-62.19698655899998,-22.71427686499993],[-61.998988088999965,-22.930509737999955],[-61.997119950999945,-23.01017533399994],[-61.75442400899993,-23.17109278099997],[-61.73489675999997,-23.235754266999948],[-61.67079687199998,-23.28451733999998],[-61.57295354199994,-23.30402956499995],[-61.566557012999965,-23.339380612999946],[-61.51496122499998,-23.352150645999927],[-61.49412175499998,-23.424435504999963],[-61.35206994699996,-23.449954331999947],[-61.24690088299997,-23.54080076799994],[-61.12188972299998,-23.58490435799996],[-60.98680912899994,-23.812866534999955],[-60.93393161599994,-23.800325761999943],[-60.84733900899994,-23.871547687999964],[-60.612821871999984,-23.903818851999972],[-60.58992766199998,-23.958838684999932],[-60.47779444399998,-23.950936110999976],[-60.29506944399998,-24.041430555999966],[-60.03900555599995,-24.011655555999937],[-59.47590833299995,-24.33113888899993],[-59.42127550599997,-24.40887861799996],[-59.37410388099994,-24.421866905999934],[-59.35048772999994,-24.48304879699998],[-59.12780587199995,-24.61795233899994],[-58.972970774999965,-24.662055647999978],[-58.80736116199995,-24.77240874399996],[-58.72699248699996,-24.774331348999965],[-58.67350220299994,-24.831514555999945],[-58.573583876999976,-24.821025891999966],[-58.47370362199996,-24.86090565799998],[-58.33367709999993,-25.000018465999972],[-58.22465257699997,-24.92710583199994],[-58.137159794999945,-25.011676634999958],[-58.09057470799996,-25.008749897999962],[-58.068674148999946,-25.045712445999982],[-58.00574216399997,-25.03506197799993],[-57.97537548299994,-25.086272737999934],[-57.861131848999946,-25.081589958999928],[-57.83701363199998,-25.131425389999947],[-57.75350406899997,-25.176473345999966],[-57.702850102999946,-25.322201055999983],[-57.56060157199994,-25.45271443699994],[-57.572647038999946,-25.556052474999944],[-57.616847905999975,-25.616071998999928],[-57.67498289799994,-25.596998239999948],[-57.67806667899998,-25.661072365999928],[-57.74278497399996,-25.651878416999978],[-57.766649780999956,-25.700130593999972],[-57.72712164699993,-25.715038540999956],[-57.77356466699996,-25.75760738699995],[-57.82654504599998,-25.75444241499997],[-57.79656383699995,-25.824855424999953],[-57.85846874799995,-25.858001472999945],[-57.83676720999995,-25.91559854999997],[-57.895301950999965,-25.960713130999977],[-57.85475593599995,-26.008454636999943],[-58.09092814799993,-26.116279911999982],[-58.11966013999995,-26.186495426999954],[-58.15900928599996,-26.18118684899997],[-58.104226955999934,-26.22989441599998],[-58.16382531499994,-26.264372805999983],[-58.15966601799994,-26.34881749799996],[-58.22172711999997,-26.399495257999945],[-58.18090032799995,-26.457397062999974],[-58.23360300899998,-26.473541704999946],[-58.19129619299997,-26.64634530199993],[-58.26022441899994,-26.645088946999977],[-58.24600475999995,-26.750337265999974],[-58.293346515999986,-26.757761183999946],[-58.28398095799997,-26.79539473899996],[-58.33486335199996,-26.809557290999976],[-58.32527162699995,-26.869673874999933],[-58.477745984999956,-26.824545805999946],[-58.46751430299997,-26.800275303999967],[-58.566499878999934,-26.73127093599993],[-58.57218138899998,-26.687516699999946],[-58.68039189899997,-26.64267618499997],[-58.68942351299995,-26.594150893999938],[-58.74437707799996,-26.602646337999943],[-58.77228430399998,-26.536917462999952],[-58.84561387399998,-26.519216188999962],[-58.98571501499998,-26.379998829999977],[-59.06847527799994,-26.37423278199998],[-59.14611998999993,-26.29997670599994],[-59.256365863999974,-26.35163935999998],[-59.31298819699998,-26.318949626999938],[-59.35750553699995,-26.33796960099994],[-59.40328763799994,-26.299483966999958],[-59.38130715699998,-26.261717061999946],[-59.43830118699998,-26.14913192199998],[-59.567181526999946,-26.14890648499994],[-59.60586074599996,-26.114628912999933],[-59.66045641399995,-26.14340154699994],[-59.671167828999955,-26.003304008999976],[-59.72509392899997,-25.999757561999957],[-59.75345839299996,-25.920720839999944],[-59.87721284299994,-25.845089603999952],[-59.87669768099994,-25.801151380999954],[-59.967627008999955,-25.771941096999967],[-59.98049206899998,-25.72190698299994],[-60.01266842299998,-25.735539864999964],[-60.040207271999975,-25.68382806099993],[-60.189202345999945,-25.64812284599998],[-60.23989262799995,-25.557716484999958],[-60.22826188899995,-25.480144202999952],[-60.28126362599994,-25.46670389899998],[-60.335910438999974,-25.39292008999996],[-60.30764044399996,-25.391665282999952],[-60.31912847199993,-25.364100443999973],[-60.34508970799993,-25.37734932199993],[-60.34844367599993,-25.338565917999972],[-60.419524267999975,-25.317948033999983],[-60.52964797499993,-25.171783645999938],[-60.55113449899994,-25.193437236999955],[-60.66318419099997,-25.162526386999957],[-60.65794207299996,-25.110997440999938],[-60.72144681999998,-25.12521023399995],[-60.765735363999966,-25.090262277999955],[-60.75445175999994,-25.067629309999973],[-60.812443662999954,-25.07353495199993],[-60.82672586999996,-25.033329824999953],[-60.93195472499997,-25.013125670999955],[-60.93900523599996,-24.960153205999973],[-61.142973412999936,-24.808989271999963],[-61.15739733999993,-24.709721025999954],[-61.208073845999934,-24.69802644799995],[-61.20156662699998,-24.65579091099994],[-61.26224951699999,-24.619970509999973],[-61.375481272999934,-24.641579388999958],[-61.38272515899996,-24.612757318999968],[-61.46105734699995,-24.61088495799993],[-61.52499622499994,-24.51318235399998],[-61.59310925199998,-24.484109213999943],[-61.58448405699994,-24.439993796999943],[-61.69757315099997,-24.41340656999995],[-61.71988198499997,-24.336048200999983],[-61.84800787399996,-24.32198186599993],[-61.886818783999956,-24.27376836899998],[-61.90851647699998,-24.306762292999963],[-61.90783785899998,-24.259432068999956],[-61.93391140899996,-24.273009099999967],[-61.96484806999996,-24.23100177699996],[-62.08758238599995,-24.232044213999927],[-62.076428491999934,-24.201301041999955],[-62.137608935999936,-24.21738593999993],[-62.13832177499995,-24.187494567999977],[-62.18224917699996,-24.19364978799996],[-62.16557039199995,-24.17347248599998],[-62.31534062299994,-24.11862279999997],[-62.321527221999986,-24.087451861999966],[-62.34187320299998,-24.107934676999946],[-62.34229970599995,-22.46084008799994],[-62.29036565499996,-22.474434430999963],[-62.287070218999986,-22.52265721699996]]]}},{"type":"Feature","properties":{"OBJECTID":442,"Entidad":0,"Objeto":"Provincia","FNA":"Provincia de Santiago del Estero","GNA":"Provincia","NAM":"Santiago del Estero","SAG":"IGN","FDC":"Geograf\u00eda","IN1":"86","SHAPE_STAr":12.5402243248,"SHAPE_STLe":16.3530914888,"shapeName":"Santiago del Estero","shapeISO":"AR-G","shapeGroup":"ARG","shapeType":"ADM1"},"geometry":{"type":"Polygon","coordinates":[[[-61.71125637399996,-27.999420649999934],[-62.13060252599996,-30.47992768699993],[-62.17379362599996,-30.345314363999933],[-62.52007745499998,-30.341897535999976],[-62.59361800499994,-30.259582673999944],[-62.59680123199996,-30.165742213999977],[-62.556483207999975,-30.06278676499994],[-62.655439667999985,-30.05529213099993],[-62.66236922099995,-29.999255157999983],[-62.79133600499995,-29.96058891699994],[-62.83867568699998,-29.865760766999983],[-62.80700951399996,-29.815858203999937],[-63.45901275099993,-29.757145004999984],[-63.46519934899999,-29.664821918999962],[-63.72367300099995,-29.659162373999948],[-63.76371076899994,-29.617063345999952],[-63.81639113099993,-29.614696194999965],[-63.78498224599997,-29.598932265999963],[-63.81164886499994,-29.579161324999973],[-63.86958873999998,-29.623895190999974],[-63.95863475699997,-29.621300149999968],[-63.977046308999945,-29.555414162999966],[-64.34231148999999,-29.500422581999942],[-64.82462822699995,-29.574304844999972],[-64.82593692999995,-29.473653645999946],[-64.78596949399997,-29.40549701799995],[-64.84229418999996,-29.31274849099998],[-64.82474719999993,-29.273778925999977],[-64.78096511799998,-29.26759232699993],[-64.85449046199994,-29.19739822799994],[-64.90112789699998,-28.84131189599998],[-65.01662655999996,-28.73780534399998],[-65.12717668799996,-28.716152248999947],[-65.13652164899997,-28.64688019199997],[-65.18818569499996,-28.618415889999937],[-65.12556311599997,-28.61152846599998],[-65.09689804699997,-28.471008283999936],[-65.11194813799995,-28.18571091399997],[-65.17822971499999,-27.916016439999964],[-65.15907449199995,-27.87720386199993],[-65.03896808999997,-27.879238447999967],[-65.02814154299995,-27.75271061099994],[-64.98602508399995,-27.74164611799995],[-65.02711523699998,-27.587145179999936],[-64.96621607099996,-27.55128924099995],[-64.96811963999994,-27.505365644999983],[-65.00886790899995,-27.48371254999995],[-64.97428640999993,-27.350621366999974],[-64.85406414499994,-27.317308912999977],[-64.70720071199997,-26.819510167999965],[-64.61788942499999,-26.80269319699994],[-64.58751751499994,-26.65811744299998],[-64.49876362199996,-26.673464965999983],[-64.53438690899998,-26.410613894999983],[-64.48198842199997,-26.306837620999943],[-64.50227936299996,-26.239006288999974],[-64.41219588599995,-26.11349784999993],[-64.26806003899998,-25.700007020999976],[-64.02541450699994,-25.75348540599998],[-64.00774700999995,-25.673357057999965],[-63.47605645799996,-25.709762810999962],[-63.422473701999934,-25.64903445799996],[-61.71113444599996,-25.65466902199995],[-61.71125637399996,-27.999420649999934]]]}},{"type":"Feature","properties":{"OBJECTID":443,"Entidad":0,"Objeto":"Provincia","FNA":"Provincia de Tierra del Fuego, Ant\u00e1rtida e Islas del Atl\u00e1ntico Sur","GNA":"Provincia","NAM":"Tierra del Fuego, Ant\u00e1rtida e Islas del Atl\u00e1ntico Sur","SAG":"IGN","FDC":"Geograf\u00eda","IN1":"94","SHAPE_STAr":566.267611798,"SHAPE_STLe":749.983159084,"shapeName":"Tierra del Fuego, Ant\u00e1rtida e Islas del Atl\u00e1ntico Sur","shapeISO":"AR-V","shapeGroup":"ARG","shapeType":"ADM1"},"geometry":{"type":"MultiPolygon","coordinates":[[[[-68.20150247699996,-53.141958425999974],[-68.26674729799998,-53.01610873299995],[-68.35954627699994,-53.017893328999946],[-68.53815247799997,-53.14440706999994],[-68.54844364699994,-53.247521011999936],[-68.38705670399997,-53.31196871399993],[-68.13707053099995,-53.33133752599997],[-67.99016260899998,-53.584512176999965],[-67.68173692299996,-53.797174334999966],[-67.77533071199997,-53.83573391999994],[-67.68144094199994,-53.806221293999954],[-67.67431823999993,-53.785253884999975],[-67.54567151999998,-53.84044851999994],[-67.57984057999994,-53.86885928399994],[-67.53520189099999,-53.927108489999966],[-67.16438668799998,-54.11979724199995],[-66.73396440099998,-54.26034446799997],[-66.46499763499997,-54.47873028699996],[-65.80278173999994,-54.65190507899996],[-65.55116563599995,-54.64734127299994],[-65.51989951899998,-54.677560427999936],[-65.23487578199996,-54.618825811999955],[-65.25453012999998,-54.663321732999975],[-65.23435230099994,-54.64138310299995],[-65.11675933799995,-54.65822968699996],[-65.19347315999994,-54.69525409999994],[-65.20383928199993,-54.78010567899997],[-65.26386832499998,-54.79590529999996],[-65.23228811799999,-54.82925582599995],[-65.38213705399994,-54.941071456999964],[-65.46828306099997,-54.88859006599995],[-65.51101817999995,-54.93494196599994],[-65.71901162599994,-54.97135723699995],[-65.73911331199997,-54.90985292899995],[-65.98238940599998,-54.90260033199996],[-65.97136050899996,-54.96837348799994],[-66.33408554399995,-54.99649871699995],[-66.37215691999995,-55.03956696199998],[-66.45025083099995,-55.05750809799997],[-66.64883112799998,-55.028183619999936],[-66.76447293299998,-54.960740176999934],[-67.27844650399999,-54.869992483999965],[-67.40950721599995,-54.889408885999956],[-67.45051960599994,-54.86563806999993],[-67.50630606999994,-54.87463243299993],[-67.50575952699995,-54.85349390799996],[-67.70346344999996,-54.88603005099998],[-68.24853292699999,-54.79502756499994],[-68.31520542499999,-54.81080339099998],[-68.26059679499997,-54.84071321599998],[-68.56982721699995,-54.84390788999997],[-68.50100238699997,-54.86690913999996],[-68.60941613499995,-54.893957357999966],[-68.60623199099996,-52.658268464999935],[-68.28767069099996,-52.951427051999985],[-68.20150247699996,-53.141958425999974]]],[[[-58.73747394399999,-51.35015149499998],[-58.738633611999944,-51.314983799999936],[-58.63955998899996,-51.32386896699995],[-58.61899707599997,-51.35825009699994],[-58.562478521999935,-51.36408276999998],[-58.56881854799997,-51.323521092999954],[-58.61764667299997,-51.35046429999994],[-58.63658283099994,-51.31443066899993],[-58.531716864999964,-51.295050913999944],[-58.378312566999966,-51.332050756999934],[-58.331387975999974,-51.37921185899995],[-58.376651412999934,-51.39468875199998],[-58.31508777499994,-51.41666837199995],[-58.35874316999997,-51.43284268699995],[-58.33106372699996,-51.43861432399996],[-58.350949743999934,-51.46217389399993],[-58.370099523999954,-51.43352170299994],[-58.45704028899996,-51.45504041099997],[-58.483907547999934,-51.39832230199994],[-58.51939533099994,-51.419792607999966],[-58.503312566999966,-51.38119550099998],[-58.598976197999946,-51.439486261999946],[-58.52290866699997,-51.42906995199996],[-58.63357684899995,-51.47005124499998],[-58.517629125999974,-51.42878003599998],[-58.541791417999946,-51.44464917499994],[-58.50420520599994,-51.45378155999998],[-58.55994937699995,-51.475628332999975],[-58.514485814999944,-51.47842068999995],[-58.542603948999954,-51.49019284599996],[-58.52983615699998,-51.51195569399994],[-58.49191425199996,-51.46846051699998],[-58.47316501399996,-51.49114651999997],[-58.424741246999986,-51.468899205999946],[-58.42200610899994,-51.53460736699998],[-58.46272800199995,-51.54771085099998],[-58.41750476699997,-51.56312222899999],[-58.40513751799995,-51.52815671299993],[-58.37748358999994,-51.530187797999986],[-58.38587329699993,-51.56488461799995],[-58.32823322099995,-51.567360356999984],[-58.326684453999974,-51.537718251999934],[-58.27563527399997,-51.55588400099998],[-58.26405093999995,-51.594601109999985],[-58.309011415999976,-51.61488940099997],[-58.25222156399997,-51.61443753599997],[-58.28206775499996,-51.62327237599993],[-58.25618738199995,-51.62179935599994],[-58.27954417099994,-51.66166008599998],[-58.240869344999965,-51.65403241499996],[-58.24793029099993,-51.620934224999985],[-58.21849671999996,-51.66017530299996],[-58.22657916899993,-51.63766904299996],[-58.20218123799998,-51.64476492199998],[-58.17283417599998,-51.64351454599995],[-58.21170947899998,-51.641666845999964],[-58.25218341599998,-51.58436627799995],[-58.14666126099996,-51.61181683899997],[-58.26295421399993,-51.553663685999936],[-58.20127776099997,-51.52420833499997],[-58.29791019299995,-51.53063245299995],[-58.29633853699994,-51.48726315799996],[-58.33308551599998,-51.52037854499997],[-58.37848041399997,-51.51269193099995],[-58.351627416999975,-51.48670828199994],[-58.38658283099994,-51.48450513199998],[-58.328958013999966,-51.47572369899996],[-58.28268573599996,-51.39097638599998],[-58.055409887999986,-51.369575932999965],[-58.014735393999956,-51.401767647999975],[-57.943767968999964,-51.36244705599995],[-57.85318897099995,-51.41438336799996],[-57.87094638699995,-51.43248792099996],[-57.83781192599997,-51.47409863799999],[-57.74192950899993,-51.51266141399998],[-57.85929248599996,-51.49729581199995],[-57.843808741999965,-51.47477438399994],[-57.89768359999994,-51.498203709999984],[-57.766370275999975,-51.54089780199996],[-57.95490787299997,-51.54036374499998],[-58.063107945999946,-51.493683293999936],[-58.018090523999945,-51.53521270799996],[-58.11454640699998,-51.51100232599998],[-58.095570205999934,-51.532298501999946],[-58.16493149399997,-51.54752705299995],[-58.10649787999995,-51.58470969999996],[-58.072905839999976,-51.57756774799998],[-58.10862272799994,-51.57234463799995],[-58.08944309399993,-51.56584890199997],[-57.72495982899994,-51.644482091999976],[-57.85887668399994,-51.67534299199997],[-57.97712848499998,-51.65306134699995],[-57.83130057899996,-51.682042545999934],[-57.92097614099998,-51.68710370499997],[-57.71808765199995,-51.683273748999966],[-58.012868383999944,-51.73799176699998],[-57.85765216699997,-51.73899884599996],[-57.881921758999965,-51.746657546999984],[-58.08677814299995,-51.74189992399994],[-58.04697249499998,-51.74976518999995],[-58.091525418999936,-51.75720059499997],[-58.064965703999974,-51.77169080099998],[-58.158116795999945,-51.76506085699998],[-58.15330646199993,-51.73974271199995],[-58.19317450699998,-51.76619537099998],[-58.29832980899994,-51.74739499399993],[-58.20111157699995,-51.777535944999954],[-58.23295352799994,-51.78401608799993],[-58.109133429999986,-51.78843102099995],[-58.239621617999944,-51.789825872999984],[-58.38755939299995,-51.82445187899998],[-58.32097692499997,-51.843565987999966],[-58.281418385999984,-51.80680331499997],[-58.164396411999974,-51.816092254999944],[-58.23590228899997,-51.82849927399997],[-58.214329486999986,-51.84582753299998],[-58.21657893899999,-51.862791493999964],[-58.24790048699998,-51.873884987999986],[-58.22517143799996,-51.84547929399997],[-58.26336178699995,-51.85499713799993],[-58.27430730699996,-51.84970283699994],[-58.39209062699996,-51.90056381599993],[-58.50365588999995,-51.895046667999964],[-58.583707311999945,-51.82820554199998],[-58.511599055999966,-51.89217621599994],[-58.678071476999946,-51.90408368399994],[-58.629346349999935,-51.883877232999964],[-58.718991734999975,-51.87245602999997],[-58.69072864399993,-51.89313931799995],[-58.76411578999995,-51.89888425299995],[-58.85746524599995,-51.85724301699997],[-58.814256170999954,-51.85683102999997],[-58.93261859699999,-51.84130139699994],[-58.95286319499996,-51.78754849799998],[-58.97878978499995,-51.854389623999964],[-59.095738866999966,-51.840031103999934],[-59.11729154999995,-51.87524481299994],[-58.97683093899997,-51.85642667199994],[-58.89283511899998,-51.90210767199994],[-58.760278203999974,-51.93681378699995],[-58.89764926699996,-51.917854741999975],[-58.80509917599994,-51.96722876499996],[-58.76910541399997,-51.956161931999986],[-58.765897251999945,-51.99311871899994],[-58.744615056999976,-51.95338864699994],[-58.624379112999975,-51.966276979999975],[-58.60388324599995,-51.99110455799996],[-58.631524541999966,-52.006000951999965],[-58.58695188199994,-52.01627746599996],[-58.688012578999974,-52.02375455199996],[-58.63586185299994,-52.05114789299995],[-58.66346500199995,-52.054260685999964],[-58.65371755899997,-52.13733460999998],[-58.694022633999964,-52.12324757999994],[-58.674240408999935,-52.09628890799996],[-58.704973147999965,-52.069160987999965],[-58.73915050299996,-52.07865948999995],[-58.73592136199994,-52.050747350999984],[-58.822579839999946,-52.02394147399997],[-58.81393573599996,-52.05639310199996],[-58.89723346399995,-52.03369565299994],[-58.859750249999934,-52.08456082799995],[-58.887025335999965,-52.074638798999956],[-58.928208806999976,-52.11735577999997],[-58.952840305999985,-52.06050916199996],[-58.98867938799998,-52.09752888999998],[-58.98485724899996,-52.045128430999966],[-59.01817462799994,-52.04391141399998],[-59.015550115999986,-52.020302250999976],[-59.05899570299994,-52.04305692099996],[-59.18950110099996,-51.97174974099994],[-59.16822574399998,-52.01208157899998],[-59.259759404999954,-51.994194462999985],[-59.29940936899993,-52.02632184399994],[-59.18640634399998,-52.02760564499994],[-59.23589038499995,-52.053753977999975],[-59.19877079299994,-52.05262373299996],[-59.21082446899993,-52.08018155399998],[-59.135271726999974,-52.03618360199994],[-59.149429519999956,-52.05775341599997],[-59.09896115199996,-52.08015604099995],[-59.17779384499994,-52.10271345299998],[-59.067624799999976,-52.105092912999964],[-59.179505802999984,-52.14456982899998],[-59.02479450199996,-52.14310480299997],[-59.102820924999946,-52.197167846999946],[-59.02310485399994,-52.204546361999974],[-59.05427579299993,-52.24249876399995],[-59.01165149499997,-52.25600476599993],[-59.19978854999994,-52.20327801999997],[-59.22274163299994,-52.22596151099998],[-59.266551806999985,-52.16438830199996],[-59.32556409099993,-52.17947279099997],[-59.290986515999975,-52.14112134399994],[-59.349309423999955,-52.161198094999975],[-59.36725757399995,-52.113909200999956],[-59.37076328099994,-52.14478917499997],[-59.407712437999976,-52.11567349799998],[-59.37970398799996,-52.15707288999994],[-59.45343037599997,-52.12546046299997],[-59.43560614399996,-52.15220403699993],[-59.486871221999934,-52.16579480499996],[-59.398675802999946,-52.17701827399998],[-59.46389529999993,-52.19567914399994],[-59.422738530999936,-52.194145634999984],[-59.46146105799994,-52.224474346999955],[-59.40030890999998,-52.203713549999975],[-59.43397828299999,-52.24386695399994],[-59.37790820899994,-52.20511288999995],[-59.329995836999956,-52.21126833899996],[-59.38781673999995,-52.22637791599993],[-59.34181139799995,-52.25371932699994],[-59.414665328999945,-52.28399109299994],[-59.34802768499998,-52.26787610399998],[-59.38314578799998,-52.31910367399996],[-59.296584576999976,-52.332710556999984],[-59.36407805999994,-52.359372346999976],[-59.42590854499997,-52.331150486999945],[-59.414861180999935,-52.31028409299995],[-59.49770851799997,-52.31189027299996],[-59.47832248399993,-52.27539487299998],[-59.51054122299996,-52.27304637199995],[-59.508583500999976,-52.24283221099995],[-59.58372638499998,-52.25957532399997],[-59.55229709499997,-52.20499081899993],[-59.63065860599994,-52.20974393199998],[-59.61377475599994,-52.18837781299993],[-59.64569232799994,-52.181423619999975],[-59.623422123999944,-52.17401166399998],[-59.735120275999975,-52.12690778199993],[-59.70705554799997,-52.107563451999965],[-59.73155390799997,-52.09712171899997],[-59.60738895199995,-52.122047856999984],[-59.64114902299997,-52.084274723999954],[-59.554299809999975,-52.06687588999995],[-59.65393588899997,-52.00582166099997],[-59.54563672099994,-52.00515348599998],[-59.58826968999995,-51.99990888099995],[-59.647149540999976,-51.962124303999985],[-59.596210473999975,-51.98519369599995],[-59.52636478299996,-51.966019108999944],[-59.61471698599996,-51.95063062099996],[-59.609185674999935,-51.91650052399996],[-59.474683263999964,-51.930065587999934],[-59.537797429999955,-51.88188214599995],[-59.44481036999997,-51.889172033999955],[-59.51516864499996,-51.85731931199996],[-59.497971990999986,-51.83554883299996],[-59.446958043999985,-51.82317776999997],[-59.456126101999985,-51.84714491699998],[-59.41040942999996,-51.812408879999964],[-59.37926951199995,-51.858149923999974],[-59.36144778999994,-51.777634098999954],[-59.32423025799994,-51.81058063299997],[-59.27235800799997,-51.79814794899994],[-59.30606943799995,-51.76060513599998],[-59.26928470399997,-51.74331517699994],[-59.248444424999946,-51.76632265799998],[-59.21058841399997,-51.720914225999934],[-59.22459032799998,-51.76507344099997],[-59.197798810999984,-51.722103955999955],[-59.055970043999935,-51.69047147799995],[-59.06100223399994,-51.74591870599994],[-59.02463290999998,-51.77520795299995],[-59.045354345999954,-51.77323193899997],[-59.07174441999996,-51.78361935999993],[-59.02859747599996,-51.83158536399998],[-58.949174081999956,-51.77415021799993],[-59.00381610599993,-51.77248807299998],[-58.987008550999974,-51.767845586999954],[-59.008660772999974,-51.71123166399997],[-59.04111621699997,-51.70003934299996],[-58.99819705799996,-51.67748685199996],[-59.04831836499994,-51.65379376799996],[-58.97671077499996,-51.67098470199994],[-59.17879627099995,-51.58433576099998],[-59.11326079199995,-51.52867390299997],[-59.12837036999997,-51.49655117999998],[-59.04447937699996,-51.603665466999985],[-59.014484367999955,-51.60225213599995],[-59.049669696999956,-51.575370824999936],[-59.02684161999997,-51.56098599899997],[-59.06530669999995,-51.51968843999998],[-59.04555748599995,-51.50463858699993],[-58.925576665999984,-51.52177090999999],[-58.934304691999955,-51.545277073999955],[-58.83082721499994,-51.51945157499995],[-58.92005298399994,-51.527763799999946],[-58.92423389299995,-51.51995511499996],[-58.94903323899996,-51.516148045999955],[-58.952759974999935,-51.50785080899993],[-59.14403674899995,-51.462112858999944],[-59.10020326099993,-51.41113748599997],[-58.95875308799998,-51.44722791199996],[-59.01976535599994,-51.419155553999985],[-59.00538776099995,-51.385296299999936],[-58.866784551999956,-51.37170071999998],[-58.96740100699998,-51.233822301999965],[-58.74582431599998,-51.31745191099998],[-58.73747394399999,-51.35015149499998]]],[[[-59.29202915999997,-51.431129246999944],[-59.26627232499993,-51.44583871899994],[-59.29190708999994,-51.463783054999965],[-59.267615097999965,-51.46225717599998],[-59.20041539099998,-51.43582895399993],[-59.33450962899997,-51.524146824999946],[-59.331213730999934,-51.49259164899996],[-59.36618687499998,-51.486549167999954],[-59.35385777399995,-51.50754526199995],[-59.48013951199994,-51.52603891499996],[-59.35343052799993,-51.509986667999954],[-59.395788925999966,-51.55673959799998],[-59.33835484399998,-51.528358250999986],[-59.44095494199996,-51.634254246999944],[-59.48093296899998,-51.632301121999944],[-59.43887974599994,-51.58499887499994],[-59.589026230999934,-51.66110971499995],[-59.60452915999997,-51.68534067199994],[-59.54373814499996,-51.64627817199994],[-59.60739781299998,-51.73087289899996],[-59.664282577999984,-51.743629246999944],[-59.62863804699998,-51.754066257999966],[-59.77396275399997,-51.82004526199995],[-59.74698521499994,-51.81424692199994],[-59.83444859399998,-51.89707162899998],[-59.85953404299994,-51.96408823099995],[-60.004309433999936,-52.00583627799995],[-60.017798202999984,-51.96744516499996],[-59.997351425999966,-51.96958139499998],[-60.01749302799993,-51.95963266499996],[-60.075476425999966,-51.961646824999946],[-60.05167271499994,-51.94315317199994],[-60.07919957099995,-51.93534067199994],[-60.101965683999936,-51.96176889499998],[-60.10007359399998,-52.00827768399995],[-60.23905064499996,-52.01676157099996],[-60.17148472699995,-51.96811655099998],[-60.24198033199997,-51.992896824999946],[-60.20963169999993,-51.967811375999986],[-60.29007603599996,-52.01432016499996],[-60.32803990299993,-51.993079929999965],[-60.30911900399997,-51.93283823099995],[-60.328345077999984,-51.959998875999986],[-60.37247349599994,-51.93357065299995],[-60.328345077999984,-51.968910007999966],[-60.35739781299998,-52.00662973499993],[-60.281836288999955,-52.02048471499995],[-60.282507675999966,-52.08200815299995],[-60.24234654299994,-52.018592625999986],[-60.26639439499996,-52.089332371999944],[-60.353552597999965,-52.161048679999965],[-60.380713242999946,-52.153785496999944],[-60.377539413999955,-52.10825326999998],[-60.32791783199997,-52.10135629699994],[-60.40756871099995,-52.091102390999936],[-60.38809849599994,-52.135658054999965],[-60.40866734399998,-52.120033054999965],[-60.450659531999975,-52.114295750999986],[-60.458288925999966,-52.10276010599995],[-60.50162388699994,-52.111671238999975],[-60.40457798899996,-52.12485483299997],[-60.36826207099995,-52.17624643399995],[-60.41635777399995,-52.14432504699994],[-60.466284531999975,-52.17856576999998],[-60.545508163999955,-52.11301401199995],[-60.585974472999965,-52.12607553599997],[-60.55771519599995,-52.137977390999936],[-60.57718540999997,-52.16403940299995],[-60.54471470699997,-52.13651254699994],[-60.48947789099998,-52.177772312999934],[-60.551397780999935,-52.18898530499996],[-60.50424839899995,-52.203834324999946],[-60.65054966799994,-52.25986459799998],[-60.69663121099995,-52.21079233299997],[-60.63193394599995,-52.21463754699994],[-60.631262558999936,-52.20493295799997],[-60.66507603599996,-52.192970066999976],[-60.629309433999936,-52.175391941999976],[-60.672095077999984,-52.192420750999986],[-60.69693638699994,-52.17923715699993],[-60.661413925999966,-52.154334812999934],[-60.70444371099995,-52.17349985199996],[-60.701575058999936,-52.14170053599997],[-60.74393345699997,-52.14798715699993],[-60.71677281299998,-52.129615574999946],[-60.66562535199995,-52.136878757999966],[-60.716101425999966,-52.10288217599998],[-60.74338414099998,-52.12424448099995],[-60.85007359399998,-52.107032566999976],[-60.71951939499996,-52.17624643399995],[-60.79947544999993,-52.18943002799995],[-60.858862656999975,-52.124305515999936],[-60.93302037099994,-52.116493015999936],[-61.02323033199997,-52.04282358299997],[-61.01187779299994,-52.073524265999936],[-61.04819371099995,-52.07218149299996],[-61.042151230999934,-52.01499155099998],[-61.07944371099995,-52.01541879699994],[-61.02408482499993,-52.00760629699994],[-60.97592808599995,-52.04941537899998],[-60.896704452999984,-52.03708627799995],[-60.91751744199996,-52.06778696099997],[-60.882300156999975,-52.07328012499994],[-60.920141952999984,-52.083289890999936],[-60.85654332099995,-52.08518198099995],[-60.81204869199996,-52.060767917999954],[-60.87052037099994,-52.07089975399998],[-60.89627720699997,-52.02841928599997],[-60.745276230999934,-52.01786020399993],[-60.82523228499997,-51.999610691999976],[-60.845007675999966,-51.95371225399998],[-60.70401646499994,-51.96396616099997],[-60.721838730999934,-52.01236703999996],[-60.69034458999994,-51.96988657099996],[-60.683447617999946,-52.04697397299998],[-60.639075058999936,-52.03775766499996],[-60.67673374999998,-52.03256967599998],[-60.64920689499996,-51.96854379699994],[-60.63413121099995,-51.99936655099998],[-60.57736851599998,-51.98691537899998],[-60.60819126999996,-52.02652719599996],[-60.555395859999976,-52.02622201999998],[-60.572119492999946,-51.98935678599997],[-60.536597031999975,-52.00254037899998],[-60.54538609399998,-52.026954441999976],[-60.50345494199996,-52.02310922699996],[-60.51907994199996,-52.00363901199995],[-60.57047154299994,-51.98416879699994],[-60.433081406999975,-51.96262338699995],[-60.39731480499995,-51.92557504699994],[-60.543188827999984,-51.953834324999946],[-60.64505650399997,-51.92478158999995],[-60.499487656999975,-51.93173959799998],[-60.44968296899998,-51.87595346499995],[-60.477183295999964,-51.872027635999984],[-60.44547154299994,-51.85153940299995],[-60.47739292999995,-51.81821420799997],[-60.44913365299993,-51.77829721499995],[-60.37277867199998,-51.76541879699994],[-60.41843296899998,-51.81821420799997],[-60.356726425999966,-51.81491830899995],[-60.41886021499994,-51.86899545799997],[-60.38223912099994,-51.84568002799995],[-60.36429478599996,-51.87693002799995],[-60.32736851599998,-51.864173679999965],[-60.33396031299998,-51.81931283999995],[-60.29202915999997,-51.82962778199993],[-60.328345077999984,-51.80380991099997],[-60.294226425999966,-51.778602390999936],[-60.32449986399996,-51.761207371999944],[-60.26608921899998,-51.74942758599997],[-60.28348423899996,-51.75968149299996],[-60.280737656999975,-51.77188852399996],[-60.21396519599995,-51.79221323099995],[-60.18118931699996,-51.74594858299997],[-60.195349472999965,-51.69986703999996],[-60.288550156999975,-51.72043588699995],[-60.31803013699994,-51.69663217599998],[-60.38236119199996,-51.71732309399994],[-60.35861851599998,-51.75595834799998],[-60.52139927799993,-51.76035287899998],[-60.555823105999934,-51.79355600399998],[-60.538916367999946,-51.806983738999975],[-60.64017369199996,-51.72824838699995],[-60.64896199299994,-51.66733659899995],[-60.520972031999975,-51.71225717599998],[-60.23343541099996,-51.656287937999934],[-60.08646275399997,-51.722266941999976],[-59.973791855999934,-51.74228647299998],[-60.08603550799995,-51.71347787899998],[-60.02475621099995,-51.69907358299997],[-60.09403111399996,-51.69809701999998],[-60.08670689499996,-51.664100437999934],[-60.13455845699997,-51.68332651199995],[-60.25553013699994,-51.62747934399994],[-60.220007675999966,-51.61588266499996],[-60.30502964899995,-51.59775522299998],[-60.265112656999975,-51.568397312999934],[-60.31339146499994,-51.57694223499993],[-60.291245740999955,-51.55553244499998],[-60.32199742199998,-51.536597996999944],[-60.34757115299993,-51.54465463699995],[-60.30252720699997,-51.560889988999975],[-60.33286167999995,-51.58036020399993],[-60.39786412099994,-51.56693246899994],[-60.391028183999936,-51.54483774299996],[-60.490942734999976,-51.54196908999995],[-60.50809361399996,-51.49997690299995],[-60.38181187499998,-51.487220554999965],[-60.454382675999966,-51.43747690299995],[-60.52182652399995,-51.45102670799997],[-60.65067173899996,-51.41403940299995],[-60.63053013699994,-51.376563816999976],[-60.66452671899998,-51.36069467599998],[-60.61038853499997,-51.35947397299998],[-60.66440464899995,-51.340003757999966],[-60.48752476599998,-51.38712289899996],[-60.24509312499998,-51.49405649299996],[-60.130041855999934,-51.50644662899998],[-59.98294712899997,-51.47458627799995],[-60.099646347999965,-51.437843113999975],[-60.009985702999984,-51.38083627799995],[-59.98325230499995,-51.38852670799997],[-60.019934433999936,-51.403053074999946],[-60.002539413999955,-51.42111948099995],[-59.886572617999946,-51.38217905099998],[-59.86032749999998,-51.39072397299998],[-59.90848423899996,-51.402381687999934],[-59.89627720699997,-51.423866062999934],[-59.890661972999965,-51.41074350399998],[-59.81992222699995,-51.395240574999946],[-59.875586288999955,-51.41385629699994],[-59.73007847699995,-51.42154672699996],[-59.842505234999976,-51.44376352399996],[-59.81650425799995,-51.455421238999975],[-59.63437535199995,-51.43704965699993],[-59.62729527399995,-51.46884897299998],[-59.61942173899996,-51.43564584799998],[-59.48917271499994,-51.39591196099997],[-59.483862656999975,-51.41538217599998],[-59.60147740299993,-51.44254282099996],[-59.52042271499994,-51.480811863999975],[-59.542273300999966,-51.44528940299995],[-59.46604039099998,-51.463905125999986],[-59.38577916099996,-51.43881967599998],[-59.47617222699995,-51.403602390999936],[-59.43570591799994,-51.38840463699995],[-59.452978867999946,-51.35501840699993],[-59.397742050999966,-51.367530613999975],[-59.41733433599995,-51.342139988999975],[-59.19412876999996,-51.40006235199996],[-59.29202915999997,-51.431129246999944]]],[[[-64.13851058099993,-54.77040819999996],[-64.14950368999996,-54.73033807699994],[-64.10843000599994,-54.76433143799994],[-64.04727785799997,-54.730364631999976],[-64.04257842199996,-54.77813231099998],[-63.98987336099998,-54.73565893199998],[-63.876313584999934,-54.71680170399998],[-63.85483894899994,-54.73173282199997],[-63.878752531999965,-54.75522999899994],[-63.79588780299997,-54.727152358999945],[-63.84567802399994,-54.78919680499996],[-63.95340812099994,-54.813348333999954],[-63.954895283999974,-54.76682987199996],[-64.03448825499999,-54.807994546999964],[-64.06119770499998,-54.77973844799993],[-64.10985768199998,-54.83327631999998],[-64.20057463299997,-54.82839842499993],[-64.22076435999998,-54.85767769299997],[-64.23467944799995,-54.78196324399994],[-64.48460364099998,-54.87463820399995],[-64.48593613899993,-54.84765511599994],[-64.44434316099995,-54.83894628899998],[-64.46613902299998,-54.82343220299998],[-64.60614650899998,-54.91084884099996],[-64.70423922799995,-54.915462041999945],[-64.64387230199998,-54.88914520299994],[-64.68365659799997,-54.86108044599996],[-64.66438296399997,-54.85055133099996],[-64.75656804199997,-54.836491095999975],[-64.70882653599995,-54.789606195999966],[-64.67501915399998,-54.800799180999945],[-64.68712585199995,-54.78058327999997],[-64.58650360099995,-54.82081005099997],[-64.51141970899994,-54.79805753699998],[-64.54463698499995,-54.72524602999994],[-64.41243413199999,-54.78273380799993],[-64.42152367299997,-54.75489411399997],[-64.39139969599995,-54.749135818999946],[-64.36736713999994,-54.81090662699995],[-64.37574284299995,-54.75146769099996],[-64.33848048399994,-54.702879096999936],[-64.32924817499998,-54.73390726799994],[-64.21631895499996,-54.73385967899998],[-64.13851058099993,-54.77040819999996]]],[[[-60.89818967299993,-51.88364307099994],[-60.87188424499993,-51.89014206099995],[-60.91557397299994,-51.896157838999954],[-60.870930570999974,-51.917173005999985],[-60.97597398199997,-51.98430977099997],[-61.057721036999965,-51.966447450999965],[-61.04139031799997,-51.95214996599998],[-61.07431496999993,-51.94124946799997],[-61.03866070699996,-51.92530583399997],[-61.137444476999974,-51.90416592299994],[-61.13405694399995,-51.859262086999934],[-61.094495205999976,-51.84747526399997],[-61.16574181899995,-51.84783706899998],[-61.10270394699995,-51.80914077999995],[-61.11764411199994,-51.83685315599996],[-61.03816146599996,-51.84515528999998],[-61.063562212999955,-51.825405762999935],[-61.03347067899995,-51.81525954699998],[-61.03875817699998,-51.784360505999985],[-60.979573148999975,-51.77831039599994],[-60.988736811999956,-51.80544427099994],[-60.93365228899995,-51.81305854599998],[-61.05220028599996,-51.889234804999944],[-60.95423211499997,-51.865537263999954],[-60.91853417799996,-51.831426240999974],[-60.90330551399995,-51.85723105399995],[-60.875474467999936,-51.80544427099994],[-60.915687358999946,-51.77938917299997],[-60.85658349399995,-51.78854904399998],[-60.89818967299993,-51.88364307099994]]],[[[-60.08563232399996,-51.304260253999985],[-60.04473876999998,-51.33789062499994],[-60.10766601599994,-51.37890624999994],[-60.12109374999994,-51.39617919899996],[-60.10998535199997,-51.403686522999976],[-60.19750976599994,-51.39666747999996],[-60.27758789099994,-51.409057616999974],[-60.31555175799997,-51.388610839999956],[-60.27398681599993,-51.39599609399994],[-60.284423827999944,-51.36956787099996],[-60.237670897999976,-51.339782714999956],[-60.17620849599996,-51.39685058599997],[-60.12164306599993,-51.363952636999954],[-60.325561522999976,-51.26263427699996],[-60.23406982399996,-51.30633544899996],[-60.08563232399996,-51.304260253999985]]],[[[-59.58773174199996,-51.311368958999935],[-59.49875140199998,-51.27395714599999],[-59.42340948499998,-51.33510770699996],[-59.47783454199998,-51.30331479999995],[-59.46145087699995,-51.35106125599998],[-59.58629260199996,-51.34374427499995],[-59.61951594899995,-51.305056021999974],[-59.83790831699997,-51.26432152199993],[-59.60342688199995,-51.26285383299995],[-59.58773174199996,-51.311368958999935]]],[[[-58.471726315999945,-52.027192689999936],[-58.42382516299995,-52.02696762299996],[-58.44223679899994,-52.05011139099997],[-58.41465028799996,-52.097779242999934],[-58.458551342999954,-52.09962332499998],[-58.44603737799997,-52.07570767699997],[-58.55465977299997,-52.02746410499998],[-58.42326440199997,-51.988202668999975],[-58.40378655799998,-52.014436341999954],[-58.471726315999945,-52.027192689999936]]],[[[-59.69742669499993,-52.16828308299995],[-59.67012872099997,-52.22215423799997],[-59.74330605899996,-52.29542694299994],[-59.74163140699994,-52.19134674299994],[-59.80823725399995,-52.168590405999964],[-59.69742669499993,-52.16828308299995]]],[[[-59.94883944999998,-51.315657200999965],[-59.928774731999965,-51.35591087499995],[-60.04455326899995,-51.30554449199997],[-59.956898587999945,-51.28448257699995],[-59.898728269999935,-51.31265030099996],[-59.94883944999998,-51.315657200999965]]],[[[-61.253537076999976,-51.83175430499995],[-61.22930611999993,-51.842019654999945],[-61.26468085099998,-51.86150743699994],[-61.204644101999975,-51.84984741399995],[-61.23287667699998,-51.87667617999995],[-61.34745667399994,-51.83337898999997],[-61.29753136399995,-51.83072604399996],[-61.307011502999956,-51.80034790299993],[-61.261921781999945,-51.830636598999945],[-61.23324288699996,-51.79544220199995],[-61.195618527999954,-51.821597673999975],[-61.253537076999976,-51.83175430499995]]],[[[-59.816814792999935,-52.36068449199996],[-59.751139835999936,-52.30872473299996],[-59.68689050099994,-52.30697021699996],[-59.76002969199993,-52.383267976999946],[-59.816814792999935,-52.36068449199996]]],[[[-67.40792083699995,-54.90003585799997],[-67.53614044199998,-54.901924132999966],[-67.50708007799994,-54.87735748299997],[-67.40792083699995,-54.90003585799997]]],[[[-58.83544882799998,-52.21069821899994],[-59.00448573799997,-52.24724673999998],[-58.99015511899995,-52.222725244999936],[-58.856579678999935,-52.214195581999945],[-58.86188939899995,-52.17871826299995],[-58.82617806899998,-52.13307870899996],[-58.850338833999956,-52.170486779999976],[-58.83544882799998,-52.21069821899994]]],[[[-61.29296565599998,-51.70646187699998],[-61.304632907999974,-51.73976609099998],[-61.274897342999964,-51.74401566399996],[-61.29794955799997,-51.763031929999954],[-61.33309054999995,-51.69208618999994],[-61.21181750899996,-51.68985459199996],[-61.29296565599998,-51.70646187699998]]],[[[-59.66032494899997,-51.37062988499997],[-59.83189477299999,-51.35939560199995],[-59.750094659999945,-51.34821716899995],[-59.78267754899997,-51.32200012399994],[-59.66032494899997,-51.37062988499997]]],[[[-60.50934383699996,-51.30611613499997],[-60.585484246999954,-51.28954965199995],[-60.59051701799996,-51.25087636699993],[-60.52507207899998,-51.28504389799997],[-60.50934383699996,-51.30611613499997]]],[[[-60.950634854999976,-51.996789552999985],[-60.871186154999975,-51.96705017299996],[-60.85279118599993,-52.01387542699996],[-60.950634854999976,-51.996789552999985]]],[[[-61.046503761999986,-51.08169347099994],[-61.12654371799994,-51.071597398999984],[-61.117245588999936,-51.02466692199994],[-61.091280677999976,-51.03447133399993],[-61.046503761999986,-51.08169347099994]]],[[[-59.630520718999946,-51.79778061099995],[-59.535382169999934,-51.75654754899995],[-59.56194748599995,-51.80683615399994],[-59.630520718999946,-51.79778061099995]]],[[[-60.70613783899995,-51.38042726899994],[-60.71627046399993,-51.334695275999934],[-60.68354422899995,-51.353982171999974],[-60.70613783899995,-51.38042726899994]]],[[[-59.66595162799996,-51.97322616799994],[-59.69669808799995,-51.99214325199995],[-59.72416772299994,-51.97479400799995],[-59.69193336699993,-51.935942023999985],[-59.70109429199994,-51.95985560699995],[-59.66595162799996,-51.97322616799994]]],[[[-59.74399131299998,-52.38336806199993],[-59.65593041799997,-52.35120926099995],[-59.698269968999966,-52.39669304399996],[-59.74399131299998,-52.38336806199993]]],[[[-59.15254506399998,-52.43757443199996],[-59.104462926999986,-52.422236228999964],[-59.036434493999934,-52.43213289499994],[-59.15254506399998,-52.43757443199996]]],[[[-59.723233121999954,-51.42368087999995],[-59.74006738099996,-51.406655884999964],[-59.713635343999954,-51.390107728999965],[-59.68348206899998,-51.40646324399995],[-59.723233121999954,-51.42368087999995]]],[[[-61.16662498199997,-51.05542357199994],[-61.23067156199994,-51.03692482599996],[-61.253509881999946,-51.012769943999956],[-61.205684100999974,-51.038246665999964],[-61.16662498199997,-51.05542357199994]]],[[[-60.683686154999975,-51.676084138999954],[-60.69755257999998,-51.60435257199998],[-60.65704812399997,-51.66007003999994],[-60.683686154999975,-51.676084138999954]]],[[[-60.73166454799997,-51.58733197899994],[-60.81026256999996,-51.56732961299997],[-60.76242054399995,-51.570907799999986],[-60.73166454799997,-51.58733197899994]]],[[[-59.67564788699997,-51.33525804799996],[-59.633476379999934,-51.34879623699993],[-59.649623850999944,-51.35850470699995],[-59.651470303999986,-51.34453529299998],[-59.702648076999935,-51.351413398999966],[-59.715759323999976,-51.33517047099997],[-59.67564788699997,-51.33525804799996]]],[[[-59.718155759999945,-52.044404603999965],[-59.72825326299994,-52.090539552999985],[-59.749089710999954,-52.079038922999985],[-59.718155759999945,-52.044404603999965]]],[[[-59.590134519999935,-51.37160263299995],[-59.66835107199995,-51.384709932999954],[-59.644368070999974,-51.36881027399994],[-59.590134519999935,-51.37160263299995]]],[[[-58.44973222699997,-51.92559533499997],[-58.472731573999965,-51.91338010199996],[-58.39594171799996,-51.90359540399999],[-58.40154550799997,-51.92252202399993],[-58.44973222699997,-51.92559533499997]]],[[[-59.64260186599995,-51.42032394599994],[-59.602555173999974,-51.40515670999997],[-59.59228219399995,-51.426124192999964],[-59.64260186599995,-51.42032394599994]]],[[[-61.216706174999956,-51.90978584499993],[-61.17063989099995,-51.87531433299995],[-61.19569100799998,-51.90529785399997],[-61.216706174999956,-51.90978584499993]]],[[[-59.888631860999965,-51.25806335599998],[-59.88606919699998,-51.23845195599995],[-59.85038215999998,-51.254007712999964],[-59.888631860999965,-51.25806335599998]]],[[[-60.46998299999996,-51.85151825199995],[-60.49579902199997,-51.85701690299993],[-60.499398129999975,-51.82499084699998],[-60.47453774799993,-51.830232957999954],[-60.46998299999996,-51.85151825199995]]],[[[-64.16240748799999,-54.650659419999954],[-64.14027850099995,-54.645900497999946],[-64.10910756199996,-54.65119479899994],[-64.16240748799999,-54.650659419999954]]],[[[-60.94094014099994,-51.21504709699997],[-60.84454947299997,-51.19442672599996],[-60.886067191999985,-51.210019477999936],[-60.94094014099994,-51.21504709699997]]],[[[-60.860783062999985,-51.12188031499994],[-60.92078062199994,-51.08757474199996],[-60.90104337799994,-51.08846356699996],[-60.860783062999985,-51.12188031499994]]],[[[-58.61544311299997,-52.15023836499995],[-58.624653714999965,-52.11267242599996],[-58.60060516499993,-52.13430396899997],[-58.61544311299997,-52.15023836499995]]],[[[-60.44334235599996,-51.15106029499998],[-60.39555945799998,-51.142683218999935],[-60.37509360699994,-51.14677257499994],[-60.44334235599996,-51.15106029499998]]],[[[-61.15909757199995,-51.90844895199996],[-61.193094120999945,-51.90844895199996],[-61.146744626999975,-51.895742036999934],[-61.15909757199995,-51.90844895199996]]],[[[-60.85568276099997,-51.16959038599998],[-60.89433723099995,-51.171875323999984],[-60.82944895899993,-51.16046948999997],[-60.85568276099997,-51.16959038599998]]],[[[-58.43125498499995,-51.98473593999995],[-58.49909556099993,-51.97611853899997],[-58.49039042199996,-51.97118613599997],[-58.43945658399997,-51.97713324899996],[-58.43125498499995,-51.98473593999995]]],[[[-58.039639712999985,-51.56377038699998],[-58.09526562899998,-51.55325708199996],[-58.057599307999965,-51.552639100999954],[-58.039639712999985,-51.56377038699998]]],[[[-60.41851510399994,-51.62810287699995],[-60.46159829499999,-51.60718689199996],[-60.43280495999994,-51.60648498699993],[-60.41851510399994,-51.62810287699995]]],[[[-59.621888662999936,-51.76825032199997],[-59.633725667999954,-51.783337449999976],[-59.666188741999974,-51.79500279399997],[-59.621888662999936,-51.76825032199997]]],[[[-59.62292184299997,-51.86977539299994],[-59.589384991999964,-51.860651529999984],[-59.60756387099997,-51.87829742599996],[-59.62292184299997,-51.86977539299994]]],[[[-61.18788624999996,-51.86418614399997],[-61.206183445999955,-51.86624607999994],[-61.16768361399994,-51.854916429999946],[-61.18788624999996,-51.86418614399997]]],[[[-59.82411660599996,-51.371125795999944],[-59.87105264099995,-51.375493623999944],[-59.83761681899995,-51.36606750699997],[-59.82411660599996,-51.371125795999944]]],[[[-59.75418828199997,-51.38810316699994],[-59.67736445199995,-51.37560965999995],[-59.67778011499996,-51.38671043099998],[-59.75418828199997,-51.38810316699994]]],[[[-60.36987304699994,-51.371887206999986],[-60.41265869099993,-51.35748290999993],[-60.382751464999956,-51.36010742199994],[-60.36987304699994,-51.371887206999986]]],[[[-61.06951987699995,-51.78063401899993],[-61.03561219299996,-51.778020982999976],[-61.06680381299998,-51.794843765999985],[-61.06951987699995,-51.78063401899993]]],[[[-60.71472167999997,-51.47760009799998],[-60.72467040999999,-51.46417236299993],[-60.69746255599995,-51.47263193499998],[-60.71472167999997,-51.47760009799998]]],[[[-60.46190156299997,-52.21028862199995],[-60.41458787299996,-52.199992753999936],[-60.45229043399996,-52.22192917099994],[-60.46190156299997,-52.21028862199995]]],[[[-58.371392998999966,-52.007162240999946],[-58.38485993699999,-51.99625740199997],[-58.35487260199994,-51.99570808499993],[-58.371392998999966,-52.007162240999946]]],[[[-60.491143352999984,-51.569675538999945],[-60.50685227699995,-51.55557641799993],[-60.48841202999995,-51.548359009999956],[-60.48187745299998,-51.55242166299996],[-60.491143352999984,-51.569675538999945]]],[[[-58.73469375899998,-52.13107834099998],[-58.73292373899994,-52.127215958999955],[-58.70951675699996,-52.12762603999994],[-58.716879122999956,-52.13938675099996],[-58.73469375899998,-52.13107834099998]]],[[[-67.44607543899997,-54.87585067699996],[-67.46958160399998,-54.88030242899998],[-67.46993255599995,-54.869396209999934],[-67.45716857899998,-54.87117767299998],[-67.44607543899997,-54.87585067699996]]],[[[-59.55848016199997,-52.261941529999945],[-59.529835599999956,-52.273805238999955],[-59.55036248599998,-52.27052459899994],[-59.55848016199997,-52.261941529999945]]],[[[-58.22606574399998,-51.80523940299997],[-58.20710479199994,-51.802290641999946],[-58.17391883299996,-51.80642958899995],[-58.22606574399998,-51.80523940299997]]],[[[-59.17786617699994,-52.89216906399997],[-59.178129110999976,-52.90111104899995],[-59.191571608999936,-52.91902911899996],[-59.17786617699994,-52.89216906399997]]],[[[-60.85526919999995,-51.56368132799997],[-60.886862521999944,-51.556086265999966],[-60.868815189999964,-51.55826064299998],[-60.85526919999995,-51.56368132799997]]],[[[-61.16381158299998,-51.79390487899997],[-61.14875115799998,-51.78479156699996],[-61.13902749399995,-51.79685363999994],[-61.16381158299998,-51.79390487899997]]],[[[-59.936581289999936,-51.215411862999986],[-59.91759597699996,-51.20843455099998],[-59.89940340499999,-51.224461781999935],[-59.936581289999936,-51.215411862999986]]],[[[-64.25655681199999,-54.68744588699997],[-64.27169018399997,-54.67926054099996],[-64.24746727099995,-54.67607206399998],[-64.25655681199999,-54.68744588699997]]],[[[-59.01564265099995,-52.146558193999965],[-58.98768398499993,-52.13698086299996],[-59.00059255999997,-52.149235086999965],[-59.01564265099995,-52.146558193999965]]],[[[-60.361714261999964,-51.63726196499994],[-60.346783536999965,-51.63049850699997],[-60.34280480799998,-51.642274476999944],[-60.361714261999964,-51.63726196499994]]],[[[-59.50461557799997,-51.73280260599995],[-59.52777963999995,-51.750482200999954],[-59.51591852599995,-51.73122332199995],[-59.50461557799997,-51.73280260599995]]],[[[-59.66757868099995,-52.02771802399997],[-59.68525598799994,-52.028259709999986],[-59.66615642099998,-52.01883538699997],[-59.66757868099995,-52.02771802399997]]],[[[-58.506979925999985,-51.90798230499996],[-58.532393438999975,-51.90367932799995],[-58.51949976199995,-51.903553442999964],[-58.506979925999985,-51.90798230499996]]],[[[-58.49444637299996,-51.95346698099996],[-58.45158538299995,-51.95183206499996],[-58.47050209799994,-51.96236117999996],[-58.49444637299996,-51.95346698099996]]],[[[-60.10530538699999,-51.42732629799997],[-60.15578150099998,-51.41316293699998],[-60.12502632999997,-51.41417582799994],[-60.10530538699999,-51.42732629799997]]],[[[-59.68692101899995,-51.89738998599995],[-59.667710202999956,-51.885030366999956],[-59.667668240999944,-51.897855378999964],[-59.68692101899995,-51.89738998599995]]],[[[-59.63895119999995,-51.930436708999935],[-59.65813149799993,-51.92299041999996],[-59.65131046499994,-51.91549810599997],[-59.63895119999995,-51.930436708999935]]],[[[-58.709810836999964,-51.923628313999984],[-58.71135748699999,-51.93629894299994],[-58.727495948999945,-51.92305866799995],[-58.718376896999985,-51.928803640999945],[-58.709810836999964,-51.923628313999984]]],[[[-60.228494000999945,-51.76055563699998],[-60.221534076999944,-51.75710541899997],[-60.21433620799996,-51.77953183899996],[-60.228494000999945,-51.76055563699998]]],[[[-61.00504648699996,-52.01205659799996],[-60.995885561999955,-52.00462078199996],[-60.98856871899994,-52.01735089799996],[-60.99808656399995,-52.02431082199996],[-61.00504648699996,-52.01205659799996]]],[[[-58.047231790999945,-51.78860112799998],[-58.08730900099994,-51.788131920999945],[-58.072014223999986,-51.78671593499996],[-58.047231790999945,-51.78860112799998]]],[[[-60.94002712699995,-52.16910611299994],[-60.923967250999965,-52.16188870499997],[-60.90961254599995,-52.17063580599995],[-60.94002712699995,-52.16910611299994]]],[[[-59.64527978299998,-51.99419937299996],[-59.66372765899996,-51.99830017299996],[-59.65655984299997,-51.98837433099993],[-59.64527978299998,-51.99419937299996]]],[[[-59.66764633599996,-51.391606639999964],[-59.64282693299998,-51.38874206799994],[-59.67480851299996,-51.40468177799994],[-59.66764633599996,-51.391606639999964]]],[[[-60.52367814999997,-51.488269181999954],[-60.51358064599998,-51.490878434999956],[-60.527477587999954,-51.50048002799997],[-60.52367814999997,-51.488269181999954]]],[[[-59.85590829299997,-51.349744416999954],[-59.836930173999974,-51.343671418999975],[-59.837118465999936,-51.35638338699994],[-59.85590829299997,-51.349744416999954]]],[[[-59.90650326799994,-51.37402266099997],[-59.88387106299996,-51.36977676499998],[-59.89682996399995,-51.378551167999944],[-59.90650326799994,-51.37402266099997]]],[[[-61.110287564999965,-51.78026352099994],[-61.09264458999996,-51.78655395699997],[-61.10254372999998,-51.793496705999985],[-61.110287564999965,-51.78026352099994]]],[[[-60.78035258899996,-52.13996933899995],[-60.767994778999935,-52.135244575999934],[-60.763237851999975,-52.146782127999984],[-60.77404107499996,-52.14551946299997],[-60.78035258899996,-52.13996933899995]]],[[[-58.384827868999935,-52.006332982999936],[-58.35081888099995,-52.01740369099997],[-58.38045991299998,-52.01168235899996],[-58.384827868999935,-52.006332982999936]]],[[[-59.32692803799995,-52.25186691499994],[-59.31941212999993,-52.23802528599998],[-59.310909735999985,-52.244405505999964],[-59.31616471799998,-52.25246640599994],[-59.32692803799995,-52.25186691499994]]],[[[-58.30393159699997,-51.88557321099995],[-58.30668161699998,-51.87342114799998],[-58.28025595999998,-51.87486563699997],[-58.30393159699997,-51.88557321099995]]],[[[-60.84852624999996,-51.576300232999984],[-60.84574152099998,-51.56598147699998],[-60.831325779999986,-51.57501086599996],[-60.84852624999996,-51.576300232999984]]],[[[-60.95654763599998,-52.02263031199993],[-60.975857633999965,-52.022672273999945],[-60.95047082299993,-52.01613388299995],[-60.95654763599998,-52.02263031199993]]],[[[-60.76155638399996,-51.128395437999984],[-60.73523497299993,-51.12352025499996],[-60.745424028999935,-51.13288915099997],[-60.76155638399996,-51.128395437999984]]],[[[-59.85779338799995,-52.13567215899997],[-59.85833062599994,-52.12581978099996],[-59.84545220799998,-52.13275299299994],[-59.85779338799995,-52.13567215899997]]],[[[-60.50012583199998,-52.234227386999976],[-60.46951075399994,-52.22528524099994],[-60.47491158899999,-52.23160705799995],[-60.50012583199998,-52.234227386999976]]],[[[-59.66209518199997,-51.415708224999946],[-59.642781156999945,-51.40994415499995],[-59.655678647999935,-51.42260894999998],[-59.66209518199997,-51.415708224999946]]],[[[-61.227244144999986,-51.663227174999975],[-61.237055545999965,-51.65341958799996],[-61.22671771599994,-51.65267953699998],[-61.227244144999986,-51.663227174999975]]],[[[-61.127846843999976,-51.80736014699994],[-61.121087200999966,-51.792807076999964],[-61.107876903999966,-51.79879996599993],[-61.127846843999976,-51.80736014699994]]],[[[-60.47093782099995,-51.341924683999935],[-60.47390068799996,-51.33363031399995],[-60.460939817999986,-51.32897753999998],[-60.455377247999934,-51.33805989499996],[-60.47093782099995,-51.341924683999935]]],[[[-58.25663980899998,-51.87361641999996],[-58.28546617799998,-51.871380285999976],[-58.27686522799996,-51.86891698499994],[-58.25663980899998,-51.87361641999996]]],[[[-61.07315911599994,-51.779775239999935],[-61.08742495699994,-51.783374769999966],[-61.08475198199994,-51.77377472099994],[-61.07315911599994,-51.779775239999935]]],[[[-58.91291155799996,-52.448861319999935],[-58.89367022499994,-52.43882103699997],[-58.897423885999956,-52.450017172999935],[-58.91291155799996,-52.448861319999935]]],[[[-68.26704406699997,-54.86965942399996],[-68.25020599399994,-54.86592102099996],[-68.23287963899998,-54.87037277199994],[-68.26704406699997,-54.86965942399996]]],[[[-59.09157265999994,-52.077783204999946],[-59.09045686099995,-52.071883775999936],[-59.07848061899995,-52.06713638499997],[-59.07886018199997,-52.07894287299996],[-59.09157265999994,-52.077783204999946]]],[[[-61.31165863499996,-51.81747517599996],[-61.32432915299995,-51.81416211099997],[-61.319795383999974,-51.807148789999985],[-61.313306583999974,-51.81200108499996],[-61.31165863499996,-51.81747517599996]]],[[[-59.85665896699999,-52.02127026199997],[-59.85154353499996,-52.03587055799994],[-59.86172111399998,-52.032460269999945],[-59.85665896699999,-52.02127026199997]]],[[[-58.34799396799997,-51.52962574999998],[-58.35749088199998,-51.54139271299994],[-58.363550302999954,-51.536820268999975],[-58.34799396799997,-51.52962574999998]]],[[[-59.20230187799996,-51.58575210799995],[-59.21652688399996,-51.59332428199997],[-59.21387878999997,-51.58407883299998],[-59.20230187799996,-51.58575210799995]]],[[[-58.68546803399994,-51.94155241799996],[-58.67869938399997,-51.93772661999998],[-58.650254562999976,-51.94507719799998],[-58.68546803399994,-51.94155241799996]]],[[[-59.663987058999965,-51.434964753999964],[-59.68088235299996,-51.43699417299996],[-59.669510739999964,-51.42789993499997],[-59.663987058999965,-51.434964753999964]]],[[[-60.68666161899995,-52.18998489599994],[-60.71114434599997,-52.185029603999965],[-60.68861534599995,-52.18693638199994],[-60.68666161899995,-52.18998489599994]]],[[[-59.96488274999996,-51.38021240399996],[-59.97580804199998,-51.378430940999976],[-59.956971066999984,-51.37443313799997],[-59.96488274999996,-51.38021240399996]]],[[[-59.713598918999935,-51.30843113299994],[-59.73309172199998,-51.314619222999966],[-59.72708038899998,-51.306398351999974],[-59.713598918999935,-51.30843113299994]]],[[[-64.24868793399997,-54.703905213999974],[-64.24768856099996,-54.69981254099997],[-64.23917008999996,-54.696195759999966],[-64.23669545099995,-54.70504735499998],[-64.24868793399997,-54.703905213999974]]],[[[-59.27094354099995,-52.203324890999966],[-59.25691308399996,-52.20079193299995],[-59.25915612599994,-52.207200624999984],[-59.27094354099995,-52.203324890999966]]],[[[-59.69421090499998,-52.26944122499998],[-59.674697959999946,-52.265435253999954],[-59.67759789799999,-52.26986084199996],[-59.69421090499998,-52.26944122499998]]],[[[-58.285424585999976,-51.54783794499997],[-58.286099786999955,-51.540292473999955],[-58.27607844399995,-51.53868307099998],[-58.275792474999946,-51.54730388799993],[-58.285424585999976,-51.54783794499997]]],[[[-61.20250035599997,-51.80513308099995],[-61.20247365299997,-51.79742357799995],[-61.19056035299997,-51.80294725999994],[-61.20250035599997,-51.80513308099995]]],[[[-59.63710107199995,-51.87931595099997],[-59.63269891199997,-51.87711105599993],[-59.62817020699998,-51.88462459899995],[-59.63627328299998,-51.88885269399998],[-59.63710107199995,-51.87931595099997]]],[[[-59.77683343299998,-51.39335403699994],[-59.760632413999986,-51.38831863599995],[-59.76385583299998,-51.39440307799998],[-59.77683343299998,-51.39335403699994]]],[[[-60.74313058299998,-52.197204210999985],[-60.75437630999994,-52.20002136399995],[-60.751990974999956,-52.19292039499993],[-60.74313058299998,-52.197204210999985]]],[[[-61.08808209799997,-51.79626534499994],[-61.07803418499998,-51.795769433999965],[-61.084629796999934,-51.80368111599995],[-61.08808209799997,-51.79626534499994]]],[[[-61.05356301699999,-51.79927978699993],[-61.06130303799995,-51.80949936099995],[-61.06903481299997,-51.80939720499998],[-61.05356301699999,-51.79927978699993]]],[[[-61.26520480099998,-51.73897788399995],[-61.258639706999986,-51.73417136499995],[-61.25503958599995,-51.743957970999986],[-61.26520480099998,-51.73897788399995]]],[[[-60.49704506799998,-51.487241403999974],[-60.519643333999966,-51.48462452199993],[-60.51169541199994,-51.482705728999974],[-60.49704506799998,-51.487241403999974]]],[[[-59.76787652399997,-51.84878692799998],[-59.77652444299997,-51.85199127399994],[-59.75693215699994,-51.837094880999985],[-59.75945696799994,-51.840545083999984],[-59.76787652399997,-51.84878692799998]]],[[[-67.39173889199998,-54.907760619999976],[-67.40097045899995,-54.90205764799998],[-67.37469482399996,-54.90361022899998],[-67.39173889199998,-54.907760619999976]]],[[[-59.65098856199995,-52.027952626999934],[-59.65929315799997,-52.03754849799998],[-59.66808603499999,-52.036938146999944],[-59.65098856199995,-52.027952626999934]]],[[[-67.34916686999998,-54.892787932999966],[-67.33582305899995,-54.89662551899994],[-67.34304046599993,-54.89900970499997],[-67.34916686999998,-54.892787932999966]]],[[[-58.49648653599996,-51.45550527499995],[-58.49174105299994,-51.44934835399994],[-58.48336779199997,-51.45539083399996],[-58.491344323999954,-51.45792760799998],[-58.49648653599996,-51.45550527499995]]],[[[-68.47495269799998,-54.865589141999976],[-68.48640441899994,-54.86656188999996],[-68.48441314699994,-54.860469817999956],[-68.47495269799998,-54.865589141999976]]],[[[-60.75847500599997,-52.19113579899994],[-60.77692689299994,-52.19292030499997],[-60.76869668399996,-52.189111329999946],[-60.75847500599997,-52.19113579899994]]],[[[-64.16190839199999,-54.851300736999974],[-64.15060595199998,-54.84636335599998],[-64.16303863599995,-54.855821712999955],[-64.16190839199999,-54.851300736999974]]],[[[-59.63350762699997,-51.344792939999934],[-59.62578286499996,-51.33758316299998],[-59.61998452599994,-51.34390030099996],[-59.626820462999945,-51.34813842999995],[-59.63350762699997,-51.344792939999934]]],[[[-59.755341370999986,-51.40501490299994],[-59.759053638999944,-51.39524654799993],[-59.751243958999964,-51.39517724999996],[-59.755341370999986,-51.40501490299994]]],[[[-60.976002591999986,-51.852647401999945],[-60.98516549499993,-51.862683870999945],[-60.986756223999976,-51.858083345999944],[-60.976002591999986,-51.852647401999945]]],[[[-59.19350304699998,-51.58697507399995],[-59.19394107399995,-51.58122242099995],[-59.18475785299995,-51.58676908099994],[-59.19350304699998,-51.58697507399995]]],[[[-59.76736535499998,-51.37594757299996],[-59.753773587999945,-51.37451324699998],[-59.76183845299994,-51.378378374999954],[-59.76736535499998,-51.37594757299996]]],[[[-59.88952531199993,-51.380126572999984],[-59.87455453299998,-51.37455520799995],[-59.87341393799994,-51.38127670499995],[-59.88952531199993,-51.380126572999984]]],[[[-59.71837701199996,-51.43000564799996],[-59.709370183999965,-51.429332993999935],[-59.711827176999975,-51.43863830799995],[-59.715363400999934,-51.43819198799997],[-59.71837701199996,-51.43000564799996]]],[[[-61.235692031999974,-51.67139229299994],[-61.246730335999985,-51.66917547699995],[-61.240485675999935,-51.66610273899994],[-61.235692031999974,-51.67139229299994]]],[[[-59.86035888299995,-51.341471396999964],[-59.85555352599994,-51.33619842699994],[-59.84565438599998,-51.336736299999984],[-59.86035888299995,-51.341471396999964]]],[[[-58.554202062999934,-51.897278265999944],[-58.53678796999998,-51.90013165899995],[-58.549036962999935,-51.899750187999985],[-58.554202062999934,-51.897278265999944]]],[[[-59.87831623899996,-52.13049683199995],[-59.87563934499997,-52.128712235999956],[-59.86764535599997,-52.135523854999974],[-59.87831623899996,-52.13049683199995]]],[[[-59.010655301999975,-52.08166275199994],[-59.00097932199998,-52.081075288999955],[-59.005169766999984,-52.08750305399997],[-59.010655301999975,-52.08166275199994]]],[[[-58.75686349299997,-51.94641647599997],[-58.783104794999986,-51.947465516999955],[-58.76690759099995,-51.945298768999976],[-58.75686349299997,-51.94641647599997]]],[[[-60.475317734999976,-52.185584812999934],[-60.48453404299994,-52.18338754699994],[-60.47904087899997,-52.17942026199995],[-60.475317734999976,-52.185584812999934]]],[[[-58.92820443499994,-51.859159089999935],[-58.942208188999984,-51.85511360399994],[-58.93311776499996,-51.85317001599998],[-58.92820443499994,-51.859159089999935]]],[[[-58.516714896999986,-51.89889819399997],[-58.534369451999964,-51.89966244999994],[-58.52788446699998,-51.89785809899996],[-58.516714896999986,-51.89889819399997]]],[[[-58.482261188999985,-51.982202263999966],[-58.50031996599995,-51.981809349999935],[-58.49140120399994,-51.97966167599998],[-58.482261188999985,-51.982202263999966]]],[[[-58.91884316799997,-51.87205276699996],[-58.94453515399994,-51.86030349899994],[-58.92712869099995,-51.866574861999936],[-58.91884316799997,-51.87205276699996]]],[[[-59.89809979499995,-51.362315302999946],[-59.89531123399996,-51.36598120999997],[-59.90591970099996,-51.36933820799993],[-59.89809979499995,-51.362315302999946]]],[[[-58.918309110999985,-51.86769638299995],[-58.910351651999974,-51.86776504699998],[-58.89978494099995,-51.87364349599994],[-58.918309110999985,-51.86769638299995]]],[[[-60.19976128999997,-51.40293274099997],[-60.211519055999986,-51.407668151999985],[-60.20724572599994,-51.401467897999964],[-60.19976128999997,-51.40293274099997]]],[[[-59.59833611899995,-52.22802505699997],[-59.58976067899994,-52.22536621299997],[-59.59145440499998,-52.23203811899998],[-59.59833611899995,-52.22802505699997]]],[[[-59.092919248999976,-51.488561250999965],[-59.07653130899996,-51.48287353699993],[-59.059170621999954,-51.48536071999996],[-59.092919248999976,-51.488561250999965]]],[[[-61.10450795699995,-52.00426386299995],[-61.089497464999965,-52.003491975999964],[-61.09656609899997,-52.00805435399997],[-61.10450795699995,-52.00426386299995]]],[[[-58.652576807999935,-51.954334237999944],[-58.66102254799995,-51.955291726999974],[-58.671257380999975,-51.95182035199997],[-58.663421992999986,-51.952907540999945],[-58.652576807999935,-51.954334237999944]]],[[[-58.99647607199995,-52.44247589299994],[-59.00464009499996,-52.44615623399994],[-59.00271310199997,-52.44038925399997],[-58.99647607199995,-52.44247589299994]]],[[[-58.80334233299993,-52.19005809299995],[-58.798825731999955,-52.193960527999934],[-58.80469655099995,-52.19731364699993],[-58.80740498599994,-52.19390330699997],[-58.80334233299993,-52.19005809299995]]],[[[-57.74363996499994,-51.62518780999994],[-57.76054670299993,-51.62286465999995],[-57.744162578999976,-51.622750218999954],[-57.74363996499994,-51.62518780999994]]],[[[-61.21618760399997,-51.87227711699995],[-61.215003139999965,-51.869200562999936],[-61.20301163899995,-51.87137303399993],[-61.20937073999994,-51.87411580099996],[-61.21618760399997,-51.87227711699995]]],[[[-58.59445022799997,-51.97364506699995],[-58.60854553499996,-51.97295460699996],[-58.604284517999986,-51.971634721999976],[-58.59445022799997,-51.97364506699995]]],[[[-59.53810928199994,-51.658848672999966],[-59.54360626099998,-51.66441050199995],[-59.557098844999985,-51.67133799199996],[-59.53810928199994,-51.658848672999966]]],[[[-60.30788566599995,-51.648253540999974],[-60.30196525599996,-51.64527044699997],[-60.300532836999935,-51.65056333999996],[-60.30414726299995,-51.65125379999995],[-60.30788566599995,-51.648253540999974]]],[[[-58.09245895599997,-51.53847048299997],[-58.075582735999944,-51.54307100799997],[-58.08710121399997,-51.54161188699993],[-58.09245895599997,-51.53847048299997]]],[[[-59.77814950399994,-51.44761333699995],[-59.782914060999985,-51.43827972599996],[-59.77591181099996,-51.439659854999945],[-59.77814950399994,-51.44761333699995]]],[[[-61.219952286999956,-51.83551847299998],[-61.21002138999995,-51.83904192499995],[-61.219008816999974,-51.83871004599996],[-61.219952286999956,-51.83551847299998]]],[[[-59.64904870399994,-51.908864595999944],[-59.66279305799998,-51.910483933999956],[-59.65681542799996,-51.90609512499998],[-59.64904870399994,-51.908864595999944]]],[[[-68.23170471199995,-54.85956573499993],[-68.23854064899996,-54.861808776999965],[-68.24250793499994,-54.85825729399994],[-68.23170471199995,-54.85956573499993]]],[[[-58.26099139899998,-51.85589260799998],[-58.246568571999944,-51.85446546299994],[-58.249067165999975,-51.85934282599993],[-58.26099139899998,-51.85589260799998]]],[[[-58.960705437999934,-51.83635771399997],[-58.94873110399993,-51.834805132999975],[-58.95082155799997,-51.839722276999964],[-58.960705437999934,-51.83635771399997]]],[[[-61.13986612399998,-51.816966271999945],[-61.14827753099996,-51.812167382999974],[-61.14312768999997,-51.81032106899994],[-61.13986612399998,-51.816966271999945]]],[[[-58.31475442799996,-51.42451767799997],[-58.30640786999999,-51.42111115299997],[-58.30931848399996,-51.42834381899996],[-58.31475442799996,-51.42451767799997]]],[[[-58.92404152399996,-52.120533930999954],[-58.921231998999986,-52.11897753399995],[-58.91587234899998,-52.123181330999955],[-58.91986252299995,-52.12589739499998],[-58.92404152399996,-52.120533930999954]]],[[[-59.07022822099998,-51.68008288699997],[-59.05928766899996,-51.687296479999986],[-59.064796014999956,-51.68611777999996],[-59.07022822099998,-51.68008288699997]]],[[[-58.85920762999996,-52.139059404999955],[-58.85124635599993,-52.14270625499995],[-58.86013460099997,-52.14370952099995],[-58.85920762999996,-52.139059404999955]]],[[[-61.16686333999996,-51.86358795399997],[-61.15541161899995,-51.86831054899994],[-61.16138924999996,-51.86825714299994],[-61.16686333999996,-51.86358795399997]]],[[[-59.83387841599995,-51.39479980699997],[-59.81914986999993,-51.392572023999946],[-59.812622922999935,-51.39350662399994],[-59.83387841599995,-51.39479980699997]]],[[[-64.39187985199999,-54.85248130499997],[-64.39035699699997,-54.84624711699996],[-64.38478905899996,-54.84905488099997],[-64.38507459399995,-54.853147553999975],[-64.39187985199999,-54.85248130499997]]],[[[-58.60952843999996,-52.03590164399998],[-58.596066373999975,-52.034528352999985],[-58.60211266899995,-52.03958664199996],[-58.60952843999996,-52.03590164399998]]],[[[-59.661980522999954,-51.35021744399995],[-59.65728844999995,-51.347657777999984],[-59.65511597799997,-51.353587724999954],[-59.66102926499997,-51.35411052899997],[-59.661980522999954,-51.35021744399995]]],[[[-67.03342437699996,-54.947284697999976],[-67.02750396699997,-54.95140075699993],[-67.03015899699994,-54.95389556899994],[-67.03486633299997,-54.95082092299998],[-67.03342437699996,-54.947284697999976]]],[[[-60.87905835999999,-51.93399086599993],[-60.87460412399997,-51.93089065799995],[-60.87497796399998,-51.938504792999936],[-60.87905835999999,-51.93399086599993]]],[[[-59.14506353499996,-52.01181914899996],[-59.14510694899997,-52.00700447999998],[-59.138460530999964,-52.00658433499996],[-59.13893081899994,-52.00973383699994],[-59.14506353499996,-52.01181914899996]]],[[[-59.081714991999945,-51.68415554799998],[-59.074962977999974,-51.69084652699996],[-59.07971227599995,-51.68999966399997],[-59.081714991999945,-51.68415554799998]]],[[[-64.25627127599995,-54.698248639999974],[-64.25641404399994,-54.692204808999975],[-64.25155994399995,-54.69458426999995],[-64.25627127599995,-54.698248639999974]]],[[[-58.38320832799997,-51.468398384999944],[-58.40044122299997,-51.46699266899998],[-58.395155959999954,-51.46466761099998],[-58.38320832799997,-51.468398384999944]]],[[[-59.015065091999986,-51.812062837999974],[-59.026844876999974,-51.807492830999934],[-59.01879586599995,-51.80620727799993],[-59.015065091999986,-51.812062837999974]]],[[[-64.17382890099998,-54.88063432599995],[-64.17454273999994,-54.87569694499996],[-64.16609565299996,-54.87682718899998],[-64.17382890099998,-54.88063432599995]]],[[[-59.30926980399994,-52.248685456999965],[-59.296573483999964,-52.249104940999985],[-59.30630578399996,-52.25050506799994],[-59.30926980399994,-52.248685456999965]]],[[[-61.16221447399994,-51.058630783999945],[-61.157389798999986,-51.05584836899993],[-61.152947205999965,-51.060449879999965],[-61.157279233999986,-51.06200950899995],[-61.16221447399994,-51.058630783999945]]],[[[-60.876274577999936,-51.871576140999935],[-60.87836403899996,-51.86470867999998],[-60.87193955799995,-51.869786836999936],[-60.876274577999936,-51.871576140999935]]],[[[-59.65731133799994,-51.87614975199995],[-59.651814359999946,-51.87265930399997],[-59.64428033299998,-51.87587890799995],[-59.65731133799994,-51.87614975199995]]],[[[-60.47172250199998,-52.20420608699993],[-60.46608056399998,-52.21046600599993],[-60.471630981999965,-52.21177762299993],[-60.47172250199998,-52.20420608699993]]],[[[-60.85097001699995,-51.253674804999946],[-60.84020240299998,-51.260941324999976],[-60.85073235699997,-51.258887741999956],[-60.85097001699995,-51.253674804999946]]],[[[-59.82945527399994,-52.16612014999998],[-59.83191674899996,-52.16244109599995],[-59.823172229999955,-52.15905036399994],[-59.825256975999935,-52.162623494999934],[-59.82945527399994,-52.16612014999998]]],[[[-64.32416039199995,-54.845485689999975],[-64.33172707799997,-54.84776997199998],[-64.33253609499997,-54.84286828299997],[-64.32173334199996,-54.84186890899997],[-64.32416039199995,-54.845485689999975]]],[[[-59.656661059999976,-51.33500815699995],[-59.66061683199996,-51.33776620599997],[-59.67098514999998,-51.33413467199995],[-59.663420634999966,-51.33613353099997],[-59.656661059999976,-51.33500815699995]]],[[[-60.98112072899994,-51.04906499499998],[-60.976768162999974,-51.05661428099995],[-60.98358216699995,-51.05394399399995],[-60.98112072899994,-51.04906499499998]]],[[[-58.77483600399995,-51.907645883999976],[-58.79473580699994,-51.906632997999964],[-58.78929223399996,-51.90620956599997],[-58.77483600399995,-51.907645883999976]]],[[[-68.23821258499999,-54.87602615399993],[-68.24610900899995,-54.87771606399997],[-68.25304412799994,-54.87490081799996],[-68.23821258499999,-54.87602615399993]]],[[[-58.97381876299994,-51.84660382599998],[-58.957743627999946,-51.84468503299996],[-58.956267339999954,-51.84681363499993],[-58.97381876299994,-51.84660382599998]]],[[[-60.81937272299996,-51.10841471499998],[-60.81265504099997,-51.10990626199998],[-60.799480012999936,-51.117593488999944],[-60.81937272299996,-51.10841471499998]]],[[[-60.973582448999935,-51.98503030499995],[-60.96174462999994,-51.98288878999995],[-60.96686047099996,-51.987826171999984],[-60.973582448999935,-51.98503030499995]]],[[[-59.70164522199997,-51.37241405699996],[-59.71847619399995,-51.370889283999986],[-59.71241463999996,-51.37060318199997],[-59.70164522199997,-51.37241405699996]]],[[[-60.50773930299994,-52.21029045999995],[-60.501334088999954,-52.20958671799997],[-60.503449338999985,-52.213655091999954],[-60.50773930299994,-52.21029045999995]]],[[[-66.30671691899994,-55.01062393199999],[-66.30198669399994,-55.011615752999944],[-66.30455017099996,-55.01661682099996],[-66.30671691899994,-55.01062393199999]]],[[[-60.52255334299997,-51.86165771699996],[-60.525784390999945,-51.86651764099997],[-60.529492189999985,-51.86458358899995],[-60.52255334299997,-51.86165771699996]]],[[[-59.91698208899999,-51.37402653999993],[-59.919056668999986,-51.36950116799994],[-59.90809205399995,-51.37671662099996],[-59.91698208899999,-51.37402653999993]]],[[[-60.64676640999994,-51.24336674399996],[-60.63836383599994,-51.250792313999966],[-60.64230020999997,-51.24915621499997],[-60.64676640999994,-51.24336674399996]]],[[[-68.17401885999993,-54.859416961999955],[-68.16817474399994,-54.857025145999955],[-68.16799926799996,-54.860748290999936],[-68.17401885999993,-54.859416961999955]]],[[[-58.47510993299994,-51.98785063699995],[-58.46869742699994,-51.986538381999935],[-58.46623313199996,-51.98999449699994],[-58.47510993299994,-51.98785063699995]]],[[[-59.83550156999996,-52.15504989799996],[-59.839537597999936,-52.15941996299995],[-59.84399251399998,-52.160121120999975],[-59.83550156999996,-52.15504989799996]]],[[[-59.03250947499998,-52.189076883999974],[-59.03434924199996,-52.193719793999946],[-59.03857102899997,-52.192273600999954],[-59.03250947499998,-52.189076883999974]]],[[[-60.65360026299999,-52.20321156299997],[-60.651992219999954,-52.20226583699997],[-60.64273156499996,-52.20645294399998],[-60.65360026299999,-52.20321156299997]]],[[[-61.31274008899999,-51.00005684699994],[-61.29910564499994,-51.00636957499995],[-61.30738602599996,-51.00481562899995],[-61.31274008899999,-51.00005684699994]]],[[[-60.556126492999965,-51.81802902399994],[-60.54866208499993,-51.814198114999954],[-60.553766319999966,-51.820220621999965],[-60.556126492999965,-51.81802902399994]]],[[[-58.187620279999976,-51.77674814599993],[-58.19875156699993,-51.777213539999934],[-58.19526111899995,-51.774314369999956],[-58.187620279999976,-51.77674814599993]]],[[[-58.99147659299996,-52.44304597399997],[-58.98246770099996,-52.442752558999985],[-58.98335601599996,-52.445840499999974],[-58.99147659299996,-52.44304597399997]]],[[[-60.56812345399999,-51.476089539999975],[-60.56398319199997,-51.47501878299994],[-60.56141337399998,-51.478587973999936],[-60.56562501999997,-51.47930181199996],[-60.56812345399999,-51.476089539999975]]],[[[-60.762008340999955,-51.321164866999936],[-60.765955529999985,-51.32289789899994],[-60.76609229799993,-51.31878366199993],[-60.762008340999955,-51.321164866999936]]],[[[-58.71026132199995,-52.151823770999954],[-58.70933053599998,-52.144930612999985],[-58.70665643299998,-52.14969898399994],[-58.71026132199995,-52.151823770999954]]],[[[-68.46009063699995,-54.86526489299996],[-68.45066833499993,-54.86296081499995],[-68.45455932599998,-54.86536788899997],[-68.46009063699995,-54.86526489299996]]],[[[-59.03684202599993,-52.168251733999966],[-59.03108564799999,-52.166638116999934],[-59.03269926499996,-52.17084191299995],[-59.03684202599993,-52.168251733999966]]],[[[-67.39400482199994,-54.892349242999956],[-67.38254547099996,-54.888648986999954],[-67.38470458999996,-54.892913817999954],[-67.39400482199994,-54.892349242999956]]],[[[-59.89916123699999,-51.267371751999974],[-59.89034356499997,-51.27124176199993],[-59.89524926599995,-51.27152023499997],[-59.89916123699999,-51.267371751999974]]],[[[-58.32028506499995,-51.39555368199996],[-58.31606982499994,-51.39241800099995],[-58.31229708899997,-51.39625940099995],[-58.32028506499995,-51.39555368199996]]],[[[-58.38906328899998,-52.00402023799995],[-58.38649136599997,-52.00694125399997],[-58.38949120899997,-52.009755936999966],[-58.391259693999984,-52.00537959299999],[-58.38906328899998,-52.00402023799995]]],[[[-59.50212945399994,-52.284265138999956],[-59.506514864999986,-52.28743799999995],[-59.50766407799995,-52.28418962899997],[-59.50212945399994,-52.284265138999956]]],[[[-58.85156454699995,-51.89568592099994],[-58.84823330199998,-51.89360389299998],[-58.84668665199996,-51.89764897599997],[-58.85156454699995,-51.89568592099994]]],[[[-58.95398151699993,-51.84262536099993],[-58.94562732999998,-51.846470574999955],[-58.94910251899995,-51.846031884999945],[-58.95398151699993,-51.84262536099993]]],[[[-67.00534820599995,-54.95380783099995],[-67.00717925999999,-54.958045958999946],[-67.01045227099996,-54.95629119899996],[-67.00534820599995,-54.95380783099995]]],[[[-61.30144204499999,-51.777791596999975],[-61.287129300999936,-51.784638978999965],[-61.28886498899993,-51.784886933999985],[-61.30144204499999,-51.777791596999975]]],[[[-68.24785613999995,-54.84821319599996],[-68.25812530499996,-54.84828567499994],[-68.25028991699998,-54.846843718999935],[-68.24785613999995,-54.84821319599996]]],[[[-58.32040871899994,-51.82677230999997],[-58.30993355999993,-51.825273133999985],[-58.30854501099998,-51.82820663699994],[-58.32040871899994,-51.82677230999997]]],[[[-58.50773739999994,-51.97359166099994],[-58.50071835699998,-51.971634721999976],[-58.502393008999945,-51.97437748899995],[-58.50773739999994,-51.97359166099994]]],[[[-58.62353037099996,-51.90385861699997],[-58.61036584999994,-51.90310330699998],[-58.60843561399997,-51.90470166499995],[-58.62353037099996,-51.90385861699997]]],[[[-59.794159787999945,-52.12381515699997],[-59.79473767099995,-52.127938910999944],[-59.79783096999995,-52.12597585599997],[-59.794159787999945,-52.12381515699997]]],[[[-60.55882348399996,-51.97656021299997],[-60.56457986299995,-51.97872314699998],[-60.56358559199998,-51.976471782999965],[-60.55882348399996,-51.97656021299997]]],[[[-58.90293024299996,-51.887600377999945],[-58.893621519999954,-51.88836907799998],[-58.897395116999974,-51.89115948999995],[-58.90293024299996,-51.887600377999945]]],[[[-67.40113830599995,-54.89393234299996],[-67.39577484099993,-54.893943786999955],[-67.39731597899998,-54.89734268199999],[-67.40113830599995,-54.89393234299996]]],[[[-59.93986946999996,-51.36940551699996],[-59.935680941999976,-51.366311811999935],[-59.93355619999994,-51.368936331999976],[-59.937622645999966,-51.370786445999954],[-59.93986946999996,-51.36940551699996]]],[[[-60.46548165699994,-51.85410461599997],[-60.46074761799997,-51.85194931199993],[-60.458718198999975,-51.85580215699997],[-60.46548165699994,-51.85410461599997]]],[[[-59.778905710999936,-51.394526335999956],[-59.791845043999956,-51.39385119499997],[-59.78036673299994,-51.39388165899993],[-59.778905710999936,-51.394526335999956]]],[[[-59.50783434999994,-51.82436523699994],[-59.503916655999944,-51.82459030399997],[-59.50545779399994,-51.82842407399994],[-59.50905123899997,-51.82624588199997],[-59.50783434999994,-51.82436523699994]]],[[[-68.25374603299997,-54.86257934599996],[-68.25302886999998,-54.860916137999936],[-68.24520111099997,-54.86204147299998],[-68.25374603299997,-54.86257934599996]]],[[[-59.678982633999965,-51.910817720999944],[-59.66862104399996,-51.91026329099998],[-59.67208947599994,-51.91164169499996],[-59.678982633999965,-51.910817720999944]]],[[[-68.17807006799995,-54.87314224199997],[-68.18160247799995,-54.870944976999965],[-68.16969299299996,-54.871414184999935],[-68.17807006799995,-54.87314224199997]]],[[[-60.57680732599994,-51.97949805799993],[-60.56964196599995,-51.97934875699997],[-60.57707681099998,-51.98258361999996],[-60.57680732599994,-51.97949805799993]]],[[[-57.74069797799996,-51.67269989899995],[-57.74974262499995,-51.67282196899998],[-57.745462534999945,-51.67049881799994],[-57.74069797799996,-51.67269989899995]]],[[[-59.63301171599994,-52.23648605499994],[-59.627777951999974,-52.23806915499995],[-59.63027657899994,-52.240235902999984],[-59.63301171599994,-52.23648605499994]]],[[[-59.68307580399994,-51.424913026999945],[-59.67924584799994,-51.421502687999975],[-59.67832650599996,-51.42484054799996],[-59.68307580399994,-51.424913026999945]]],[[[-59.83060223399997,-52.01679425899994],[-59.82644594499993,-52.013117541999975],[-59.825913087999936,-52.01679425899994],[-59.83060223399997,-52.01679425899994]]],[[[-59.02384138899998,-51.750351647999935],[-59.020324237999944,-51.74741814599997],[-59.01880217399997,-51.75088570599996],[-59.02384138899998,-51.750351647999935]]],[[[-67.43504333499993,-54.88564681999998],[-67.42837524399994,-54.88484191899994],[-67.43107604999994,-54.88881301899994],[-67.43504333499993,-54.88564681999998]]],[[[-59.866459744999986,-51.34260711899998],[-59.868670538999936,-51.34441834699993],[-59.87686052299995,-51.34599647899995],[-59.866459744999986,-51.34260711899998]]],[[[-58.60473990199995,-52.15600583799994],[-58.60026144699998,-52.155014016999985],[-58.60005163899996,-52.15765378699996],[-58.60297369699998,-52.158073403999936],[-58.60473990199995,-52.15600583799994]]],[[[-59.49248789099994,-52.28763051399994],[-59.486258489999955,-52.28509183399996],[-59.48623178699995,-52.287720158999946],[-59.49248789099994,-52.28763051399994]]],[[[-59.71225442299993,-52.363393403999964],[-59.706372159999944,-52.36109695599998],[-59.70564736699998,-52.36314163399993],[-59.71225442299993,-52.363393403999964]]],[[[-61.278529651999975,-51.707928627999934],[-61.275859363999984,-51.71059700899997],[-61.28185988299998,-51.71020790999995],[-61.278529651999975,-51.707928627999934]]],[[[-60.968170088999955,-51.77749046399998],[-60.96501974299997,-51.77448270599996],[-60.96328064399995,-51.77737072599996],[-60.966423230999965,-51.778711544999965],[-60.968170088999955,-51.77749046399998]]],[[[-59.25946893099996,-51.45379028499997],[-59.247486966999986,-51.449205018999976],[-59.25779046399998,-51.45407257299996],[-59.25946893099996,-51.45379028499997]]],[[[-59.840859311999964,-51.97548446899998],[-59.835167783999964,-51.971971132999954],[-59.83673562399997,-51.97586593799997],[-59.840859311999964,-51.97548446899998]]],[[[-58.88150370999995,-52.185429571999975],[-58.87752116599995,-52.18729114499996],[-58.87841380399993,-52.192091940999944],[-58.88150370999995,-52.185429571999975]]],[[[-61.276997937999965,-51.728645539999945],[-61.27118624599996,-51.72624895599995],[-61.27320803599997,-51.73001406299994],[-61.276997937999965,-51.728645539999945]]],[[[-59.68127984999995,-51.324240127999985],[-59.68732506099997,-51.325718937999966],[-59.690437874999986,-51.32487592699994],[-59.68127984999995,-51.324240127999985]]],[[[-61.09293877399995,-51.027123631999984],[-61.09669624099996,-51.02832524899998],[-61.09704715999993,-51.02462880599995],[-61.094224303999965,-51.025101837999955],[-61.09293877399995,-51.027123631999984]]],[[[-59.47908275699996,-51.81831705299993],[-59.47730018899995,-51.820741459999965],[-59.48422958699996,-51.82310466499996],[-59.47908275699996,-51.81831705299993]]],[[[-60.012029980999955,-51.375019588999976],[-60.00770036199998,-51.375351387999956],[-60.00816183699993,-51.37739607299994],[-60.01111813499995,-51.37820484399998],[-60.012029980999955,-51.375019588999976]]],[[[-58.688339594999945,-51.95548782599997],[-58.68070257099998,-51.95628509699998],[-58.68091619399996,-51.95786438199997],[-58.685917262999965,-51.95747528299995],[-58.688339594999945,-51.95548782599997]]],[[[-60.976318024999955,-51.05775296799993],[-60.97203221299998,-51.05752980899996],[-60.97158207899997,-51.06082189299997],[-60.97501530799997,-51.06033170499995],[-60.976318024999955,-51.05775296799993]]],[[[-58.84670541999998,-51.89126248799994],[-58.85649774799998,-51.888454870999965],[-58.84744928599997,-51.88951154099993],[-58.84670541999998,-51.89126248799994]]],[[[-64.10315890899994,-54.74921669499997],[-64.10149328699998,-54.74535007099996],[-64.09506874199997,-54.746480314999985],[-64.10315890899994,-54.74921669499997]]],[[[-59.25245034999995,-52.94971476499995],[-59.24926684099995,-52.94765484799996],[-59.247206922999965,-52.95083835699995],[-59.24945410599997,-52.95177468299994],[-59.25245034999995,-52.94971476499995]]],[[[-58.587252873999944,-51.90164325899997],[-58.59633948299995,-51.900468332999935],[-58.590083378999964,-51.900205117999974],[-58.587252873999944,-51.90164325899997]]],[[[-59.66299523699996,-51.35751495599993],[-59.658676999999955,-51.35592041199993],[-59.658574002999956,-51.35908279599994],[-59.66097726199996,-51.359128572999964],[-59.66299523699996,-51.35751495599993]]],[[[-59.89355412799995,-51.35769420699995],[-59.88687087799997,-51.35441346099998],[-59.890841841999986,-51.358239664999985],[-59.89355412799995,-51.35769420699995]]],[[[-58.70241190499996,-52.153525712999965],[-58.70175959199997,-52.15634858899995],[-58.70417047999996,-52.15764940099996],[-58.705314888999965,-52.154132249999975],[-58.70241190499996,-52.153525712999965]]],[[[-59.72273531899998,-51.37285387099996],[-59.714926695999964,-51.37418896899993],[-59.721213242999966,-51.37474976699997],[-59.72273531899998,-51.37285387099996]]],[[[-59.68712319799994,-52.02944717599996],[-59.690407651999976,-52.03300628899996],[-59.69216110699995,-52.03121175599995],[-59.68712319799994,-52.02944717599996]]],[[[-59.68471359899996,-51.39524199199997],[-59.67646625399993,-51.391644687999985],[-59.682291256999974,-51.395509007999976],[-59.68471359899996,-51.39524199199997]]],[[[-59.980963960999986,-51.383364865999965],[-59.97603829499997,-51.383706417999974],[-59.97640229799998,-51.38536169199995],[-59.98050697599996,-51.38553367399993],[-59.980963960999986,-51.383364865999965]]],[[[-58.51583082999997,-51.962480152999944],[-58.51053652999997,-51.96152836899995],[-58.50775420699995,-51.963612412999964],[-58.51583082999997,-51.962480152999944]]],[[[-60.18413628999997,-51.40562591799994],[-60.177342313999986,-51.40613327199998],[-60.18177499199999,-51.40661392399994],[-60.18413628999997,-51.40562591799994]]],[[[-58.61804093699993,-51.97377106599998],[-58.61175050099996,-51.97173401699996],[-58.61382188199997,-51.97377487999995],[-58.61804093699993,-51.97377106599998]]],[[[-61.14077402199996,-51.886331895999945],[-61.13637567599994,-51.88588939099998],[-61.13851190599996,-51.88983760299993],[-61.14077402199996,-51.886331895999945]]],[[[-59.011609920999945,-51.71723089899996],[-59.01244533999994,-51.72103796599998],[-59.01485241399996,-51.71330175999998],[-59.011609920999945,-51.71723089899996]]],[[[-60.11908072299997,-51.68655314299997],[-60.12211453499998,-51.68203216699993],[-60.11432180099996,-51.68881363099996],[-60.11908072299997,-51.68655314299997]]],[[[-59.74893273699996,-52.104848481999966],[-59.74462594399995,-52.10147628999994],[-59.74534310699994,-52.10476455899993],[-59.74893273699996,-52.104848481999966]]],[[[-59.79846276599994,-51.99879989799996],[-59.79639277999996,-52.002566961999946],[-59.799430067999936,-52.00315310599996],[-59.79846276599994,-51.99879989799996]]],[[[-58.347637636999934,-51.523410540999976],[-58.34422576399999,-51.52440044499997],[-58.34728133699997,-51.526517601999956],[-58.347637636999934,-51.523410540999976]]],[[[-64.67128068499994,-54.891363672999944],[-64.66364261499996,-54.888389346999986],[-64.66623622699996,-54.89091157499996],[-64.67128068499994,-54.891363672999944]]],[[[-59.887872551999976,-51.40562940899997],[-59.87747461499998,-51.40362135099997],[-59.88613583799997,-51.40676924899998],[-59.887872551999976,-51.40562940899997]]],[[[-59.09355619599995,-52.03277527399996],[-59.091168133999986,-52.033351283999934],[-59.091874847999975,-52.036488134999956],[-59.094872634999945,-52.03437096199997],[-59.09355619599995,-52.03277527399996]]],[[[-59.30764911499995,-51.78791470999994],[-59.31205127399994,-51.79293103599997],[-59.311505773999954,-51.788948491999975],[-59.30764911499995,-51.78791470999994]]],[[[-59.39901878699993,-52.34972185299995],[-59.393330951999985,-52.34893912399997],[-59.39479204799994,-52.350974220999944],[-59.39901878699993,-52.34972185299995]]],[[[-58.52692879999995,-51.99777374499996],[-58.527962582999976,-51.99311218499997],[-58.52489556699999,-51.99506912399994],[-58.52692879999995,-51.99777374499996]]],[[[-58.622461225999984,-51.96582684499998],[-58.61818495099993,-51.964426850999985],[-58.61907377499995,-51.967333649999944],[-58.622461225999984,-51.96582684499998]]],[[[-67.43929290799997,-54.88213348399995],[-67.43099975599995,-54.881473540999934],[-67.42792510999993,-54.88242721599994],[-67.43929290799997,-54.88213348399995]]],[[[-60.394207852999955,-51.763906099999986],[-60.39104165499998,-51.76166687199998],[-60.38623895099994,-51.763368226999944],[-60.394207852999955,-51.763906099999986]]],[[[-59.61308755299996,-51.34758148399993],[-59.61956109399995,-51.34610901099995],[-59.61397637699997,-51.34643707499998],[-59.61308755299996,-51.34758148399993]]],[[[-68.24645233199993,-54.87847137499995],[-68.23844146699997,-54.87927246099997],[-68.24325561499995,-54.87916946399997],[-68.24645233199993,-54.87847137499995]]],[[[-60.32205845699997,-51.57926157099996],[-60.31418492199998,-51.57694223499993],[-60.31613804699998,-51.57962778199993],[-60.32205845699997,-51.57926157099996]]],[[[-59.99941493399996,-51.38037817899993],[-59.994828738999956,-51.37942805999995],[-59.993551500999956,-51.382053488999986],[-59.99941493399996,-51.38037817899993]]],[[[-59.01756371399995,-51.731387025999936],[-59.02124739499993,-51.73411712899997],[-59.02101393199996,-51.731565485999965],[-59.01756371399995,-51.731387025999936]]],[[[-58.603303308999955,-52.00132451099995],[-58.603234644999986,-52.003514146999976],[-58.60733162899999,-52.00155339199995],[-58.603303308999955,-52.00132451099995]]],[[[-59.39328851099998,-52.340459443999976],[-59.397723939999935,-52.34195487599993],[-59.397396939999965,-52.338639833999935],[-59.39328851099998,-52.340459443999976]]],[[[-57.733863361999965,-51.67304847099996],[-57.72627974399995,-51.67269751899994],[-57.72495604399995,-51.67429015499994],[-57.733863361999965,-51.67304847099996]]],[[[-59.61328973199994,-51.39476165999997],[-59.614903348999974,-51.39788208199997],[-59.61776834999995,-51.397005358999934],[-59.61328973199994,-51.39476165999997]]],[[[-60.51007578799994,-51.86472635699994],[-60.50753106499997,-51.86559066999996],[-60.508790878999946,-51.86979460799995],[-60.51096697299994,-51.868368489999966],[-60.51007578799994,-51.86472635699994]]],[[[-64.57862923199997,-54.80819318299996],[-64.58158642599994,-54.81165910599998],[-64.58310261899999,-54.810096751999936],[-64.57862923199997,-54.80819318299996]]],[[[-58.46031655699994,-52.031560517999935],[-58.45484138399996,-52.03204456799995],[-58.45204551699993,-52.035554272999946],[-58.46031655699994,-52.031560517999935]]],[[[-57.78396119499996,-51.60745773499997],[-57.794073956999966,-51.60431442399994],[-57.78911103599995,-51.60505828999993],[-57.78396119499996,-51.60745773499997]]],[[[-58.537111247999974,-52.06517856199997],[-58.53372051599996,-52.06232320899994],[-58.532768731999965,-52.06375088599998],[-58.53413692199996,-52.06660623899995],[-58.537111247999974,-52.06517856199997]]],[[[-65.57286834699994,-54.95209503199993],[-65.57978057899999,-54.94997405999993],[-65.57311248799994,-54.95064926099997],[-65.57286834699994,-54.95209503199993]]],[[[-60.89799945999994,-51.17134025099995],[-60.904427228999964,-51.17036753299993],[-60.90131444899998,-51.16955880299997],[-60.89799945999994,-51.17134025099995]]],[[[-60.09456659099993,-51.40110839299996],[-60.08871487999994,-51.401062586999956],[-60.09081292899998,-51.40277158199996],[-60.09456659099993,-51.40110839299996]]],[[[-68.26248168899997,-54.86635971099997],[-68.26150512699996,-54.86826705899995],[-68.26540374799998,-54.867980956999986],[-68.26248168899997,-54.86635971099997]]],[[[-59.48568576099996,-51.80927510099997],[-59.48034753199994,-51.807469941999955],[-59.48263062799998,-51.80989418199994],[-59.48568576099996,-51.80927510099997]]],[[[-59.07645330899999,-52.44403648499997],[-59.081852753999954,-52.447951082999964],[-59.084822447999954,-52.44714116599994],[-59.07645330899999,-52.44403648499997]]],[[[-58.264925837999954,-51.85959181399994],[-58.25768935699995,-51.857745499999965],[-58.259817957999985,-51.85945448499996],[-58.264925837999954,-51.85959181399994]]],[[[-59.77520637199996,-51.23090954699995],[-59.77376821399997,-51.232607073999986],[-59.779547407999985,-51.232076881999944],[-59.77520637199996,-51.23090954699995]]],[[[-60.094614132999936,-51.38678979699995],[-60.090237273999946,-51.38724991199996],[-60.09058524799997,-51.38942626599999],[-60.094614132999936,-51.38678979699995]]],[[[-61.20880223499995,-51.83195040299995],[-61.20318700099995,-51.83301088899998],[-61.20714284199994,-51.833094811999956],[-61.20880223499995,-51.83195040299995]]],[[[-59.82247247099997,-51.35207519699998],[-59.82405175599996,-51.352998353999965],[-59.82883920099994,-51.35290680099996],[-59.82247247099997,-51.35207519699998]]],[[[-59.75856103299998,-51.38054428299995],[-59.762238400999934,-51.38249740799995],[-59.76342095799998,-51.38011322199998],[-59.75856103299998,-51.38054428299995]]],[[[-59.20016038399996,-51.714188554999964],[-59.198518555999954,-51.71618730199998],[-59.19858993999998,-51.720184796999945],[-59.20016038399996,-51.714188554999964]]],[[[-58.14479852799997,-51.804406022999956],[-58.14229608699998,-51.80393299999997],[-58.13859201599996,-51.80661473199996],[-58.14479852799997,-51.804406022999956]]],[[[-59.63142061099995,-51.332441425999946],[-59.636364294999964,-51.339872483999955],[-59.63707766099998,-51.338171132999946],[-59.63142061099995,-51.332441425999946]]],[[[-60.72501171999994,-51.58909545499995],[-60.72950161799997,-51.59047637499998],[-60.72796048099997,-51.58841262399994],[-60.72501171999994,-51.58909545499995]]],[[[-58.88600252499998,-51.88876386099997],[-58.883925216999955,-51.89104597199997],[-58.887152654999966,-51.891674473999956],[-58.88600252499998,-51.88876386099997]]],[[[-64.09411695799997,-54.742018825999935],[-64.09691282399996,-54.739520390999985],[-64.09262979399995,-54.73981782399994],[-64.09411695799997,-54.742018825999935]]],[[[-58.34771345799999,-51.543322487999944],[-58.34287260699995,-51.54593174099995],[-58.34323500299996,-51.546599312999945],[-58.34610174799997,-51.54604618199994],[-58.34771345799999,-51.543322487999944]]],[[[-58.569595224999944,-51.94544762299995],[-58.567458993999935,-51.94362419799995],[-58.56551731299999,-51.94575661299996],[-58.56781757599998,-51.94662254999997],[-58.569595224999944,-51.94544762299995]]],[[[-58.459968928999956,-51.977539872999955],[-58.45731008499996,-51.97607884399997],[-58.45504415499994,-51.977772569999956],[-58.459968928999956,-51.977539872999955]]],[[[-59.80851449399995,-51.39291153199997],[-59.802491086999964,-51.393106080999985],[-59.80537118299998,-51.39444885499995],[-59.80851449399995,-51.39291153199997]]],[[[-61.19497659399997,-51.82340920099995],[-61.191585861999954,-51.82715685199997],[-61.194381728999986,-51.82685941999995],[-61.19497659399997,-51.82340920099995]]],[[[-59.91276322999994,-51.36542437099996],[-59.91075290499998,-51.365941249999935],[-59.91444258299998,-51.36813281599996],[-59.91276322999994,-51.36542437099996]]],[[[-58.936985377999974,-51.838447549999955],[-58.939903620999985,-51.839084603999936],[-58.93963659199994,-51.83654782999997],[-58.93844640699996,-51.836822488999985],[-58.936985377999974,-51.838447549999955]]],[[[-59.01908554399995,-51.77508802999995],[-59.01495804199993,-51.77680082899997],[-59.017502444999934,-51.778265672999964],[-59.01908554399995,-51.77508802999995]]],[[[-58.815978033999954,-51.89629407299998],[-58.810858709999934,-51.89817090399998],[-58.813036901999965,-51.897892430999946],[-58.815978033999954,-51.89629407299998]]],[[[-58.48208880999994,-51.98712310999997],[-58.48727729799998,-51.986453222999955],[-58.48320651599994,-51.985429383999985],[-58.48208880999994,-51.98712310999997]]],[[[-64.48022543199994,-54.87635141599998],[-64.48327114299997,-54.87858810899996],[-64.48526988999998,-54.87711284299996],[-64.48022543199994,-54.87635141599998]]],[[[-60.25983132699997,-51.75359497299996],[-60.256939786999965,-51.755811311999935],[-60.25999917399997,-51.75695190599998],[-60.25983132699997,-51.75359497299996]]],[[[-65.59251403799993,-54.949874877999946],[-65.58744049099994,-54.94893264799998],[-65.58837127699996,-54.95038604699994],[-65.59251403799993,-54.949874877999946]]],[[[-60.385435006999955,-52.21564424699994],[-60.38739806299998,-52.21832114099993],[-60.38864727999999,-52.21695295099994],[-60.385435006999955,-52.21564424699994]]],[[[-59.54029549999996,-51.918023683999934],[-59.53786326699998,-51.918928877999974],[-59.53984345799995,-51.921374894999985],[-59.54029549999996,-51.918023683999934]]],[[[-59.02885307099996,-51.80497293899998],[-59.031801831999985,-51.80468302199995],[-59.03092063599996,-51.80275659999995],[-59.028620373999956,-51.80324106599994],[-59.02885307099996,-51.80497293899998]]],[[[-60.69230797399996,-52.195403286999976],[-60.68911371799999,-52.19452653099995],[-60.68895962299996,-52.19664401699998],[-60.69042242199998,-52.196727531999954],[-60.69230797399996,-52.195403286999976]]],[[[-58.50894067999997,-51.91745038399995],[-58.50342462799995,-51.917591526999956],[-58.50540064099994,-51.91809888199998],[-58.50894067999997,-51.91745038399995]]],[[[-59.90788421999997,-51.37067717999997],[-59.91006998299997,-51.37243958299996],[-59.912095575999956,-51.37126466899997],[-59.90788421999997,-51.37067717999997]]],[[[-60.38170327599994,-51.75669632199998],[-60.37864159099996,-51.75759257699997],[-60.38232615499999,-51.758711554999934],[-60.38170327599994,-51.75669632199998]]],[[[-58.26541853799995,-51.86668631899994],[-58.26377058799994,-51.864954445999956],[-58.26282072899994,-51.867075417999956],[-58.26541853799995,-51.86668631899994]]],[[[-60.080654996999954,-51.944570161999934],[-60.07936181399998,-51.94553909499996],[-60.080178159999946,-51.94832382399994],[-60.08153619199999,-51.94675979799996],[-60.080654996999954,-51.944570161999934]]],[[[-61.083521134999955,-51.94215627799997],[-61.08742067299994,-51.944161951999945],[-61.08907913199994,-51.94448695699998],[-61.083521134999955,-51.94215627799997]]],[[[-61.222212774999946,-51.87132936099994],[-61.22417583099997,-51.87269755099993],[-61.226257858999986,-51.871924225999976],[-61.222212774999946,-51.87132936099994]]],[[[-58.36870278699996,-51.468049624999935],[-58.364560024999946,-51.467996218999986],[-58.36637963599998,-51.47015915199995],[-58.36870278699996,-51.468049624999935]]],[[[-61.167351621999956,-51.850526429999945],[-61.16950771399996,-51.848367561999964],[-61.16857613899998,-51.84716568199997],[-61.16663827299993,-51.848405458999935],[-61.167351621999956,-51.850526429999945]]],[[[-58.16527163099994,-51.80011173199995],[-58.15837847299997,-51.80372425099995],[-58.163532128999975,-51.80254932399998],[-58.16527163099994,-51.80011173199995]]],[[[-59.24913873099996,-52.00431213599995],[-59.250450986999965,-52.00594482599996],[-59.254467862999945,-52.00721893499997],[-59.24913873099996,-52.00431213599995]]],[[[-59.15379656699997,-51.53551409299996],[-59.15460553699995,-51.537756007999974],[-59.15650910499994,-51.53745857499996],[-59.15379656699997,-51.53551409299996]]],[[[-60.982043164999936,-52.02163467599996],[-60.98320473999996,-52.02400360299998],[-60.98618925799997,-52.02431082199996],[-60.982043164999936,-52.02163467599996]]],[[[-59.72232220199999,-52.36529289699996],[-59.71876690499994,-52.36443077499996],[-59.71766064199994,-52.36609016799997],[-59.72232220199999,-52.36529289699996]]],[[[-60.652374889999976,-51.23879336199997],[-60.647448493999946,-51.23520339099997],[-60.64628977499996,-51.23605169699994],[-60.652374889999976,-51.23879336199997]]],[[[-60.11450353799995,-51.39901426599994],[-60.11383556199996,-51.398649802999955],[-60.10825701899995,-51.40209759099997],[-60.11450353799995,-51.39901426599994]]],[[[-59.89026298799996,-51.398211826999955],[-59.88533505999993,-51.39854956399995],[-59.88624508099997,-51.39952073799998],[-59.89026298799996,-51.398211826999955]]],[[[-59.72383963699997,-51.36218285999996],[-59.72022504599994,-51.36312555599994],[-59.72335440799998,-51.36390589299998],[-59.72383963699997,-51.36218285999996]]],[[[-60.26320793799994,-51.65994343799997],[-60.25884392399996,-51.659100389999935],[-60.260304952999945,-51.66071782199998],[-60.26320793799994,-51.65994343799997]]],[[[-60.26801385299996,-51.75570449999998],[-60.27083672899994,-51.758092500999965],[-60.27179421799997,-51.75702819999998],[-60.26801385299996,-51.75570449999998]]],[[[-60.950459885999976,-51.838476739999976],[-60.95122964099994,-51.83975977099993],[-60.95437404799998,-51.840931517999934],[-60.950459885999976,-51.838476739999976]]],[[[-59.18841065799995,-51.593375779999974],[-59.18733491299997,-51.59515724399995],[-59.189783948999946,-51.59506950599996],[-59.18841065799995,-51.593375779999974]]],[[[-58.093622239999945,-51.797689065999975],[-58.09847453499998,-51.79694901499994],[-58.09472850199995,-51.79725800499995],[-58.093622239999945,-51.797689065999975]]],[[[-61.040245908999964,-51.788369752999984],[-61.04238976899995,-51.79070434799996],[-61.043984311999964,-51.79055938899995],[-61.040245908999964,-51.788369752999984]]],[[[-58.80563390699996,-51.90387651999998],[-58.80154836599996,-51.90522692299999],[-58.80350530599998,-51.905352807999975],[-58.80563390699996,-51.90387651999998]]],[[[-59.01427446099996,-52.12990196699997],[-59.01564265099995,-52.13216245399997],[-59.01724878799996,-52.13127015699996],[-59.01427446099996,-52.12990196699997]]],[[[-58.963976843999944,-51.842361883999956],[-58.96008966699998,-51.84386487399996],[-58.962519628999985,-51.843410923999954],[-58.963976843999944,-51.842361883999956]]],[[[-60.09198651699995,-51.403446093999946],[-60.086279787999956,-51.40320950199998],[-60.08825573099995,-51.40468581699997],[-60.09198651699995,-51.403446093999946]]],[[[-59.757019895999974,-52.025559999999984],[-59.75412955199994,-52.02384134399995],[-59.752538604999984,-52.023881263999954],[-59.757019895999974,-52.025559999999984]]],[[[-58.87042702999997,-52.20585785099996],[-58.868561642999964,-52.20520553799997],[-58.86731456999996,-52.20696468299997],[-58.86925973299998,-52.20713195999997],[-58.87042702999997,-52.20585785099996]]],[[[-58.23653497099997,-51.84862480299995],[-58.230019467999966,-51.84870872699997],[-58.23117532099997,-51.84978065699994],[-58.23653497099997,-51.84862480299995]]],[[[-58.87884215899999,-52.20286667499994],[-58.875357433999966,-52.204339147999974],[-58.877650948999985,-52.204280650999976],[-58.87884215899999,-52.20286667499994]]],[[[-58.94681152299995,-51.83371140899993],[-58.94259246799999,-51.83502366499994],[-58.94449600199994,-51.835939191999955],[-58.94681152299995,-51.83371140899993]]],[[[-61.151372970999944,-51.82566968899994],[-61.15036169999996,-51.82447995899997],[-61.14845813199997,-51.82620506799998],[-61.151372970999944,-51.82566968899994]]],[[[-58.863644498999975,-52.20999107599994],[-58.861786740999946,-52.20916328599998],[-58.86095132299994,-52.21115837299993],[-58.863644498999975,-52.20999107599994]]],[[[-68.20846557599998,-54.87179183999996],[-68.20400237999996,-54.87093353299997],[-68.20536041299994,-54.87213897699996],[-68.20846557599998,-54.87179183999996]]],[[[-58.69488992099997,-51.94255600199995],[-58.69461907799996,-51.941430665999974],[-58.69093026499996,-51.94317016799994],[-58.69488992099997,-51.94255600199995]]],[[[-60.74501146499995,-51.322092881999936],[-60.74316344199997,-51.323485818999984],[-60.74728495599999,-51.323294558999976],[-60.74501146499995,-51.322092881999936]]],[[[-58.83316454599998,-52.19063206199996],[-58.83128001299997,-52.18829067299998],[-58.83065183499997,-52.19063206199996],[-58.83316454599998,-52.19063206199996]]],[[[-68.26149749799998,-54.87321472199994],[-68.25708007799994,-54.873146056999985],[-68.25778961199995,-54.87386703499993],[-68.26149749799998,-54.87321472199994]]],[[[-64.60985846799997,-54.91510807599997],[-64.61271382099994,-54.917059233999964],[-64.61276141099995,-54.91596468199998],[-64.60985846799997,-54.91510807599997]]],[[[-60.50678751899994,-52.22551900999997],[-60.50411062499995,-52.22694668699995],[-60.50706447099998,-52.22716579599995],[-60.50678751899994,-52.22551900999997]]],[[[-60.111525933999985,-51.67721375899998],[-60.10861109399997,-51.680069111999956],[-60.110752608999974,-51.67959321999996],[-60.111525933999985,-51.67721375899998]]],[[[-61.07540867899996,-51.79866280699997],[-61.07219640599993,-51.79765153599993],[-61.073326649999956,-51.79949561799998],[-61.07540867899996,-51.79866280699997]]],[[[-58.19254918499996,-51.85416605199998],[-58.18697972699994,-51.85412408999997],[-58.18914647499997,-51.85485651199997],[-58.19254918499996,-51.85416605199998]]],[[[-58.20143411899994,-51.865894750999985],[-58.200751287999935,-51.86493344599995],[-58.198431951999964,-51.866394474999936],[-58.20143411899994,-51.865894750999985]]],[[[-61.29869736899997,-51.79685554799994],[-61.29568375799994,-51.79712639099995],[-61.29656876699994,-51.798701860999984],[-61.29869736899997,-51.79685554799994]]],[[[-58.862086955999985,-51.90509508699995],[-58.85790537099996,-51.90589185099998],[-58.85722254099994,-51.906708195999954],[-58.862086955999985,-51.90509508699995]]],[[[-60.08934114799996,-51.406086441999946],[-60.08484749799999,-51.40518234499996],[-60.08652593599999,-51.406181799999956],[-60.08934114799996,-51.406086441999946]]],[[[-58.272311109999976,-51.86007270999994],[-58.26731767199993,-51.85962639099995],[-58.27038468799998,-51.860725022999986],[-58.272311109999976,-51.86007270999994]]],[[[-59.68300755599995,-51.38970074499997],[-59.68287404599994,-51.38914761299998],[-59.67855967799994,-51.38900264499995],[-59.68300755599995,-51.38970074499997]]],[[[-60.51671685599996,-51.784543611999936],[-60.51353539799999,-51.78674087699994],[-60.515988248999975,-51.78615722899997],[-60.51671685599996,-51.784543611999936]]],[[[-58.20421685399998,-51.87010917799995],[-58.20027627099995,-51.86979255799997],[-58.200726405999944,-51.87075386199996],[-58.20421685399998,-51.87010917799995]]],[[[-58.33037270899996,-51.83134994699998],[-58.32806100299996,-51.830827332999945],[-58.32632150099994,-51.831975556999964],[-58.33037270899996,-51.83134994699998]]],[[[-58.32237519599994,-51.39165458799994],[-58.320937054999945,-51.39038047899999],[-58.31956376399995,-51.39142570599995],[-58.32237519599994,-51.39165458799994]]],[[[-68.25238037099996,-54.83629608199993],[-68.25862884499998,-54.83528137199994],[-68.25438690199996,-54.835517882999966],[-68.25238037099996,-54.83629608199993]]],[[[-60.68762655499995,-52.202200292999976],[-60.68661528399997,-52.20362796899997],[-60.689589609999985,-52.203271049999955],[-60.68762655499995,-52.202200292999976]]],[[[-64.35552168799995,-54.84467667299998],[-64.35518856399995,-54.84258274699994],[-64.35342776299996,-54.842963460999954],[-64.35552168799995,-54.84467667299998]]],[[[-58.92364396499994,-52.12677345499998],[-58.92049683999994,-52.12812004299997],[-58.92307938999994,-52.12818489299997],[-58.92364396499994,-52.12677345499998]]],[[[-60.108143704999975,-51.49722252099997],[-60.10563363399996,-51.49594459699995],[-60.105320828999936,-51.49755821399998],[-60.108143704999975,-51.49779472599994],[-60.108143704999975,-51.49722252099997]]],[[[-67.35868835399998,-54.883548736999956],[-67.35475921599993,-54.88387298599997],[-67.35803985599995,-54.88407134999994],[-67.35868835399998,-54.883548736999956]]],[[[-59.69957818399996,-51.43725738699993],[-59.69699563399996,-51.43678054999998],[-59.69707192799996,-51.43790207099994],[-59.69957818399996,-51.43725738699993]]],[[[-60.51488469399993,-51.32601977699994],[-60.510148063999964,-51.32675396399998],[-60.50873125499999,-51.32735467799995],[-60.51488469399993,-51.32601977699994]]],[[[-64.36418292599996,-54.832398653999974],[-64.36346908799999,-54.83106615599996],[-64.36099444899997,-54.83149445899994],[-64.36418292599996,-54.832398653999974]]],[[[-60.39269723299998,-51.76583252199998],[-60.39332093599995,-51.76660118299998],[-60.39637841599995,-51.76694641299997],[-60.39269723299998,-51.76583252199998]]],[[[-68.20069122299998,-54.87206649799998],[-68.19714355499997,-54.87217330899995],[-68.19858550999999,-54.87309265099998],[-68.20069122299998,-54.87206649799998]]],[[[-60.61701604999996,-52.248183375999986],[-60.614101209999944,-52.24794542999996],[-60.61600477899998,-52.24919464699997],[-60.61701604999996,-52.248183375999986]]],[[[-59.820907069999976,-51.40868617499996],[-59.81881516399994,-51.408801866999966],[-59.81918956399994,-51.41028879199996],[-59.82080549699998,-51.41035072699998],[-59.820907069999976,-51.40868617499996]]],[[[-60.75616158899999,-51.31967697399995],[-60.75162591399999,-51.320535279999945],[-60.75317606899995,-51.32068689499994],[-60.75616158899999,-51.31967697399995]]],[[[-59.87346736699993,-51.40076330699998],[-59.87793665199996,-51.40145295499997],[-59.87903163399994,-51.40145409099995],[-59.87346736699993,-51.40076330699998]]],[[[-66.54600524899996,-55.06291198699995],[-66.54755401599994,-55.063507079999965],[-66.54888915999999,-55.06259155299995],[-66.54600524899996,-55.06291198699995]]],[[[-58.23234533999994,-51.56497499999995],[-58.231364962999976,-51.564902520999965],[-58.23067450299993,-51.56713030399993],[-58.232230898999944,-51.56715319199998],[-58.23234533999994,-51.56497499999995]]],[[[-59.05675401199994,-52.07777175999996],[-59.057743925999944,-52.07958469499994],[-59.05847062599997,-52.07784042399993],[-59.05675401199994,-52.07777175999996]]],[[[-68.18291473399995,-54.854251861999956],[-68.18495178199998,-54.85486602799995],[-68.18616485599995,-54.85449600199996],[-68.18291473399995,-54.854251861999956]]],[[[-60.08841042299997,-51.416166404999956],[-60.08749490599996,-51.41573533999997],[-60.08278376599998,-51.41659362399997],[-60.08841042299997,-51.416166404999956]]],[[[-61.23503716399995,-51.72091879699997],[-61.23396640699997,-51.71984803999993],[-61.23384743399998,-51.72228698699996],[-61.23503716399995,-51.72091879699997]]],[[[-60.24237177499998,-51.16035718499995],[-60.24819389099997,-51.16000785899996],[-60.24283754399994,-51.15989141599994],[-60.24237177499998,-51.16035718499995]]],[[[-59.37416407999996,-52.35692474399997],[-59.37231999699998,-52.35686525799997],[-59.37288511899993,-52.35832267799998],[-59.37416407999996,-52.35692474399997]]],[[[-60.97820367199995,-52.020921327999986],[-60.97806252899994,-52.02173385799995],[-60.980225461999964,-52.023517228999935],[-60.97820367199995,-52.020921327999986]]],[[[-61.22138108699994,-51.84405861099998],[-61.21980180199995,-51.84364280899996],[-61.219393629999956,-51.84492073299998],[-61.22108735499995,-51.845023728999934],[-61.22138108699994,-51.84405861099998]]],[[[-60.26848396299994,-51.15709585199994],[-60.26689557799995,-51.15709948699998],[-60.26391568399998,-51.15857223099994],[-60.26848396299994,-51.15709585199994]]],[[[-58.87366579299999,-51.894743398999935],[-58.872977239999955,-51.89362187699999],[-58.87098596799996,-51.89442868599997],[-58.87178705499997,-51.89512677499994],[-58.87366579299999,-51.894743398999935]]],[[[-60.25935504399996,-51.15883250699994],[-60.25388224499994,-51.15848321499993],[-60.25330003999994,-51.159065425999984],[-60.25935504399996,-51.15883250699994]]],[[[-60.52732648199998,-51.84185848499993],[-60.52828492499998,-51.84345779599994],[-60.52927803799997,-51.842097681999974],[-60.52732648199998,-51.84185848499993]]],[[[-59.038405317999946,-51.81313285999994],[-59.03559769999998,-51.81340370399994],[-59.03839005899994,-51.813712693999946],[-59.038405317999946,-51.81313285999994]]],[[[-60.46667441899996,-51.84559548999994],[-60.464249508999956,-51.84429321499994],[-60.464768307999975,-51.845727540999974],[-60.46667441899996,-51.84559548999994]]],[[[-60.78643353299998,-51.121468005999986],[-60.79032251999996,-51.12061226099996],[-60.787384895999935,-51.12077033199995],[-60.78643353299998,-51.121468005999986]]],[[[-60.79789025699995,-51.11816126699995],[-60.794619168999986,-51.11890281799998],[-60.79458863499997,-51.11977488399998],[-60.79789025699995,-51.11816126699995]]],[[[-60.08537724399997,-51.95569155099997],[-60.08383059499994,-51.95551309099994],[-60.08371162199995,-51.956702821999954],[-60.08478237899993,-51.95741665999998],[-60.08537724399997,-51.95569155099997]]],[[[-60.39482964899997,-51.79768524399998],[-60.39329614099995,-51.797074891999955],[-60.39312066499997,-51.79863510299998],[-60.39482964899997,-51.79768524399998]]],[[[-64.09756717599998,-54.74314906899997],[-64.09608001299995,-54.742613690999974],[-64.09453336299998,-54.74356547499997],[-64.09756717599998,-54.74314906899997]]],[[[-58.937493221999944,-51.846595383999954],[-58.93545235899995,-51.84749183799994],[-58.936818020999965,-51.84799537799995],[-58.937493221999944,-51.846595383999954]]],[[[-58.448777818999986,-51.950411061999944],[-58.44602360799996,-51.949655751999956],[-58.445626878999974,-51.950548390999984],[-58.448777818999986,-51.950411061999944]]],[[[-60.11307258399995,-51.68417368199994],[-60.11450025999994,-51.685184952999975],[-60.11491666599994,-51.68351933099996],[-60.11354847599995,-51.683757276999984],[-60.11307258399995,-51.68417368199994]]],[[[-58.40714921399996,-52.01738128899996],[-58.405909436999934,-52.017171480999934],[-58.405497449999984,-52.01860199199996],[-58.40714921399996,-52.01738128899996]]],[[[-58.87832163099995,-51.89421506299993],[-58.876078588999974,-51.89350552999997],[-58.87618158599997,-51.89450116599994],[-58.87832163099995,-51.89421506299993]]],[[[-64.60871632699997,-54.913870756999984],[-64.60543267099996,-54.91344245399995],[-64.60662240099998,-54.91444182699996],[-64.60871632699997,-54.913870756999984]]],[[[-58.436507123999945,-51.950700379999944],[-58.43378342999995,-51.95055923599995],[-58.434489148999944,-51.95113144099997],[-58.436507123999945,-51.950700379999944]]],[[[-58.960238439999955,-51.84120984499998],[-58.96039484299996,-51.84021420899995],[-58.95887277899993,-51.84051556899993],[-58.960238439999955,-51.84120984499998]]],[[[-59.012648480999985,-51.72285804999996],[-59.01138581699996,-51.724761583999964],[-59.01235856399995,-51.725310899999954],[-59.012648480999985,-51.72285804999996]]],[[[-58.32960213999996,-51.446923829999946],[-58.33114709199998,-51.44815597699994],[-58.33253945699994,-51.44783172799998],[-58.32960213999996,-51.446923829999946]]],[[[-59.00943841299994,-51.74725494599994],[-59.00874413799994,-51.74724731599997],[-59.00858773599998,-51.74912796199993],[-59.00957574199998,-51.74913559099997],[-59.00943841299994,-51.74725494599994]]],[[[-59.02394330799996,-51.72283946099998],[-59.02473676499994,-51.723934278999934],[-59.02530133999994,-51.72237788299998],[-59.02394330799996,-51.72283946099998]]],[[[-61.192740338999954,-51.830213166999954],[-61.19128693899995,-51.82976303299995],[-61.19093598699993,-51.83066711599997],[-61.192110913999954,-51.83093414499996],[-61.192740338999954,-51.830213166999954]]],[[[-60.69702542599998,-52.193396286999985],[-60.696133127999985,-52.194467043999964],[-60.697858236999934,-52.194407557999966],[-60.69702542599998,-52.193396286999985]]],[[[-59.488308804999974,-51.82528839299994],[-59.48669518799994,-51.82544479599994],[-59.48685540599996,-51.82632980599993],[-59.488461392999966,-51.82622299399998],[-59.488308804999974,-51.82528839299994]]],[[[-60.77525143399998,-51.31441653899998],[-60.77292830299996,-51.31484376599997],[-60.774450258999934,-51.315309240999966],[-60.77525143399998,-51.31441653899998]]],[[[-58.35293092099994,-51.89609108099995],[-58.35138596899998,-51.896331406999934],[-58.35139741299997,-51.89721260199997],[-58.352713483999935,-51.89704856999998],[-58.35293092099994,-51.89609108099995]]],[[[-58.94229783399999,-51.84308395599999],[-58.940054791999955,-51.84387359899995],[-58.94120683099993,-51.844087221999985],[-58.94229783399999,-51.84308395599999]]],[[[-58.36920632699997,-51.466279604999954],[-58.367302792999965,-51.466504671999985],[-58.36740960399993,-51.46730575899994],[-58.369145291999985,-51.466886141999964],[-58.36920632699997,-51.466279604999954]]],[[[-59.86861703599993,-51.39833033999997],[-59.87163419299998,-51.398956613999985],[-59.872833440999955,-51.398737703999984],[-59.86861703599993,-51.39833033999997]]],[[[-60.88599627399998,-51.28272660699997],[-60.88466343999994,-51.28203860399998],[-60.883645796999986,-51.28265486099997],[-60.88599627399998,-51.28272660699997]]],[[[-58.08505749799997,-51.79227324699997],[-58.08411908199997,-51.791655265999964],[-58.08358120999998,-51.792731010999944],[-58.08505749799997,-51.79227324699997]]],[[[-58.06850518599998,-51.54326782399994],[-58.06568230999994,-51.54353866799994],[-58.06606377899993,-51.54406509599994],[-58.06850518599998,-51.54326782399994]]],[[[-60.506311625999956,-52.23152714899993],[-60.50535984199996,-52.231824581999945],[-60.505716760999974,-52.23331174499998],[-60.506490085999985,-52.232657392999954],[-60.506311625999956,-52.23152714899993]]],[[[-58.24476312499996,-51.80024071499997],[-58.24257730299996,-51.79944344299997],[-58.24290155199998,-51.80019875299996],[-58.24476312499996,-51.80024071499997]]],[[[-68.08403778099995,-54.87232208299997],[-68.08518218999995,-54.873031615999935],[-68.08620452899999,-54.87243270899995],[-68.08403778099995,-54.87232208299997]]],[[[-60.64461779699997,-52.212669920999986],[-60.64598598699996,-52.212491460999956],[-60.645450608999965,-52.21153967699996],[-60.644677283999954,-52.21165864999995],[-60.64461779699997,-52.212669920999986]]],[[[-58.95896051699998,-51.84210248299996],[-58.957713110999975,-51.84252972899998],[-58.95783136599994,-51.843689396999935],[-58.95869348799994,-51.84307523099994],[-58.95896051699998,-51.84210248299996]]],[[[-58.27056206999998,-51.86757621999993],[-58.26846398699996,-51.867492296999956],[-58.27053536799997,-51.86822853299998],[-58.27056206999998,-51.86757621999993]]],[[[-58.09277047499995,-51.547639466999954],[-58.090119260999984,-51.547814942999935],[-58.091904538999984,-51.548055268999974],[-58.09277047499995,-51.547639466999954]]],[[[-58.23823047199994,-51.85183103899993],[-58.235697512999934,-51.85253294299997],[-58.23801303499994,-51.85232313399996],[-58.23823047199994,-51.85183103899993]]],[[[-58.099245922999955,-51.53454742599996],[-58.09774293199996,-51.53476867899997],[-58.09766282399994,-51.53545532399994],[-58.09863557099993,-51.535459138999954],[-58.099245922999955,-51.53454742599996]]],[[[-60.73725474099996,-52.196473363999985],[-60.73622095799993,-52.19591641799997],[-60.735858561999976,-52.19691205399994],[-60.73694193599994,-52.19687390699994],[-60.73725474099996,-52.196473363999985]]],[[[-60.18436517099997,-51.66959152399994],[-60.18321694799994,-51.66918716599997],[-60.18291558599998,-51.67042312799998],[-60.18398370199998,-51.67032394599994],[-60.18436517099997,-51.66959152399994]]],[[[-58.14527378899999,-51.78473997999998],[-58.143534286999966,-51.78467512999998],[-58.14370976399994,-51.785449513999936],[-58.14527378899999,-51.78473997999998]]],[[[-60.51848652399997,-51.32564715799998],[-60.516210496999975,-51.32577612099993],[-60.51650251399997,-51.32642883999995],[-60.51848652399997,-51.32564715799998]]],[[[-58.391741938999985,-51.92292161399996],[-58.38983836999995,-51.92381391199996],[-58.391325532999986,-51.92375442499997],[-58.391741938999985,-51.92292161399996]]],[[[-60.087795539999945,-51.40134868399997],[-60.086197191999986,-51.40121134699996],[-60.086509984999964,-51.40206965599998],[-60.087795539999945,-51.40134868399997]]],[[[-61.033302585999934,-52.00694075599995],[-61.03241028899998,-52.00592948499997],[-61.03187490999994,-52.006762296999966],[-61.03229131499995,-52.007178701999976],[-61.033302585999934,-52.00694075599995]]],[[[-59.05854420899993,-51.189434785999936],[-59.05793030799998,-51.18905475199995],[-59.057111773999964,-51.190077919999965],[-59.058018008999966,-51.19016561999996],[-59.05854420899993,-51.189434785999936]]],[[[-58.100163357999975,-51.788226700999985],[-58.09795846299994,-51.788943863999975],[-58.099373715999945,-51.78887519999995],[-58.100163357999975,-51.788226700999985]]],[[[-60.07180489899997,-51.94928894299994],[-60.07071389599997,-51.94899521099995],[-60.070507901999974,-51.94987640599993],[-60.07126321199996,-51.949922181999966],[-60.07180489899997,-51.94928894299994]]],[[[-59.00565995599993,-51.748096085999975],[-59.00565232599996,-51.74915657199995],[-59.00631226899998,-51.74918327499995],[-59.00666322099994,-51.74806556899995],[-59.00565995599993,-51.748096085999975]]],[[[-60.470381764999956,-52.21647705899994],[-60.46913254799995,-52.21754781599998],[-60.470143818999986,-52.217607302999966],[-60.470381764999956,-52.21647705899994]]],[[[-57.76276482999998,-51.67387542899996],[-57.761364835999984,-51.67310485999997],[-57.760949033999964,-51.673802948999935],[-57.76276482999998,-51.67387542899996]]],[[[-58.24079217299993,-51.846463777999986],[-58.238476651999974,-51.846452333999935],[-58.23993768099996,-51.84700927899996],[-58.24079217299993,-51.846463777999986]]],[[[-59.025057198999946,-51.72538386399998],[-59.02365720499995,-51.72551356399998],[-59.02374494299994,-51.72656260499997],[-59.025057198999946,-51.72538386399998]]],[[[-61.22060663899998,-51.87055603599998],[-61.219952286999956,-51.869247331999986],[-61.219297934999986,-51.870318089999955],[-61.22060663899998,-51.87055603599998]]],[[[-59.987622011999974,-51.385135110999954],[-59.986253904999955,-51.384678350999934],[-59.98570613299995,-51.386219333999975],[-59.987622011999974,-51.385135110999954]]],[[[-58.22969521899995,-51.84827385099993],[-58.22860040099994,-51.84820518699996],[-58.22847451599995,-51.849235154999974],[-58.22969521899995,-51.84827385099993]]],[[[-58.32402695899998,-51.827130892999946],[-58.323687450999955,-51.82764587699995],[-58.325480357999936,-51.82764206199994],[-58.32402695899998,-51.827130892999946]]],[[[-60.684057362999965,-52.20255721199993],[-60.68310557899997,-52.202200292999976],[-60.68328403899994,-52.20315207699997],[-60.684057362999965,-52.20255721199993]]],[[[-60.59334457999995,-51.97467964899994],[-60.59162988099996,-51.97512970199995],[-60.59225930599996,-51.97571335099997],[-60.59334457999995,-51.97467964899994]]],[[[-59.49096001999993,-51.828405000999965],[-59.49112023699996,-51.82916412599997],[-59.49158944499993,-51.82936248999994],[-59.49192513799994,-51.82850418299995],[-59.49096001999993,-51.828405000999965]]],[[[-59.02631519199997,-51.775833561999946],[-59.02728793899996,-51.77631421399997],[-59.02789066099996,-51.775658086999954],[-59.02631519199997,-51.775833561999946]]],[[[-59.03156802899997,-51.78039593999995],[-59.03098819599995,-51.77980466199995],[-59.03019092399995,-51.780304387999934],[-59.03079364599995,-51.78089185199997],[-59.03156802899997,-51.78039593999995]]],[[[-60.68007176599997,-52.19934493899996],[-60.679119981999975,-52.19869058799998],[-60.67906049499999,-52.199761344999956],[-60.68007176599997,-52.19934493899996]]],[[[-60.50654957199998,-52.22992101299997],[-60.50535984199996,-52.229742553999984],[-60.50541932799996,-52.230396904999964],[-60.506073679999986,-52.23045639199995],[-60.50654957199998,-52.22992101299997]]],[[[-60.521044511999946,-51.32527907599996],[-60.51943340899999,-51.32546459699995],[-60.51962721999996,-51.32582046899995],[-60.521044511999946,-51.32527907599996]]],[[[-60.642773714999976,-52.212550947999944],[-60.64176244399994,-52.212491460999956],[-60.64176244399994,-52.21296735399994],[-60.642654741999934,-52.21302683999994],[-60.642773714999976,-52.212550947999944]]],[[[-61.45554966699996,-51.00082903099997],[-61.45462001699997,-51.00054731899996],[-61.45490172899997,-51.00125159999993],[-61.45554966699996,-51.00082903099997]]],[[[-58.35054101399999,-51.437493898999946],[-58.34942712299994,-51.437692262999974],[-58.350315946999956,-51.43785247999995],[-58.35054101399999,-51.437493898999946]]],[[[-64.35061999899995,-54.844010423999976],[-64.34947785699995,-54.84396283499996],[-64.34985857099997,-54.844438726999954],[-64.35061999899995,-54.844010423999976]]]]}},{"type":"Feature","properties":{"OBJECTID":444,"Entidad":0,"Objeto":"Provincia","FNA":"Provincia de Santa Cruz","GNA":"Provincia","NAM":"Santa Cruz","SAG":"IGN","FDC":"Geograf\u00eda","IN1":"78","SHAPE_STAr":29.9438758689,"SHAPE_STLe":40.8355525833,"shapeName":"Santa Cruz","shapeISO":"AR-Z","shapeGroup":"ARG","shapeType":"ADM1"},"geometry":{"type":"MultiPolygon","coordinates":[[[[-69.43519592299998,-51.113220214999956],[-69.45420837399996,-51.107574462999935],[-69.40871429399994,-51.09488677999997],[-69.43519592299998,-51.113220214999956]]],[[[-67.70638275099998,-49.29493331899994],[-67.68598174999994,-49.28260421799996],[-67.69034576399997,-49.295410155999946],[-67.70638275099998,-49.29493331899994]]],[[[-67.73364257799994,-49.27687454199997],[-67.69248962399996,-49.26551055899995],[-67.70475768999995,-49.284862517999954],[-67.73364257799994,-49.27687454199997]]],[[[-67.04431915299995,-48.74910354599996],[-67.04302978499999,-48.750999450999984],[-67.04581451399997,-48.75511550899995],[-67.04798889199998,-48.75249099699994],[-67.04431915299995,-48.74910354599996]]],[[[-67.05592346199995,-48.747966765999934],[-67.05786132799994,-48.74988937399996],[-67.05953216599994,-48.74798202499994],[-67.05592346199995,-48.747966765999934]]],[[[-67.14524078399995,-48.74379730199996],[-67.14324951199995,-48.74330902099996],[-67.14345550499996,-48.744956969999976],[-67.14455413799993,-48.74523925799997],[-67.14524078399995,-48.74379730199996]]],[[[-67.13566589399994,-48.73453903199999],[-67.13771820099998,-48.73834991499996],[-67.14061737099996,-48.736099242999956],[-67.13566589399994,-48.73453903199999]]],[[[-66.32420349099993,-48.35807418799993],[-66.32395935099998,-48.35978698699995],[-66.32528686499995,-48.360271453999985],[-66.32602691699998,-48.359169005999945],[-66.32420349099993,-48.35807418799993]]],[[[-66.21935272199994,-48.24465942399996],[-66.22116088899998,-48.24693679799998],[-66.22254943799999,-48.24584579499998],[-66.21935272199994,-48.24465942399996]]],[[[-66.11020660399998,-48.141479491999974],[-66.10890960699999,-48.14106750499997],[-66.10918426499995,-48.14203262299998],[-66.11020660399998,-48.141479491999974]]],[[[-66.08739471399997,-48.128566741999975],[-66.08391570999999,-48.13044357299998],[-66.08714294399994,-48.12927246099997],[-66.08739471399997,-48.128566741999975]]],[[[-66.10328674299996,-48.12577056899994],[-66.10791778599997,-48.125522613999976],[-66.10450744599996,-48.12544250499997],[-66.10328674299996,-48.12577056899994]]],[[[-65.89720916699997,-48.111942290999934],[-65.89383697499994,-48.11284255999993],[-65.89422607399996,-48.11558532699996],[-65.89672088599997,-48.115020751999964],[-65.89720916699997,-48.111942290999934]]],[[[-65.99461364699994,-48.11157226599994],[-65.99102020299995,-48.11241912799994],[-65.99207305899995,-48.114208220999956],[-65.99461364699994,-48.11157226599994]]],[[[-65.98796844499998,-48.109424590999936],[-65.98471832299998,-48.10760116599994],[-65.98416900599995,-48.11070251499996],[-65.98713684099994,-48.11069869999994],[-65.98796844499998,-48.109424590999936]]],[[[-65.89199066199996,-48.08613204999995],[-65.88979339599996,-48.08689117399996],[-65.89071655299995,-48.088180541999975],[-65.89217376699997,-48.08718872099996],[-65.89199066199996,-48.08613204999995]]],[[[-65.89655303999996,-48.08336639399994],[-65.89070129399994,-48.082401275999985],[-65.88934326199995,-48.08633422899993],[-65.89655303999996,-48.08336639399994]]],[[[-65.90243530299995,-48.07733154299996],[-65.89801025399998,-48.07368469199997],[-65.89647674599996,-48.07657623299997],[-65.89833831799996,-48.07915878299997],[-65.90243530299995,-48.07733154299996]]],[[[-65.92602539099994,-48.00663375899995],[-65.92471313499993,-48.00635528599997],[-65.92495727499994,-48.00726318399995],[-65.92602539099994,-48.00663375899995]]],[[[-65.89841461199995,-48.00339126599994],[-65.90379333499993,-48.00659942599998],[-65.90354156499995,-48.00421523999995],[-65.89841461199995,-48.00339126599994]]],[[[-65.89016723599997,-48.001445769999975],[-65.88904571499995,-48.00011444099994],[-65.88784027099996,-48.00181961099997],[-65.89016723599997,-48.001445769999975]]],[[[-65.87196350099998,-47.95942687999997],[-65.87003326399997,-47.95816802999997],[-65.87007141099997,-47.95970916699997],[-65.87196350099998,-47.95942687999997]]],[[[-65.86221313499993,-47.95659637499995],[-65.86453247099996,-47.96060943599997],[-65.86628723099994,-47.95895385699998],[-65.86221313499993,-47.95659637499995]]],[[[-65.86816406299994,-47.95476531999998],[-65.87012481699998,-47.95606613199993],[-65.87097167999997,-47.95470809899996],[-65.86816406299994,-47.95476531999998]]],[[[-65.76410674999994,-47.95225524899996],[-65.76255798299997,-47.95109939599996],[-65.76081085199996,-47.953948974999946],[-65.76245117199994,-47.95366668699995],[-65.76410674999994,-47.95225524899996]]],[[[-65.87251281699997,-47.948856353999986],[-65.87039947499994,-47.948688506999986],[-65.87065887499995,-47.950122832999966],[-65.87226867699997,-47.95005416899994],[-65.87251281699997,-47.948856353999986]]],[[[-65.73673248299997,-47.91486358599997],[-65.73613738999995,-47.91612625099998],[-65.74229431199996,-47.92091369599996],[-65.73673248299997,-47.91486358599997]]],[[[-65.76084899899996,-47.913394927999946],[-65.75595855699999,-47.913219451999964],[-65.75557708699995,-47.91423034699994],[-65.76084899899996,-47.913394927999946]]],[[[-65.72605895999993,-47.91147994999994],[-65.71680450399998,-47.90525054899996],[-65.71069335899995,-47.91437911999998],[-65.72605895999993,-47.91147994999994]]],[[[-66.16207885699998,-47.81664276099997],[-66.16945648199999,-47.81887435899995],[-66.17700958299997,-47.818504332999964],[-66.16207885699998,-47.81664276099997]]],[[[-66.14424896199995,-47.810462951999966],[-66.15526580799997,-47.81534194899996],[-66.16030120799996,-47.813354491999974],[-66.14424896199995,-47.810462951999966]]],[[[-66.08006286599993,-47.782878875999984],[-66.06587219199997,-47.776245116999974],[-66.06521606399997,-47.78159332299998],[-66.08006286599993,-47.782878875999984]]],[[[-66.05245971699998,-47.768463134999934],[-66.05680084199997,-47.77422332799995],[-66.06007385299995,-47.773391723999964],[-66.05245971699998,-47.768463134999934]]],[[[-66.05480956999997,-47.78642272899998],[-65.99021148699995,-47.76167678799993],[-66.00305938699995,-47.772109984999986],[-66.05480956999997,-47.78642272899998]]],[[[-65.94772338899998,-47.75995635999993],[-65.93426513699995,-47.76215743999995],[-65.93854522699996,-47.76587295499996],[-65.94772338899998,-47.75995635999993]]],[[[-65.96371459999995,-47.75300979599996],[-65.96994781499995,-47.755058288999976],[-65.96763610799997,-47.75248718299997],[-65.96371459999995,-47.75300979599996]]],[[[-67.62724486899998,-46.08363269499995],[-67.61366766399993,-46.23144005399996],[-67.44027871999998,-46.54854130399997],[-67.35532244399997,-46.61884009999994],[-67.12162772699998,-46.70744137299994],[-66.79193436899993,-46.999144255999965],[-66.63050697499995,-47.04578645099997],[-66.49777588099994,-47.03827687199998],[-66.19769610499998,-47.08740203399998],[-65.94069183099998,-47.07218121699998],[-65.86738063699994,-47.09209730599997],[-65.73556325599998,-47.20197129699994],[-65.75772079699993,-47.222058706999974],[-65.71784578999996,-47.33216112699995],[-65.73980345599995,-47.51023522899993],[-65.83864150699998,-47.74681551899994],[-66.00531005899995,-47.73077392599998],[-66.28198242199994,-47.87139892599998],[-66.08819580099998,-47.812988280999946],[-65.97808837899998,-47.76269531299994],[-65.93829345699999,-47.76690673799993],[-65.88085998599996,-47.76268811099993],[-65.85818848199995,-47.87277625399997],[-65.76823057899998,-47.907354580999936],[-65.79039952199997,-47.93803287199995],[-65.76508681499996,-47.950139569999976],[-65.92417281899998,-47.939688976999946],[-65.95145571899997,-47.97640881999996],[-65.93186799599994,-48.017211816999975],[-65.98036738799993,-48.05074339399994],[-65.89643427999994,-48.103029669999955],[-65.94090640599995,-48.12473035499994],[-65.97552756399995,-48.09998871899995],[-66.12106491699996,-48.12358821299995],[-66.15992627399999,-48.19046058499998],[-66.22825487599994,-48.20129665099995],[-66.33755779699999,-48.277163385999984],[-66.36017897599999,-48.31471734799993],[-66.34300319399995,-48.36880439999993],[-66.44803914599999,-48.35231283199994],[-66.49435297499997,-48.417471991999946],[-66.75319074299995,-48.473165655999935],[-66.87526193899998,-48.593382736999956],[-66.99058251599996,-48.61344159299995],[-67.12969611799997,-48.68514300199996],[-67.21992527899994,-48.83799957699995],[-67.41308992399996,-48.91271465199998],[-67.55362089099998,-49.01660191999997],[-67.63561711699998,-49.13823996699995],[-67.61389160199997,-49.18518066399997],[-67.74139404299996,-49.275329589999956],[-67.71569824199997,-49.31781005899995],[-67.79760742199994,-49.32800292999997],[-67.77209472699997,-49.38067626999998],[-67.83752441399997,-49.38677978499993],[-67.71380615199996,-49.38592529299996],[-67.66809081999997,-49.25518798799993],[-67.61275485899995,-49.250272723999956],[-67.60360345199996,-49.29567283999995],[-67.68757938999994,-49.48192752999995],[-67.72966729599995,-49.77590041899998],[-67.85517181799997,-49.96318521699993],[-68.14149711999994,-50.10375187599993],[-68.33878774999994,-50.122140350999985],[-68.53192138699995,-49.93359374999994],[-68.63739013699995,-49.77758789099994],[-68.57141113299997,-49.93682861299993],[-68.87451171899994,-49.96582031299994],[-68.93280029299996,-49.99999999999994],[-68.85906982399996,-49.96917724599996],[-68.67291259799998,-49.99328613299997],[-68.58068847699997,-49.964416503999985],[-68.50927734399994,-50.01977539099994],[-68.49029540999999,-50.088012694999975],[-68.35490621899999,-50.15130540399997],[-68.88000597099995,-50.335618453999984],[-69.07930962499995,-50.56533161899995],[-69.14102808399997,-50.727244422999945],[-69.13201893599995,-50.89958649999994],[-69.22520552999998,-50.97489203899994],[-69.32122802699996,-50.988403319999975],[-69.39611816399997,-51.07971191399997],[-69.46490478499999,-51.11260986299993],[-69.43432617199994,-51.11370849599996],[-69.20550537099996,-50.975280761999954],[-69.16612827199998,-50.98088828099998],[-68.95853395799998,-51.571994952999944],[-69.03729247999996,-51.56072997999996],[-69.13470458999996,-51.60321044899996],[-69.34411621099997,-51.551574706999986],[-69.61779785199997,-51.626892089999956],[-69.33520507799994,-51.585510253999985],[-69.10339355499997,-51.63427734399994],[-69.11730956999997,-51.655090331999986],[-69.01409912099996,-51.60638427699996],[-68.96132919399997,-51.62389000099995],[-68.70844959599998,-51.98124697299994],[-68.35473111799996,-52.33638846799994],[-68.42905358199994,-52.396398473999966],[-68.41862777799997,-52.33247777799994],[-68.83799722199996,-52.27773611099997],[-69.19001118899996,-52.150102199999935],[-69.48596413599995,-52.15143850599998],[-69.99549999999994,-52.00071666699995],[-71.92149963499998,-51.99998425999996],[-72.00976804799996,-51.97752910899993],[-72.03425433099994,-51.960549872999934],[-71.92883816299997,-51.91454928799993],[-71.95101473899996,-51.87162381199994],[-72.12174921599996,-51.74402947799996],[-72.29711165099997,-51.69940276799997],[-72.28330495899996,-51.63852879799998],[-72.32702222199998,-51.587338888999966],[-72.44251940599997,-51.58448921799993],[-72.40518447299996,-51.513390922999974],[-72.34466074099998,-51.52073786599993],[-72.35090920599998,-51.48453555699996],[-72.32405277799995,-51.47495555599994],[-72.33826355999997,-51.42482893099998],[-72.30896763599998,-51.366446475999965],[-72.37170480599997,-51.33626193199996],[-72.25948736199996,-51.25404362299997],[-72.30360214999996,-51.20173917799997],[-72.34875755099995,-51.20360995499993],[-72.40905983499994,-51.107489545999954],[-72.37416944399996,-51.02320833299996],[-72.26566518699997,-51.035227694999946],[-72.24806429799997,-50.87503362299998],[-72.35032655199996,-50.74021939099998],[-72.28624766699994,-50.65964608199994],[-72.35918855699998,-50.61612122899999],[-72.40778904799998,-50.63640613399997],[-72.49037823599997,-50.60029781399993],[-72.59469499599999,-50.68165872399993],[-72.72974487499994,-50.61495172399998],[-72.89143781599995,-50.670176158999936],[-72.95469935599994,-50.740959174999944],[-73.06970214799998,-50.78887939499998],[-73.09692382799994,-50.773376464999956],[-73.26751708999996,-50.82397460899995],[-73.28491210899995,-50.787902831999986],[-73.25598144499997,-50.750122069999975],[-73.28601074199997,-50.739501952999944],[-73.17272949199997,-50.67669677699996],[-73.27081298799999,-50.64880371099997],[-73.28869628899997,-50.58599853499993],[-73.38641357399996,-50.516418456999986],[-73.36450195299994,-50.48791503899997],[-73.43261718799994,-50.483093261999954],[-73.40368652299998,-50.45080566399997],[-73.48638915999999,-50.382080077999944],[-73.48071289099994,-50.32568359399994],[-73.56457519499997,-50.272705077999944],[-73.55517578099995,-50.184387206999986],[-73.52081298799999,-50.15307617199994],[-73.54150390599995,-50.11901855499997],[-73.48291015599995,-50.054077147999976],[-73.56658935499996,-50.020385741999974],[-73.50518798799999,-49.96649169899996],[-73.55261230499997,-49.92388915999993],[-73.43878173799999,-49.75781249999994],[-73.50909423799999,-49.705200194999975],[-73.46368408199999,-49.61889648399995],[-73.54968261699997,-49.53808593799994],[-73.53961181599993,-49.49822997999996],[-73.46380615199996,-49.48248290999993],[-73.49041747999996,-49.42871093799994],[-73.42620849599996,-49.39190673799993],[-73.41058349599996,-49.31939697299998],[-73.49371337899998,-49.272705077999944],[-73.49499511699997,-49.24200439499998],[-73.47070312499994,-49.201110839999956],[-73.14367675799997,-49.27099609399994],[-73.04559326199995,-49.27368164099994],[-73.13318885799998,-49.26717525999993],[-73.14543118499995,-49.19015210699996],[-73.00491449499998,-49.06345056699996],[-73.01384223299993,-49.03619146199998],[-72.98137278799999,-49.02915580299998],[-72.99286490399999,-48.99722540899995],[-72.94643686099994,-48.94560062299996],[-72.79458917799997,-48.96808176999997],[-72.69108715099998,-48.86755830499993],[-72.63693654699995,-48.867250453999986],[-72.53223203399995,-48.797556845999964],[-72.58574968199997,-48.48731597799997],[-72.44159170199998,-48.51408681799995],[-72.37350637999998,-48.449822651999966],[-72.40640748499999,-48.41607535199995],[-72.34775952099994,-48.39019930799998],[-72.38069046799995,-48.350127816999986],[-72.24107111299998,-48.34831716599996],[-72.22711795299995,-48.318488241999944],[-72.32581111099995,-48.21546388899998],[-72.30568378999999,-48.140430795999976],[-72.36030624699998,-48.073598655999945],[-72.44379225699998,-48.06434848199996],[-72.42425955899995,-47.969422264999935],[-72.52741736399997,-47.93778429699995],[-72.46816239999998,-47.81274936699998],[-72.52333770999996,-47.74044435299993],[-72.44272157099994,-47.746103751999954],[-72.42081169299996,-47.66162812699997],[-72.30909549699999,-47.59083937499997],[-72.32703179999999,-47.571364562999975],[-72.29114008599998,-47.51188886799997],[-72.34134177999994,-47.45618615799998],[-72.24448106099999,-47.40609136599994],[-72.19735258399999,-47.41704212099995],[-72.12808409399997,-47.32811928399997],[-72.04770530699994,-47.33999671999993],[-71.99644538199993,-47.29495367199996],[-72.01861094199995,-47.19841917599996],[-71.86474539899996,-47.230567862999976],[-71.89469567499998,-47.21097776099998],[-71.85048053099996,-47.16418724599998],[-71.85996910699998,-47.131881541999974],[-71.95405438299997,-47.07605770099997],[-71.88004243899996,-47.010104990999935],[-71.95799508799996,-46.974243023999975],[-71.97105490899997,-46.905225418999976],[-71.93133932499995,-46.86815847299994],[-71.95537749699997,-46.81442239099994],[-71.83288908999998,-46.797755059999986],[-71.64342403199998,-46.681815762999975],[-71.66929079499994,-46.52784197099993],[-71.75652183599993,-46.34562879599997],[-71.72688287299997,-46.271899530999974],[-71.77756909299995,-46.19879164799994],[-71.85936841499995,-46.19470334399995],[-71.86507053799994,-46.15685120799998],[-71.91465374699999,-46.13991896299996],[-71.71489680599996,-46.09020607399998],[-71.64457847899996,-45.99975292899995],[-67.59567964199994,-45.99979470699998],[-67.62724486899998,-46.08363269499995]]]]}},{"type":"Feature","properties":{"OBJECTID":445,"Entidad":0,"Objeto":"Provincia","FNA":"Provincia del Chubut","GNA":"Provincia","NAM":"Chubut","SAG":"IGN","FDC":"Geograf\u00eda","IN1":"26","SHAPE_STAr":25.0858342989,"SHAPE_STLe":38.8379453893,"shapeName":"Chubut","shapeISO":"AR-U","shapeGroup":"ARG","shapeType":"ADM1"},"geometry":{"type":"MultiPolygon","coordinates":[[[[-66.69674682599998,-45.244071959999985],[-66.69851684599996,-45.247474669999974],[-66.70063781699997,-45.24606323199998],[-66.69674682599998,-45.244071959999985]]],[[[-66.39287567099996,-45.19062423699995],[-66.40821838399995,-45.193752288999974],[-66.40211486799996,-45.18555068999996],[-66.39287567099996,-45.19062423699995]]],[[[-66.50768279999994,-45.18059539799998],[-66.50097656199995,-45.184658050999985],[-66.50521087599998,-45.18536376999998],[-66.50768279999994,-45.18059539799998]]],[[[-66.48910522499995,-45.17900466899994],[-66.48578643799993,-45.17940139799998],[-66.48746490499997,-45.18309783899997],[-66.48987579299995,-45.18217086799996],[-66.48910522499995,-45.17900466899994]]],[[[-66.51876068099995,-45.17849731399997],[-66.51522064199997,-45.18223953199998],[-66.51862335199996,-45.180583953999985],[-66.51876068099995,-45.17849731399997]]],[[[-66.50433349599996,-45.17656707799995],[-66.50204467799995,-45.17595291099997],[-66.49272155799997,-45.18081664999994],[-66.50433349599996,-45.17656707799995]]],[[[-66.51065063499993,-45.172252654999966],[-66.50869750999993,-45.17320251499996],[-66.51166534399994,-45.17378616299993],[-66.51065063499993,-45.172252654999966]]],[[[-66.50084686299994,-45.16727447499994],[-66.49616241499996,-45.16872405999993],[-66.49703216599994,-45.17052841199995],[-66.50023651099997,-45.16852569599996],[-66.50084686299994,-45.16727447499994]]],[[[-66.36049652099996,-45.15119552599998],[-66.36227416999998,-45.15509414699994],[-66.36432647699996,-45.14999771099997],[-66.36049652099996,-45.15119552599998]]],[[[-66.05334472699997,-45.12731552099996],[-66.05103301999998,-45.128883361999954],[-66.06070709199997,-45.13224410999993],[-66.05334472699997,-45.12731552099996]]],[[[-65.94024658199999,-45.118846892999954],[-65.93891906699997,-45.11804580699993],[-65.93736267099996,-45.11926650999993],[-65.94024658199999,-45.118846892999954]]],[[[-66.09371185299995,-45.11802291899994],[-66.09631347699997,-45.11952590899995],[-66.09745788599997,-45.11789703399995],[-66.09371185299995,-45.11802291899994]]],[[[-65.96368408199999,-45.103725432999966],[-65.95083618199993,-45.10877227799995],[-65.94544219999995,-45.118816375999984],[-65.96368408199999,-45.103725432999966]]],[[[-66.02977752699996,-45.099380492999956],[-66.02693939199997,-45.099697112999934],[-66.02788543699995,-45.10062026999998],[-66.02977752699996,-45.099380492999956]]],[[[-65.96647643999995,-45.09642410299995],[-65.96407318099995,-45.09682846099997],[-65.96414184599996,-45.09860229499998],[-65.96624755899995,-45.09874725299994],[-65.96647643999995,-45.09642410299995]]],[[[-66.41496276899994,-45.09457778899997],[-66.41954803499993,-45.09645843499993],[-66.41997528099995,-45.09432983399995],[-66.41496276899994,-45.09457778899997]]],[[[-66.03895568799999,-45.09088134799998],[-66.03570556599993,-45.09350967399996],[-66.03746032699996,-45.09276580799997],[-66.03895568799999,-45.09088134799998]]],[[[-66.04229736299993,-45.09057617199994],[-66.04499816899994,-45.09160232499994],[-66.04556274399994,-45.09024047899993],[-66.04229736299993,-45.09057617199994]]],[[[-66.40294647199994,-45.08868026699997],[-66.40995788599997,-45.09138870199996],[-66.40806579599996,-45.08838272099996],[-66.40294647199994,-45.08868026699997]]],[[[-66.40309143099995,-45.082401275999985],[-66.40433502199994,-45.08433532699996],[-66.40937805199997,-45.08478546099997],[-66.40309143099995,-45.082401275999985]]],[[[-65.96412658699995,-45.10888671899994],[-66.00783538799993,-45.10424804699994],[-66.01975250199996,-45.08640670799997],[-65.98593139599996,-45.103279113999974],[-65.96412658699995,-45.10888671899994]]],[[[-66.30044555699993,-45.07583618199993],[-66.29492950399998,-45.07782745399993],[-66.29838561999998,-45.07769393899997],[-66.30044555699993,-45.07583618199993]]],[[[-66.40139007599998,-45.06872558599997],[-66.40106201199995,-45.069725036999955],[-66.40229797399996,-45.06957626299993],[-66.40139007599998,-45.06872558599997]]],[[[-66.31584930399998,-45.068737029999966],[-66.32381439199997,-45.06656265299995],[-66.31976318399995,-45.066326140999934],[-66.31584930399998,-45.068737029999966]]],[[[-66.34155273399995,-45.06473541299994],[-66.33847808799999,-45.06357955899995],[-66.33896636999998,-45.066089629999965],[-66.34155273399995,-45.06473541299994]]],[[[-65.57560729999994,-45.06375122099996],[-65.57327270499997,-45.06588745099998],[-65.57727050799997,-45.065181731999985],[-65.57560729999994,-45.06375122099996]]],[[[-65.81214141799995,-45.06348037699996],[-65.80638122599998,-45.061027526999965],[-65.81037139899996,-45.06739807099996],[-65.81214141799995,-45.06348037699996]]],[[[-65.62480926499995,-45.060184478999986],[-65.61579132099996,-45.06153869599996],[-65.62061309799998,-45.06226730299994],[-65.62480926499995,-45.060184478999986]]],[[[-65.71713256799995,-45.05730819699994],[-65.71508789099994,-45.05741882299998],[-65.71522521999998,-45.058197020999955],[-65.71652984599996,-45.05812454199997],[-65.71713256799995,-45.05730819699994]]],[[[-65.59287261999998,-45.060173034999934],[-65.58881378199999,-45.056060790999936],[-65.57770538299997,-45.06305313099995],[-65.59287261999998,-45.060173034999934]]],[[[-65.62625884999994,-45.052593230999946],[-65.62589263899997,-45.05236816399997],[-65.62078857399996,-45.05498886099997],[-65.62625884999994,-45.052593230999946]]],[[[-66.34431457499994,-45.053390502999946],[-66.33431243899997,-45.05717086799996],[-66.33942413299997,-45.05735778799993],[-66.34431457499994,-45.053390502999946]]],[[[-65.97677612299998,-45.051013946999944],[-65.97310638399995,-45.05107498199993],[-65.97473907499995,-45.051921843999935],[-65.97677612299998,-45.051013946999944]]],[[[-65.96287536599993,-45.049915313999975],[-65.96598052999997,-45.05299377399996],[-65.96940612799995,-45.05053710899995],[-65.96287536599993,-45.049915313999975]]],[[[-65.84346771199995,-45.04926681499995],[-65.84178161599993,-45.04882430999993],[-65.84078216599994,-45.04927062999997],[-65.84346771199995,-45.04926681499995]]],[[[-65.72300720199996,-45.05390167199994],[-65.71765899699994,-45.04835891699997],[-65.70491027799994,-45.05696487399996],[-65.72300720199996,-45.05390167199994]]],[[[-65.86394500699998,-45.05112838699995],[-65.86186981199995,-45.04750442499994],[-65.85845947299998,-45.05049133299997],[-65.85993194599996,-45.051605224999946],[-65.86394500699998,-45.05112838699995]]],[[[-65.80622863799994,-45.047904967999955],[-65.80435943599997,-45.04723358199993],[-65.80336761499996,-45.04798126199995],[-65.80622863799994,-45.047904967999955]]],[[[-65.84870910599994,-45.04587554899996],[-65.84334564199997,-45.04726409899996],[-65.84623718299997,-45.047939300999985],[-65.84870910599994,-45.04587554899996]]],[[[-65.91862487799995,-45.04542922999997],[-65.91581726099997,-45.04711914099994],[-65.91662597699997,-45.04826736399997],[-65.91895294199998,-45.04788589499998],[-65.91862487799995,-45.04542922999997]]],[[[-65.91325378399995,-45.04547500599995],[-65.91215515099998,-45.04535674999994],[-65.91208648699995,-45.04610061599993],[-65.91291809099994,-45.046054839999954],[-65.91325378399995,-45.04547500599995]]],[[[-65.96414947499994,-45.04363632199994],[-65.96180725099998,-45.04597854599996],[-65.96344757099996,-45.04598998999995],[-65.96414947499994,-45.04363632199994]]],[[[-65.84120178199998,-45.04224014299996],[-65.84367370599995,-45.042278289999956],[-65.84347534199998,-45.041351317999954],[-65.84120178199998,-45.04224014299996]]],[[[-65.62401580799997,-45.04605865499997],[-65.59758758499999,-45.04343032799994],[-65.60929107699997,-45.06020355199996],[-65.62401580799997,-45.04605865499997]]],[[[-65.91651153599997,-45.03983688399995],[-65.91500091599994,-45.03997039799998],[-65.91529083299997,-45.041225432999966],[-65.91672515899995,-45.04071044899996],[-65.91651153599997,-45.03983688399995]]],[[[-65.88088989299996,-45.039798736999956],[-65.87502288799993,-45.040443419999974],[-65.87645721399997,-45.041671752999946],[-65.88088989299996,-45.039798736999956]]],[[[-65.74978637699996,-45.03557586699998],[-65.74781036399997,-45.03510665899995],[-65.74801635699998,-45.03651046799996],[-65.74978637699996,-45.03557586699998]]],[[[-65.76696014399994,-45.03755187999997],[-65.75956726099997,-45.034713744999976],[-65.75135803199998,-45.03688430799997],[-65.76696014399994,-45.03755187999997]]],[[[-65.86232757599998,-45.032695769999975],[-65.85848236099997,-45.03455352799995],[-65.85978698699995,-45.03501129099993],[-65.86232757599998,-45.032695769999975]]],[[[-66.25064086899994,-45.03086471599994],[-66.24875640899995,-45.03044509899996],[-66.24846649199998,-45.03243637099996],[-66.24966430699993,-45.03216171299994],[-66.25064086899994,-45.03086471599994]]],[[[-65.87452697799995,-45.03287506099997],[-65.86140441899994,-45.038993834999985],[-65.86670684799998,-45.03950118999995],[-65.87452697799995,-45.03287506099997]]],[[[-66.07278442399996,-45.00495147699996],[-66.06907653799993,-45.004848479999964],[-66.07056426999998,-45.00583267199994],[-66.07278442399996,-45.00495147699996]]],[[[-65.56359100299994,-44.99652099599996],[-65.56072235099998,-44.998569488999976],[-65.56071472199994,-45.00005340599995],[-65.56365966799996,-44.99937820399998],[-65.56359100299994,-44.99652099599996]]],[[[-65.57393646199995,-44.98803710899995],[-65.57019805899995,-44.98826217699997],[-65.57038116499996,-44.99059295699993],[-65.57371520999993,-44.990116118999936],[-65.57393646199995,-44.98803710899995]]],[[[-65.56092834499998,-44.961936950999984],[-65.56446838399995,-44.964469909999934],[-65.56664276099997,-44.963619231999985],[-65.56092834499998,-44.961936950999984]]],[[[-65.53993987999996,-44.90552139299996],[-65.53549194299995,-44.90779495199996],[-65.54187011699997,-44.90856552099996],[-65.53993987999996,-44.90552139299996]]],[[[-65.66972351099997,-44.769191741999975],[-65.66674804699994,-44.769119262999936],[-65.65297698999996,-44.77503585799997],[-65.66972351099997,-44.769191741999975]]],[[[-65.64337158199999,-44.767372130999945],[-65.64230346699998,-44.767086028999984],[-65.63827514599996,-44.77063751199995],[-65.64337158199999,-44.767372130999945]]],[[[-65.65418243399995,-44.76594161999998],[-65.64865112299998,-44.767318725999985],[-65.65107727099996,-44.76757049599996],[-65.65418243399995,-44.76594161999998]]],[[[-65.38455200199996,-44.59479141199995],[-65.38194274899996,-44.59845352199994],[-65.38571929899996,-44.60046768199993],[-65.38727569599996,-44.59741592399996],[-65.38455200199996,-44.59479141199995]]],[[[-65.39642333999996,-44.59447097799995],[-65.38999938999996,-44.59740829499998],[-65.39315032999997,-44.59741592399996],[-65.39642333999996,-44.59447097799995]]],[[[-65.31053924599996,-44.53478622399996],[-65.30784606899994,-44.53583908099995],[-65.30879211399997,-44.537723540999934],[-65.31018829299995,-44.53705215499997],[-65.31053924599996,-44.53478622399996]]],[[[-65.23050689699994,-44.275440215999936],[-65.23679351799996,-44.28204727199994],[-65.23861694299995,-44.28118514999994],[-65.23050689699994,-44.275440215999936]]],[[[-65.26998138399995,-44.26176452599998],[-65.26271820099998,-44.258964538999976],[-65.26336669899996,-44.26291274999994],[-65.26998138399995,-44.26176452599998]]],[[[-65.25447845499997,-44.15010452299998],[-65.25907897899998,-44.15483856199995],[-65.26287841799996,-44.153247832999966],[-65.25447845499997,-44.15010452299998]]],[[[-64.51854705799997,-42.41807937599998],[-64.51365661599993,-42.41948699999995],[-64.51667785599994,-42.42102050799997],[-64.51854705799997,-42.41807937599998]]],[[[-65.01398807499999,-42.09337525199993],[-64.88027852799996,-42.18079802099993],[-64.46420936599998,-42.23952260799996],[-64.55855923799999,-42.30745535899996],[-64.61880719099997,-42.415030790999936],[-64.43351856299995,-42.43986641499998],[-64.30154090499997,-42.40393608599993],[-64.12424811799997,-42.42966447599997],[-64.04303626099994,-42.35130240899997],[-64.08981646399997,-42.25341138299996],[-64.37875021099995,-42.23834479499993],[-64.07511313999998,-42.17832883999995],[-63.93496288699998,-42.103280638999934],[-63.77311194899994,-42.07348978799996],[-63.603028076999976,-42.31543338299997],[-63.582802657999935,-42.607345658999975],[-63.63981454399993,-42.69976392399997],[-63.62996357499998,-42.76462803099997],[-63.67732704499997,-42.79203973099993],[-64.11045271299997,-42.878947885999935],[-64.25356372999994,-42.76515383799995],[-64.21114097099996,-42.62541137699998],[-64.27340663299998,-42.61772685799997],[-64.26277462599995,-42.585620303999974],[-64.30896326099997,-42.585944652999956],[-64.34372718599997,-42.53150258499994],[-64.62916732899998,-42.496334150999985],[-64.83361061799997,-42.61054827999993],[-64.97979637399993,-42.64913733699996],[-65.03607062699996,-42.73056249299998],[-65.01534483999995,-42.781702827999936],[-64.62913452399994,-42.919378440999935],[-64.39682179799996,-42.959591331999945],[-64.33031586199996,-42.93591569499995],[-64.30768123999997,-42.97916239899996],[-64.45895547299995,-43.064466075999974],[-64.75760757299997,-43.150602564999986],[-64.97633952599995,-43.25497167299994],[-65.05029317399993,-43.32827572799994],[-65.05257919499996,-43.40257936399996],[-65.33290596899997,-43.65749993899993],[-65.35461904599998,-43.76446712099994],[-65.31119388299999,-43.79557857399993],[-65.32857584599998,-43.84566622799997],[-65.29942149999994,-43.933438595999974],[-65.23114286599997,-43.97269970299993],[-65.25158243599998,-44.027639077999936],[-65.18794375199997,-44.03545560699996],[-65.24112470499995,-44.077821910999944],[-65.22040197899997,-44.136789712999985],[-65.28769313599997,-44.15475940299996],[-65.31177328199993,-44.204271226999936],[-65.21673522999998,-44.366740824999965],[-65.33445906299994,-44.45600035599995],[-65.27928531099997,-44.517420192999964],[-65.36789048999998,-44.51150128399996],[-65.35941365999997,-44.53737792199996],[-65.39448096699994,-44.55534285299996],[-65.36633789199993,-44.58734660299996],[-65.46163530499996,-44.57577647399995],[-65.46339015799998,-44.60022543599996],[-65.63836977099999,-44.66586881599994],[-65.72870005999994,-44.81158105999998],[-65.70466750399999,-44.87526138499993],[-65.51981520899994,-44.92974033399997],[-65.59453028399997,-44.95736587699997],[-65.58431049899997,-45.00666830899996],[-65.62560604499998,-45.00934520199996],[-65.60225639399994,-45.027150708999955],[-65.64558637899995,-45.05092152499998],[-65.68130208899998,-45.02886392099998],[-65.68993953199998,-45.062009812999975],[-65.74045548899994,-45.023962230999985],[-65.80941226899995,-45.01542234599998],[-65.82872159499993,-45.039121776999934],[-65.84653186099996,-45.002073569999936],[-65.93444104799994,-45.049436740999965],[-66.01968603199998,-44.99886863399996],[-66.19461210699995,-44.982200509999984],[-66.27623356899994,-45.06533887699993],[-66.35919823499995,-45.03973944599994],[-66.51713495999996,-45.096935739999935],[-66.53301786199995,-45.14238344499995],[-66.45898688099999,-45.146963906999986],[-66.47317441799999,-45.165880621999975],[-66.59970225699993,-45.139409118999936],[-66.59446744199994,-45.17162107199994],[-66.51410114699996,-45.19678387199997],[-66.51865186599997,-45.222898456999985],[-66.84131272699994,-45.230013044999964],[-66.96402153099996,-45.272986110999966],[-67.34506841699994,-45.62301672199993],[-67.36855295299995,-45.787256043999946],[-67.45474892799996,-45.81946799699995],[-67.45641455099997,-45.86143574099998],[-67.55206888299995,-45.92568118799994],[-67.53121885599995,-45.95896389899997],[-67.59567964199994,-45.99979470699998],[-71.64457847899996,-45.99975292899995],[-71.61254383899995,-45.96322511599993],[-71.65251878399994,-45.890389814999935],[-71.76896960599998,-45.84439483399996],[-71.74327142699997,-45.80258770399996],[-71.80105362999996,-45.72089417299998],[-71.77304722199995,-45.681236110999976],[-71.79552598299995,-45.66493141899997],[-71.72659641699994,-45.57745664099997],[-71.76353040999999,-45.56031024499998],[-71.68213485499996,-45.51507568399995],[-71.55956200899993,-45.52358431699997],[-71.46891984899997,-45.493635608999966],[-71.53394473499998,-45.432974454999965],[-71.52945809499994,-45.39270363199995],[-71.43825277799994,-45.39581944399998],[-71.44627198199998,-45.36765908399997],[-71.33590936399997,-45.322034481999935],[-71.33297786799994,-45.24138504299998],[-71.52654444399997,-45.10312499999998],[-71.50542489699995,-45.07221249199995],[-71.55798640099994,-45.031479899999965],[-71.55971666699998,-44.97744722199997],[-71.74211004499995,-44.95835171599998],[-71.75383652999994,-44.92648221799993],[-71.81721942299998,-44.919789983999976],[-71.87990896699995,-44.95938931899997],[-72.03715326799994,-44.90282001299994],[-72.06559258599998,-44.84999597899997],[-72.02698325899996,-44.80582477099995],[-72.06693537699994,-44.75960446499994],[-71.92750483999998,-44.80403543799997],[-71.91461181599993,-44.776611327999944],[-71.81545796199998,-44.79309161599997],[-71.78648353699998,-44.75226449499996],[-71.66634294599999,-44.787206486999935],[-71.47420664099997,-44.73707317299994],[-71.29181557899994,-44.813948248999964],[-71.20596939699993,-44.75045472099998],[-71.19584241299998,-44.68489582099994],[-71.23548888899995,-44.64091944399996],[-71.20084722199994,-44.59163611099996],[-71.10190130599995,-44.59068821499994],[-71.09146296799997,-44.53254933599993],[-71.16372921199996,-44.50104441499997],[-71.12968864699997,-44.47180322299994],[-71.17110954399993,-44.439101661999985],[-71.34888502499996,-44.424795152999934],[-71.38619741499997,-44.385274676999984],[-71.65788265099997,-44.408986675999984],[-71.71169265999998,-44.379223741999965],[-71.81506666699994,-44.41611666699998],[-71.83901792999995,-44.34997604299997],[-71.78696782199995,-44.330425342999945],[-71.82953637899993,-44.26537087899993],[-71.78001979599998,-44.21718679299994],[-71.84666733399996,-44.15923568599993],[-71.84865945799999,-44.11352539099994],[-71.75942605999995,-44.09960937499994],[-71.64878055599996,-43.94592499999993],[-71.66642577999994,-43.901228414999935],[-71.70737630399998,-43.89449454099997],[-71.70871666699998,-43.85573888899995],[-71.76274636199997,-43.84057595399997],[-71.75341887499997,-43.78818022299998],[-71.66035815499998,-43.70237685899997],[-71.59978055599998,-43.69696944399993],[-71.58145522799998,-43.65168006299996],[-71.70346446999997,-43.62524900999995],[-71.70798259099996,-43.58450347699994],[-71.75741393999994,-43.58423030499995],[-71.77652222199998,-43.538691666999966],[-71.87747960499996,-43.55108306599993],[-71.84863458899997,-43.482888902999946],[-71.93423212899995,-43.449100715999975],[-71.93321028699995,-43.386559001999956],[-71.89374157499998,-43.38009354199994],[-71.90438934199994,-43.321886345999985],[-71.73460336199997,-43.31433325299997],[-71.75725384699996,-43.22827147999993],[-71.72920476099995,-43.20025094699997],[-71.93290240699997,-43.102130183999975],[-71.93630979499994,-43.05277064499995],[-72.03616538599994,-43.013389916999984],[-72.14254739599994,-42.89986548099995],[-72.11829424299998,-42.88169934599995],[-72.16501884299998,-42.79831363699998],[-72.12842481999996,-42.73105074199998],[-72.17870398699995,-42.68919623099998],[-72.09602725199994,-42.64203532299996],[-72.11851315399997,-42.602959822999935],[-72.05135169799996,-42.56511664899995],[-72.01260455499994,-42.49485473499993],[-72.04813436999996,-42.45236232099995],[-72.02848626499997,-42.40752283299997],[-72.13186430699994,-42.38432309299998],[-72.12083788699994,-42.32399425099993],[-72.18815520499999,-42.16015173899996],[-72.06651292999999,-42.146739614999944],[-72.05295313499994,-42.11390016299998],[-71.95755089699998,-42.141253716999984],[-71.92529346699996,-42.190528523999944],[-71.78172661099995,-42.148079880999944],[-71.72608776699997,-42.10966910399998],[-71.72765345199997,-42.04664195399994],[-71.77375787899996,-41.99983796499998],[-65.06927490199996,-42.00030517599998],[-65.01398807499999,-42.09337525199993]]]]}},{"type":"Feature","properties":{"OBJECTID":446,"Entidad":0,"Objeto":"Provincia","FNA":"Provincia de R\u00edo Negro","GNA":"Provincia","NAM":"R\u00edo Negro","SAG":"IGN","FDC":"Geograf\u00eda","IN1":"62","SHAPE_STAr":21.4511368555,"SHAPE_STLe":30.9972743096,"shapeName":"R\u00edo Negro","shapeISO":"AR-R","shapeGroup":"ARG","shapeType":"ADM1"},"geometry":{"type":"Polygon","coordinates":[[[-67.79339599599996,-37.64630126999998],[-67.72096954399996,-37.80642586299996],[-67.73272705099998,-37.85980224599996],[-67.86700439499998,-37.93139648399995],[-67.90395009199995,-37.98357673199996],[-67.85119628899997,-38.065795897999976],[-67.74871826199995,-38.05810546899994],[-67.65649414099994,-38.20178222699997],[-67.54791259799998,-38.25628662099996],[-67.18761336899996,-38.214503417999936],[-67.15299221199996,-38.356795182999974],[-66.99438476599994,-38.44647216799996],[-66.89697265599995,-38.44372558599997],[-66.63617329099998,-38.542393137999966],[-66.57799547099995,-38.62139124199996],[-66.60714386799998,-38.67909317099998],[-66.53861539199994,-38.720852710999964],[-66.31500244099993,-38.76159667999997],[-66.08477783199999,-38.72558593799994],[-65.69409179699994,-38.83319091799996],[-65.58251953099995,-38.774291991999974],[-65.37451171899994,-38.85571289099994],[-65.11138915999999,-38.799499511999954],[-64.39739990199996,-38.87322997999996],[-64.06268310499996,-39.01037597699997],[-64.01177978499999,-39.00219726599994],[-63.933462557999974,-39.06159151999998],[-63.93280029299996,-39.09350585899995],[-63.87127685499996,-39.095275878999985],[-63.83495287399995,-39.13630659399996],[-63.78820800799997,-39.10919189499998],[-63.74239184299995,-39.18889268199996],[-63.55767822299998,-39.26190185499996],[-63.512012409999954,-39.312660352999956],[-63.383269419999976,-39.32849159699998],[-63.37934955099996,-40.70977031399997],[-63.19164719499997,-40.716250264999985],[-62.95715416999997,-40.81767499799997],[-62.789666573999966,-41.02416378199996],[-63.11651611299993,-41.155517577999944],[-63.78857421899994,-41.15899658199993],[-64.11437988299997,-41.03009033199993],[-64.08178710899995,-41.02667236299993],[-64.09887695299994,-41.00177001999998],[-64.11199951199995,-41.02288818399995],[-64.20617675799997,-41.00982665999993],[-64.54119872999996,-40.86492919899996],[-64.74627685499996,-40.81860351599994],[-64.87530517599998,-40.82891845699993],[-64.90490722699997,-40.80548095699993],[-64.84521484399994,-40.782470702999944],[-64.84527587899998,-40.81488037099996],[-64.83599853499999,-40.785827636999954],[-64.74200439499998,-40.81072997999996],[-64.73358154299996,-40.78692626999998],[-64.79748535199997,-40.780517577999944],[-64.77349853499999,-40.74279785199997],[-64.80627441399997,-40.72552490199996],[-64.99591064499998,-40.716918944999975],[-64.91668701199995,-40.72729492199994],[-64.95922851599994,-40.74810790999993],[-64.89990234399994,-40.76080322299998],[-65.00689697299998,-40.76116943399995],[-65.09271240199996,-40.814575194999975],[-65.16668701199995,-40.973999022999976],[-65.13800048799993,-41.22961425799997],[-65.07360839799998,-41.41522216799996],[-64.98779296899994,-41.518798827999944],[-64.98638915999999,-41.57678222699997],[-65.03710937499994,-41.59820556599993],[-64.99768066399997,-41.76660156299994],[-65.01586914099994,-41.83221435499996],[-65.04919433599997,-41.84289550799997],[-65.06927490199996,-42.00030517599998],[-71.77375787899996,-41.99983796499998],[-71.79748217499997,-41.84263003799998],[-71.75136821199999,-41.82492964199997],[-71.77398736399994,-41.793649254999934],[-71.75393169499995,-41.78745375899996],[-71.81036455499998,-41.72052843499995],[-71.79437834799995,-41.69473689499995],[-71.88556111099996,-41.605991666999955],[-71.84680140599994,-41.56528762999994],[-71.81763843899995,-41.57520641199994],[-71.85207017599998,-41.514848109999946],[-71.82700757899994,-41.443502603999946],[-71.91124489399994,-41.35674340899993],[-71.87602338799996,-41.30738747099997],[-71.89701498899996,-41.25514403699998],[-71.83438055599999,-41.271797221999975],[-71.88750666499993,-41.16906467499996],[-71.83936422999994,-41.15040494599998],[-71.84959115099997,-41.083147115999964],[-71.81794432699996,-41.06229352499997],[-71.86107654499995,-41.03102405499993],[-71.55059814499998,-41.02319335899995],[-71.30621337899998,-41.100097655999946],[-71.14164804499995,-41.055975854999986],[-71.03202253999996,-40.93314543899993],[-71.12079056999994,-40.75821976699996],[-71.09367529799994,-40.72671471899997],[-71.02972412099996,-40.72442626999998],[-70.97650146499996,-40.64868164099994],[-70.85540771499996,-40.59338378899997],[-70.65391707699996,-40.59133711399994],[-70.54248046899994,-40.50360107399996],[-70.42492675799997,-40.53631591799996],[-70.17056874199994,-40.48300863199995],[-70.17494235399994,-40.427609546999975],[-70.06268631299997,-40.374640246999945],[-70.05882286099995,-40.248955197999976],[-69.99203470599997,-40.17996776599995],[-69.95027805499996,-40.17898488099996],[-70.00537211199998,-40.04743376499994],[-69.93175359299994,-39.94358289999997],[-69.69705598399997,-39.84644541399996],[-69.50699653699996,-39.81542319099998],[-69.34896232499995,-39.71209513699995],[-69.27227783199999,-39.629028319999975],[-69.27709960899995,-39.596374511999954],[-69.11279296899994,-39.51470947299998],[-68.99987792999997,-39.515197753999985],[-68.91250405799997,-39.41787186099998],[-68.82396098799995,-39.37492582099998],[-68.80239062699997,-39.28490917299996],[-68.66550012499994,-39.217302711999935],[-68.66080290199994,-39.172343575999946],[-68.55987395199998,-39.07582661499998],[-68.30159195799996,-38.975430236999955],[-67.99808848499998,-38.995763539999984],[-68.09404894499994,-38.85864884499995],[-68.12060830099995,-38.747279584999944],[-68.24999999999994,-38.68199999999996],[-68.23909875399994,-37.58496004099993],[-67.87072753899997,-37.61260986299993],[-67.79339599599996,-37.64630126999998]]]}},{"type":"Feature","properties":{"OBJECTID":447,"Entidad":0,"Objeto":"Provincia","FNA":"Provincia de Buenos Aires","GNA":"Provincia","NAM":"Buenos Aires","SAG":"IGN","FDC":"Geograf\u00eda","IN1":"06","SHAPE_STAr":30.8059975115,"SHAPE_STLe":34.0355761258,"shapeName":"Buenos Aires","shapeISO":"AR-B","shapeGroup":"ARG","shapeType":"ADM1"},"geometry":{"type":"Polygon","coordinates":[[[-60.04484035599995,-33.44752702899996],[-59.82318115199996,-33.53002929699994],[-59.78857241199995,-33.60457145099997],[-59.65240478499999,-33.62487792999997],[-59.61877441399997,-33.69219970699993],[-59.50421142599998,-33.63360595699993],[-59.44897460899995,-33.72448730499997],[-59.24700927699996,-33.72497558599997],[-59.242309569999975,-33.807495116999974],[-59.17358398399995,-33.80700683599997],[-59.13067626999998,-33.84771728499993],[-58.992880681999964,-33.84180370399997],[-58.85487194899997,-33.94721382299997],[-58.76373859499995,-33.945310253999935],[-58.65499723199997,-34.035253876999946],[-58.39862060499996,-34.014892577999944],[-58.362182616999974,-34.05450439499998],[-58.355407714999956,-34.190307616999974],[-58.416687011999954,-34.26440429699994],[-58.51440429699994,-34.27099609399994],[-58.45452880899995,-34.38848876999998],[-58.482910155999946,-34.38458251999998],[-58.51504043399996,-34.44699989299994],[-58.45956409299998,-34.52778390399993],[-58.50080364399997,-34.54953285299996],[-58.52920470799995,-34.654751429999976],[-58.46139007099998,-34.705314975999954],[-58.34188739699994,-34.631096716999934],[-58.179143582999984,-34.74447939399994],[-58.014475362999974,-34.78067099599997],[-57.94734029899996,-34.83347694599996],[-57.87373881099995,-34.826157723999984],[-57.50845565599997,-35.02471422699995],[-57.223345663999964,-35.27280277999995],[-57.12793820099995,-35.445757620999984],[-57.364742159999935,-35.744771398999944],[-57.38245219099997,-35.966739418999964],[-57.27923950099995,-36.13759066799997],[-57.11518994099998,-36.28014893599993],[-56.97162994399997,-36.33435808099995],[-56.81379077799994,-36.33464004699994],[-56.77406567699995,-36.32138644899993],[-56.776825850999955,-36.29308275999995],[-56.74005128099998,-36.31442652499993],[-56.70020720699995,-36.41241272999997],[-56.666097632999936,-36.880607373999965],[-57.12550135999999,-37.49277487699993],[-57.491558829999974,-37.82823723799993],[-57.54140663499999,-37.96849456699994],[-57.54034063599994,-38.04847300999995],[-57.51777858699995,-38.038969442999985],[-57.544866370999955,-38.100592723999966],[-57.85273055399995,-38.29639856999995],[-58.49739911399996,-38.53742369299994],[-59.01244772499996,-38.67859235599997],[-59.78891661399996,-38.82642112999997],[-61.14320706999996,-39.00006586599994],[-61.60651668199995,-39.004063359999975],[-61.706696748999946,-38.96546612299994],[-61.81208783599993,-38.99259911699994],[-62.07340857199995,-38.92511105999995],[-62.148680440999954,-38.822709765999946],[-62.300099821999936,-38.78533557199995],[-62.32940605699997,-38.725236731999985],[-62.50412630899996,-38.73830354199998],[-62.47021898999998,-38.804089689999955],[-62.47635799899996,-38.784352060999936],[-62.40651784399995,-38.76644661699993],[-62.30613433299993,-38.79941404899995],[-62.414013145999945,-38.81749795299993],[-62.32614916899996,-38.83817784799993],[-62.35195204499996,-38.86303687099996],[-62.32052888199996,-38.904268170999956],[-62.345713097999976,-38.95031074099995],[-62.299285054999984,-39.025006780999945],[-62.354160183999966,-39.10110670299997],[-62.33054641299998,-39.11658271799996],[-62.35201866899996,-39.11300400799996],[-62.34223432599998,-39.16295365399998],[-62.23741430999996,-39.25158857599996],[-62.316887116999965,-39.26609178799998],[-62.106837817999974,-39.300812882999935],[-62.009967580999955,-39.37992758199994],[-62.08558685099996,-39.390105725999945],[-62.18501381899995,-39.298358468999936],[-62.28849657799998,-39.29863805499997],[-62.26260804299994,-39.347226648999936],[-62.20312151799993,-39.346845934999976],[-62.23931311899997,-39.36019471099996],[-62.19417474399995,-39.37696991099995],[-62.20759100199996,-39.40103911099993],[-62.14985575999998,-39.38002371199997],[-62.16048719199995,-39.400039737999975],[-62.04549973899998,-39.44742075499994],[-62.11905482699996,-39.662553772999956],[-62.09222640399997,-39.67956691899997],[-62.12271324799997,-39.707674302999976],[-62.11580042299994,-39.83700038799998],[-62.296330129999944,-39.82736357099998],[-62.26609907699998,-39.85905799099993],[-62.30396819899994,-39.86255579899995],[-62.34222993199995,-39.96359960999996],[-62.33888976399999,-40.186874846999956],[-62.48826042899998,-40.30130312699998],[-62.41894672899997,-40.46366564799996],[-62.320365659999936,-40.50485411799997],[-62.320734475999984,-40.53533501399994],[-62.282496537999975,-40.57147902599996],[-62.25077832299996,-40.55677395699996],[-62.31845019399998,-40.526412034999964],[-62.18194051599994,-40.57683281399994],[-62.17454039199998,-40.63753286399998],[-62.23231370499997,-40.68790605299995],[-62.31254913099997,-40.871148345999984],[-62.71042356399994,-41.037676113999964],[-62.789666573999966,-41.02416378199996],[-62.95715416999997,-40.81767499799997],[-63.19164719499997,-40.716250264999985],[-63.37934955099996,-40.70977031399997],[-63.385080237999944,-34.38332481599997],[-61.717601436999985,-34.38360696199993],[-60.93073748699999,-33.65201942899995],[-60.87993599499998,-33.55553228699995],[-60.81863289299997,-33.540450196999984],[-60.781810733999976,-33.57875951899996],[-60.68458224999995,-33.585156575999974],[-60.556924169999945,-33.64684410199993],[-60.45957222699997,-33.63146457999994],[-60.41009728399996,-33.46795991699997],[-60.33542979799995,-33.41232811899994],[-60.272374990999936,-33.26348632899993],[-60.20068359399994,-33.29217529299996],[-60.04484035599995,-33.44752702899996]]]}},{"type":"Feature","properties":{"OBJECTID":448,"Entidad":0,"Objeto":"Provincia","FNA":"Provincia de Corrientes","GNA":"Provincia","NAM":"Corrientes","SAG":"IGN","FDC":"Geograf\u00eda","IN1":"18","SHAPE_STAr":8.23567880627,"SHAPE_STLe":20.5946719742,"shapeName":"Corrientes","shapeISO":"AR-W","shapeGroup":"ARG","shapeType":"ADM1"},"geometry":{"type":"MultiPolygon","coordinates":[[[[-56.85571128899994,-27.594831432999968],[-56.86624727699996,-27.591876216999935],[-56.85519733799998,-27.59290411799998],[-56.85571128899994,-27.594831432999968]]],[[[-56.749114746999965,-27.59395591499998],[-56.759078930999976,-27.59104711599997],[-56.75338511099994,-27.592099234999978],[-56.749114746999965,-27.59395591499998]]],[[[-56.87196497799994,-27.58654397899994],[-56.87427775599997,-27.582496617999936],[-56.863581936999935,-27.58761988899994],[-56.87196497799994,-27.58654397899994]]],[[[-56.73299415199995,-27.592678132999936],[-56.71626995499997,-27.579283731999965],[-56.718509480999955,-27.58550786099994],[-56.73299415199995,-27.592678132999936]]],[[[-56.706684044999975,-27.575079071999937],[-56.70606515099996,-27.577740313999982],[-56.71182085999993,-27.581948788999966],[-56.706684044999975,-27.575079071999937]]],[[[-56.78451571599999,-27.57165470299998],[-56.78162474299995,-27.57299177799996],[-56.78896058599997,-27.576244120999945],[-56.78451571599999,-27.57165470299998]]],[[[-56.77222454699995,-27.57644272699997],[-56.75400948199996,-27.570280167999954],[-56.76008203899994,-27.575118438999937],[-56.77222454699995,-27.57644272699997]]],[[[-56.69367382199994,-27.574417619999963],[-56.68981683599998,-27.56979505499993],[-56.69029680099993,-27.572176197999966],[-56.69367382199994,-27.574417619999963]]],[[[-56.75617951799995,-27.569443473999968],[-56.774720436999985,-27.576272347999975],[-56.77222454699995,-27.57220263399995],[-56.75617951799995,-27.569443473999968]]],[[[-56.761047291999944,-27.567587252999942],[-56.76592674799997,-27.569867372999965],[-56.768080819999966,-27.569070747999945],[-56.761047291999944,-27.567587252999942]]],[[[-56.90218350199996,-27.570290264999983],[-56.91279996299994,-27.57091700199993],[-56.92108741699997,-27.563079253999945],[-56.913056937999954,-27.56744783499994],[-56.90218350199996,-27.570290264999983]]],[[[-56.736842827999965,-27.558564179999962],[-56.739174522999974,-27.562096543999928],[-56.74197430399994,-27.561671974999967],[-56.736842827999965,-27.558564179999962]]],[[[-56.703736557999946,-27.563564664999944],[-56.70136251699995,-27.55254982499997],[-56.70122983799996,-27.558390035999935],[-56.703736557999946,-27.563564664999944]]],[[[-56.69331594799996,-27.54506274299996],[-56.68606804299998,-27.56088632099994],[-56.706684044999975,-27.58077289199997],[-56.69331594799996,-27.54506274299996]]],[[[-56.930017308999936,-27.55710457799995],[-56.944729146999975,-27.53583986999996],[-56.930999327999984,-27.548673537999946],[-56.930017308999936,-27.55710457799995]]],[[[-56.90736332899996,-27.53566286499995],[-56.903508698999985,-27.53784715499995],[-56.90588571999996,-27.54054539599997],[-56.90736332899996,-27.53566286499995]]],[[[-56.72760562999997,-27.53742477299994],[-56.730763785999955,-27.542449112999975],[-56.73192123699994,-27.53660214599995],[-56.72760562999997,-27.53742477299994]]],[[[-56.93389210599997,-27.544083473999933],[-56.94678494899995,-27.53269192299996],[-56.93977090399994,-27.535489454999947],[-56.93389210599997,-27.544083473999933]]],[[[-56.93788507499994,-27.53443183099995],[-56.945622034999985,-27.53196533099998],[-56.94521549199993,-27.53074570299998],[-56.93927996499997,-27.53250738899993],[-56.93788507499994,-27.53443183099995]]],[[[-56.907881490999955,-27.53864507299994],[-56.928489473999946,-27.530361881999966],[-56.91198888399998,-27.532900379999944],[-56.907881490999955,-27.53864507299994]]],[[[-56.927511799999934,-27.528748622999956],[-56.93406467099999,-27.52754405099995],[-56.92890910299997,-27.527833147999957],[-56.927511799999934,-27.528748622999956]]],[[[-56.783896554999956,-27.58269205499994],[-56.761368835999974,-27.57749335099993],[-56.73404469299999,-27.55873056599995],[-56.71693229099998,-27.519936265999945],[-56.70525741599994,-27.563306807999936],[-56.73423523799994,-27.591427705999934],[-56.783896554999956,-27.58269205499994]]],[[[-56.72610363899997,-27.519706355999972],[-56.73183896599994,-27.53299367099993],[-56.73117856499994,-27.52756630199997],[-56.72610363899997,-27.519706355999972]]],[[[-56.89412933899996,-27.551715789999946],[-56.87598824799994,-27.58357303599996],[-56.90085431699998,-27.569427361999942],[-56.91960980899995,-27.562565303999975],[-56.93237298899999,-27.535113492999983],[-56.95198869899997,-27.52331232299997],[-56.95693547399998,-27.51605276999993],[-56.946155541999985,-27.525062214999934],[-56.89412933899996,-27.551715789999946]]],[[[-56.95481542799996,-27.51489638099997],[-56.93879318199998,-27.52483940099995],[-56.947812849999934,-27.522284421999927],[-56.95481542799996,-27.51489638099997]]],[[[-56.36744146199993,-27.520406365999975],[-56.357069604999936,-27.51788476699994],[-56.36472955499994,-27.53363286299998],[-56.36744146199993,-27.520406365999975]]],[[[-56.34430037899995,-27.507991325999967],[-56.32070202399996,-27.49547320299996],[-56.32932937999993,-27.501224772999933],[-56.34430037899995,-27.507991325999967]]],[[[-57.23929830999998,-27.45665514999996],[-57.22151070399997,-27.464203302999977],[-57.23233684699994,-27.463442575999977],[-57.23929830999998,-27.45665514999996]]],[[[-57.47929439099994,-27.438837225999976],[-57.47547446999994,-27.43808688499996],[-57.478680474999976,-27.43999684499994],[-57.47929439099994,-27.438837225999976]]],[[[-57.48783963799997,-27.439152898999964],[-57.484117813999944,-27.43611736799994],[-57.47992086299996,-27.438493000999983],[-57.48783963799997,-27.439152898999964]]],[[[-57.47295059299995,-27.43856437499994],[-57.44887144499995,-27.432220576999953],[-57.45157399999994,-27.436581984999975],[-57.47295059299995,-27.43856437499994]]],[[[-57.45480596599998,-27.43092453199995],[-57.44205015699998,-27.427513887999964],[-57.45003106399997,-27.43194772499993],[-57.45480596599998,-27.43092453199995]]],[[[-57.548394041999984,-27.426490693999938],[-57.54123168899997,-27.42758209999994],[-57.54286879899996,-27.429696699999965],[-57.548394041999984,-27.426490693999938]]],[[[-56.737973325999974,-27.55057727899998],[-56.840421256999946,-27.596180553999943],[-56.87157951499995,-27.583460274999936],[-56.903058991999956,-27.537397448999968],[-56.97010545999996,-27.49273225999997],[-57.03206553899997,-27.48064810799997],[-56.914825966999956,-27.42353991699997],[-56.72939991499993,-27.50196140299994],[-56.737973325999974,-27.55057727899998]]],[[[-57.553168943999935,-27.419737618999932],[-57.55194111199995,-27.41953297999993],[-57.539117089999934,-27.42737746199998],[-57.553168943999935,-27.419737618999932]]],[[[-57.55460141499998,-27.416940890999967],[-57.564560495999956,-27.41052887999996],[-57.55719350399994,-27.414144161999957],[-57.55460141499998,-27.416940890999967]]],[[[-57.40419200699995,-27.41659982599998],[-57.47802091699998,-27.43661586899998],[-57.48435124399998,-27.435520892999932],[-57.49218662599998,-27.438700799999935],[-57.59341454499997,-27.392452464999963],[-57.40419200699995,-27.41659982599998]]],[[[-57.605789577999985,-27.381214945999943],[-57.610777644999985,-27.38332528199993],[-57.61058579599995,-27.38163701299993],[-57.605789577999985,-27.381214945999943]]],[[[-57.779173053999955,-27.33315394599998],[-57.78483257999994,-27.33222105699997],[-57.78682274299996,-27.32855169399994],[-57.77220748399998,-27.32942239099998],[-57.779173053999955,-27.33315394599998]]],[[[-57.80260072999994,-27.327854834999982],[-57.820477213999936,-27.32456640199996],[-57.80630896399998,-27.32554593499998],[-57.80260072999994,-27.327854834999982]]],[[[-57.75211977999999,-27.327924801999927],[-57.782765179999956,-27.327819851999948],[-57.79808787999997,-27.32502118499997],[-57.74151982999996,-27.32330700199998],[-57.75211977999999,-27.327924801999927]]],[[[-57.81460101299996,-27.32068312699994],[-57.818483163999986,-27.320123517999946],[-57.78412952999997,-27.322537367999928],[-57.79822397799995,-27.32249815299997],[-57.81460101299996,-27.32068312699994]]],[[[-58.607097082999985,-27.312854336999976],[-58.61195118399996,-27.31685183199994],[-58.613093324999966,-27.313282639999954],[-58.607097082999985,-27.312854336999976]]],[[[-57.819450565999944,-27.31869688499995],[-57.82594994899995,-27.30260225799998],[-57.775227306999966,-27.314999161999935],[-57.819450565999944,-27.31869688499995]]],[[[-57.838821748999976,-27.297833303999937],[-57.82147001599998,-27.31831021599993],[-57.83728248299997,-27.307302126999957],[-57.838821748999976,-27.297833303999937]]],[[[-58.41820731099995,-27.283202263999954],[-58.42059698099996,-27.28097821399996],[-58.413948491999975,-27.281096514999945],[-58.41820731099995,-27.283202263999954]]],[[[-58.19979044499996,-27.277061019999962],[-58.19209682999997,-27.277710269999943],[-58.19410950599996,-27.279430782999952],[-58.19979044499996,-27.277061019999962]]],[[[-58.34907454699999,-27.27180333299998],[-58.35110886399997,-27.274010782999937],[-58.36128045099997,-27.274703316999933],[-58.34907454699999,-27.27180333299998]]],[[[-58.463321047999955,-27.27084825099996],[-58.457403615999965,-27.27295270199994],[-58.46260016599996,-27.27182432199993],[-58.463321047999955,-27.27084825099996]]],[[[-58.169783231999986,-27.26980035699995],[-58.164996421999945,-27.27139595999995],[-58.165502344999936,-27.27415907799997],[-58.16873246899996,-27.27404232699996],[-58.169783231999986,-27.26980035699995]]],[[[-58.18453306499998,-27.272516268999937],[-58.20073185699994,-27.268945392999967],[-58.18768192899995,-27.269886804999942],[-58.18453306499998,-27.272516268999937]]],[[[-58.42200870099998,-27.280627255999946],[-58.431125727999984,-27.268229360999953],[-58.42327057299997,-27.27015371699997],[-58.42200870099998,-27.280627255999946]]],[[[-58.34559932199994,-27.27480831899993],[-58.33267202899998,-27.26626707199995],[-58.33769289799994,-27.273769518999927],[-58.34559932199994,-27.27480831899993]]],[[[-58.44170847899994,-27.267037397999957],[-58.437705653999956,-27.267720806999932],[-58.436534094999956,-27.270747332999974],[-58.44170847899994,-27.267037397999957]]],[[[-58.31213828999995,-27.271690114999956],[-58.29162198399996,-27.266431187999956],[-58.301328274999946,-27.271592726999984],[-58.31213828999995,-27.271690114999956]]],[[[-58.335557585999936,-27.27342325199993],[-58.30364333199998,-27.262458137999943],[-58.31784026999998,-27.272499873999948],[-58.335557585999936,-27.27342325199993]]],[[[-58.324073071999976,-27.26136162599994],[-58.329728761999945,-27.26372778299998],[-58.335153607999985,-27.264016337999976],[-58.324073071999976,-27.26136162599994]]],[[[-58.10004054399997,-27.266304611999942],[-58.08589263599998,-27.262053764999962],[-58.09367606699993,-27.26625681799993],[-58.10004054399997,-27.266304611999942]]],[[[-58.26771290099998,-27.261290051999936],[-58.26290844999994,-27.259688567999945],[-58.26381739999994,-27.261246767999978],[-58.26771290099998,-27.261290051999936]]],[[[-57.87355125899995,-27.27296608499995],[-57.82408941099993,-27.330492910999965],[-57.79495041399997,-27.34148566899995],[-57.69701339499994,-27.326883951999946],[-57.60978841799994,-27.39570832299995],[-57.543505567999944,-27.43296700999997],[-57.507517640999936,-27.444200529999932],[-57.43900487199994,-27.438281656999948],[-57.32651056399993,-27.409839175999934],[-57.22540888499998,-27.470378189999963],[-56.97992679699996,-27.49338955099995],[-56.94223269099996,-27.558314792999965],[-56.845095784999955,-27.606400356999927],[-56.743231650999974,-27.60500252099996],[-56.685996612999986,-27.57694413699994],[-56.677101291999975,-27.548682430999975],[-56.72035796799997,-27.466896306999956],[-56.60354969399998,-27.431416682999952],[-56.487046401999976,-27.56367739999996],[-56.37527033899994,-27.60185103599997],[-56.29241677599998,-27.49154905399996],[-56.28718124499994,-27.41093202899998],[-56.15192153299995,-27.328739261999942],[-56.04100958699996,-27.310846958999946],[-56.05488987799998,-27.450972914999966],[-55.825866760999986,-27.79177121099997],[-55.84680601699995,-27.83240050699993],[-55.82479600299996,-27.94822076899993],[-55.74942657699995,-28.02709989999994],[-55.758171095999955,-28.06094773199993],[-55.62023666599998,-28.137543990999973],[-55.63225291799995,-28.176785251999945],[-55.782542485999954,-28.253936575999944],[-55.669942075999984,-28.33076276099996],[-55.691695160999984,-28.417605440999978],[-55.75744973399998,-28.36858829399995],[-55.87830294599996,-28.361161660999983],[-55.90302982299994,-28.408103962999974],[-55.882361826999954,-28.477707258999942],[-56.00864606299996,-28.505998674999944],[-56.00760211299996,-28.604951911999933],[-56.185515657999986,-28.770001064999974],[-56.29436967399994,-28.797708780999983],[-56.30194884699995,-28.901110977999963],[-56.40991491699998,-28.97764775899998],[-56.419525189999945,-29.078981001999978],[-56.59150306999999,-29.12430982799998],[-56.70394449999998,-29.362244030999932],[-56.76746189199997,-29.382560860999945],[-56.813833957999975,-29.481990405999966],[-56.95736886399993,-29.589695108999933],[-56.97052146499993,-29.641533266999943],[-57.11952610499998,-29.763675362999948],[-57.22994901399994,-29.77916386199996],[-57.28946518999999,-29.825349390999975],[-57.32783349299996,-29.883263798999963],[-57.33677519599996,-29.990385067999966],[-57.474243237999985,-30.119768411999928],[-57.64507153499994,-30.182408375999955],[-57.61524003999995,-30.254466030999936],[-57.64292035699998,-30.341904994999936],[-57.88960855399995,-30.510684235999975],[-57.88730428399998,-30.587569498999983],[-57.809198778999985,-30.729622511999935],[-58.033624792999944,-30.598040771999933],[-58.06874955099994,-30.54481992799998],[-58.07193411399999,-30.42541087899997],[-58.14117642799994,-30.405720839999958],[-58.208336713999984,-30.28758060299998],[-58.28555022199998,-30.244631331999983],[-58.368791459999954,-30.26479147499998],[-58.576498810999965,-30.160041494999973],[-58.68224203999995,-30.16387895699995],[-58.74841486599996,-30.21411474599995],[-58.87964213799995,-30.24611849599995],[-58.96530051099995,-30.218132585999967],[-59.06369344299998,-30.23077097199996],[-59.229839304999985,-30.36419924599994],[-59.42233769699993,-30.31476594399993],[-59.48872465699998,-30.344806638999955],[-59.55743159299993,-30.333147279999935],[-59.60125152499995,-30.431059085999948],[-59.71201325399994,-30.276240945999973],[-59.636584341999935,-30.237455732999933],[-59.566390242999944,-30.008075695999935],[-59.65966511299996,-29.843179050999936],[-59.61754865399996,-29.775840305999964],[-59.59018485299998,-29.56977898699995],[-59.60428319099998,-29.39474316299993],[-59.51978798499994,-29.343189025999948],[-59.50063342499993,-29.243517511999983],[-59.40781438999994,-29.22137577899997],[-59.34676599699998,-29.11435015899997],[-59.257536210999945,-29.089603764999936],[-59.19971530899994,-29.031544916999962],[-59.16045420299997,-28.794788551999943],[-59.07860074599995,-28.667487389999962],[-59.100007983999944,-28.576399184999957],[-59.04885748399994,-28.493310847999965],[-59.08597707499996,-28.435965838999948],[-59.10786811599996,-28.22276613599996],[-59.06241250099998,-28.12810873999996],[-58.94511298599997,-28.133774296999945],[-58.85973429699993,-28.05031769599998],[-58.82926155999996,-27.96187339499994],[-58.818775211999935,-27.681178080999928],[-58.88274647199995,-27.60852289199994],[-58.88140232899997,-27.497892072999946],[-58.78101216599998,-27.38177796599996],[-58.66878652599996,-27.359091761999935],[-58.49701621799994,-27.27136020499995],[-58.372854477999965,-27.290794363999964],[-58.24674423999994,-27.261516049999955],[-58.19133909699997,-27.280831603999957],[-57.93230734699995,-27.26410840099993],[-57.87355125899995,-27.27296608499995]],[[-57.92392848399999,-27.275241835999964],[-57.952913610999985,-27.276010827999983],[-57.944873650999966,-27.286171338999964],[-57.92392848399999,-27.275241835999964]],[[-57.91353732199997,-27.273902334999946],[-57.92187711999998,-27.272628769999983],[-57.91772776199997,-27.276161885999954],[-57.91353732199997,-27.273902334999946]],[[-57.91287179699998,-27.27664480699997],[-57.89823961999997,-27.277518337999936],[-57.862389302999986,-27.29436154299998],[-57.903348800999936,-27.273820169999965],[-57.91287179699998,-27.27664480699997]],[[-57.894726283999944,-27.280315667999957],[-57.918386372999976,-27.28245887099996],[-57.90671583799997,-27.29055065299997],[-57.894726283999944,-27.280315667999957]],[[-57.92147939899996,-27.26698074099994],[-57.94227835099997,-27.268918077999956],[-57.92674310499996,-27.268808416999946],[-57.92147939899996,-27.26698074099994]]],[[[-58.18787655699998,-27.263103523999973],[-58.17048374099994,-27.269216598999947],[-58.21534641399995,-27.25862415599994],[-58.18787655699998,-27.263103523999973]]],[[[-58.17800171799996,-27.25926701999998],[-58.15643403399997,-27.255864277999933],[-58.138565667999956,-27.265545654999983],[-58.17800171799996,-27.25926701999998]]],[[[-58.29138392599998,-27.26011542699996],[-58.299532015999944,-27.255635600999938],[-58.288235062999945,-27.25621992599997],[-58.29138392599998,-27.26011542699996]]],[[[-58.18383893699996,-27.26183425299996],[-58.22467386399995,-27.254899930999954],[-58.18939747799993,-27.25769712099998],[-58.18383893699996,-27.26183425299996]]],[[[-58.244081033999976,-27.253966039999966],[-58.22399672199998,-27.26211243499995],[-58.23581307599994,-27.258693050999966],[-58.244081033999976,-27.253966039999966]]]]}},{"type":"Feature","properties":{"OBJECTID":449,"Entidad":0,"Objeto":"Provincia","FNA":"Provincia de Misiones","GNA":"Provincia","NAM":"Misiones","SAG":"IGN","FDC":"Geograf\u00eda","IN1":"54","SHAPE_STAr":2.71700189868,"SHAPE_STLe":13.3155594203,"shapeName":"Misiones","shapeISO":"AR-N","shapeGroup":"ARG","shapeType":"ADM1"},"geometry":{"type":"MultiPolygon","coordinates":[[[[-53.695944586999985,-26.490442085999973],[-53.74175158999998,-26.544610515999977],[-53.70754445899996,-26.560914582999942],[-53.75953092299994,-26.64114048999994],[-53.72008897699993,-26.65095338699996],[-53.757954189999964,-26.720287232999965],[-53.714102252999965,-26.750690874999975],[-53.74354094499995,-26.763854052999932],[-53.69878804199993,-26.769517169999972],[-53.694809583999984,-26.84698290299997],[-53.66017414899994,-26.85839479799995],[-53.69675122399997,-26.85982247399994],[-53.67089124199998,-26.89466730099997],[-53.69685591999996,-26.92921707499994],[-53.67119581299994,-26.942484949999937],[-53.70903875999994,-26.934090210999955],[-53.736954596999965,-26.974303101999965],[-53.717852283999946,-26.990188383999964],[-53.763523658999986,-27.00839363999995],[-53.74724814499996,-27.032176352999954],[-53.78556936499996,-27.026346672999978],[-53.76006154299995,-27.065096195999956],[-53.80217800299994,-27.04008806099995],[-53.771697106999966,-27.073626563999937],[-53.80540217199996,-27.078611533999947],[-53.77634895299997,-27.103429312999936],[-53.818643872999985,-27.10215630099998],[-53.79886579299995,-27.146435690999965],[-53.836695876999954,-27.16966115499997],[-53.87340478799996,-27.125934254999947],[-53.91063403299995,-27.176806728999964],[-53.95180495499994,-27.152828759999977],[-53.960751966999965,-27.196127951999983],[-54.00843139999995,-27.199287179999942],[-54.084459866999964,-27.299775671999953],[-54.15412037599998,-27.296880272999942],[-54.173277550999956,-27.254989080999962],[-54.21475155699994,-27.383515667999973],[-54.262792873999956,-27.39875611499997],[-54.281566821999945,-27.447190043999967],[-54.338281274999986,-27.40303914499998],[-54.35333731399999,-27.466267372999937],[-54.41315696399994,-27.40651910699995],[-54.46987141699998,-27.427720104999935],[-54.44635044499995,-27.474155285999927],[-54.53019075399993,-27.50656354499995],[-54.58165571599994,-27.453406735999977],[-54.62227589399998,-27.542041308999956],[-54.67790769299995,-27.510251709999977],[-54.68366598799997,-27.574973048999937],[-54.774466219999965,-27.58510955299994],[-54.81287072099997,-27.532618642999978],[-54.84680183499995,-27.620277985999962],[-54.90505103999993,-27.63864742499993],[-54.902814346999946,-27.72102436499995],[-54.93624121199997,-27.77186784299994],[-55.08393636499994,-27.785968453999942],[-55.02916372599998,-27.85394105699993],[-55.10849495599996,-27.847421333999932],[-55.134383491999984,-27.896152694999955],[-55.197201262999954,-27.857129534999956],[-55.264206884999965,-27.928894078999974],[-55.322598857999935,-27.924420691999956],[-55.38441725499996,-27.982955432999972],[-55.376043514999935,-28.03497324799997],[-55.44775128699996,-28.09905803999993],[-55.49815549099998,-28.08098922599993],[-55.55478666299996,-28.162795095999968],[-55.58847983099997,-28.118489531999955],[-55.63075096199998,-28.138875078999945],[-55.71682796199997,-28.06195900299997],[-55.758171095999955,-28.06094773199993],[-55.74942657699995,-28.02709989999994],[-55.82479600299996,-27.94822076899993],[-55.84680601699995,-27.83240050699993],[-55.825866760999986,-27.79177121099997],[-56.05488987799998,-27.450972914999966],[-56.03932954299995,-27.34588210499993],[-56.02426433099998,-27.324261578999938],[-56.00314093399999,-27.342158489999974],[-55.97548919299999,-27.35562854699998],[-55.896346249999965,-27.34271762399993],[-55.78711170699995,-27.440210342999933],[-55.732774001999985,-27.443107676999944],[-55.68331601699998,-27.37875638199995],[-55.58963557799996,-27.331687425999974],[-55.602394009999955,-27.28461846999994],[-55.57408147399997,-27.250257114999954],[-55.61876140099997,-27.18717658099996],[-55.561119719999965,-27.160948090999966],[-55.56132304199997,-27.10132402399995],[-55.455544965999934,-27.106254573999934],[-55.44574040599997,-27.02537784699996],[-55.37574122799998,-26.966165973999978],[-55.25705222899995,-26.93770094599995],[-55.20312116799994,-26.96987659299998],[-55.14146388499995,-26.953458371999943],[-55.14156554599998,-26.86633505599997],[-55.057542883999986,-26.79898476699998],[-54.956259820999946,-26.781355538999946],[-54.94215786199993,-26.682379814999933],[-54.81242139799997,-26.66784223199994],[-54.78477788999999,-26.62326161699997],[-54.80054445799993,-26.53611520499993],[-54.706353493999984,-26.44913400799993],[-54.64756890999996,-26.311470291999967],[-54.678585183999985,-26.262536675999968],[-54.61801600399997,-26.21424551499996],[-54.67251755799998,-26.156281844999967],[-54.64310741999998,-26.09360684199993],[-54.67969163299995,-26.003556139999944],[-54.60754637599996,-25.969125339999948],[-54.622013498999934,-25.91239898899994],[-54.58691111999997,-25.829486035999935],[-54.658053268999936,-25.678127399999937],[-54.583673905999945,-25.666262803999928],[-54.59334493299997,-25.593259951999983],[-54.49472378499996,-25.617111818999945],[-54.42892335999994,-25.694064777999984],[-54.38447762499993,-25.597515958999963],[-54.34734366799995,-25.606058013999927],[-54.28841677899993,-25.555730490999963],[-54.25051940099996,-25.59771608099993],[-54.23055572299995,-25.563011641999935],[-54.178779186999975,-25.584886025999936],[-54.205346057999975,-25.54009236899998],[-54.102558114999965,-25.494314736999968],[-54.12372506199995,-25.56696154699995],[-54.100405971999976,-25.618192428999976],[-54.078284448999966,-25.557745693999948],[-54.04907745999998,-25.585373468999933],[-54.012229601999934,-25.56530924799995],[-53.95546600899996,-25.646600573999933],[-53.948248270999954,-25.611606070999983],[-53.890146940999955,-25.62332848799997],[-53.889993500999935,-25.661277481999946],[-53.84223569699998,-25.688223687999937],[-53.87930412999998,-25.707536583999968],[-53.86646217899994,-25.744070827999963],[-53.82209474899997,-25.79347379199993],[-53.85008126399998,-25.839601423999966],[-53.823358019999944,-25.872081781999952],[-53.84989852899997,-25.883774452999944],[-53.819574676999935,-25.89843669199996],[-53.836069933999966,-25.971906237999974],[-53.73727558799993,-26.041432524999948],[-53.744292506999955,-26.116237482999964],[-53.64127222199994,-26.213877777999983],[-53.71005478999996,-26.387958700999945],[-53.695944586999985,-26.490442085999973]]],[[[-55.960361912999986,-27.341869525999982],[-55.94710028999998,-27.335238714999946],[-55.928886542999976,-27.33834428399996],[-55.960361912999986,-27.341869525999982]]],[[[-55.99620186699997,-27.340274773999965],[-56.005098904999954,-27.337421006999932],[-55.99712514399994,-27.338596086999928],[-55.99620186699997,-27.340274773999965]]]]}},{"type":"Feature","properties":{"OBJECTID":450,"Entidad":0,"Objeto":"Provincia","FNA":"Provincia de Salta","GNA":"Provincia","NAM":"Salta","SAG":"IGN","FDC":"Geograf\u00eda","IN1":"66","SHAPE_STAr":13.8178053698,"SHAPE_STLe":30.2759503326,"shapeName":"Salta","shapeISO":"AR-A","shapeGroup":"ARG","shapeType":"ADM1"},"geometry":{"type":"Polygon","coordinates":[[[-63.47605645799996,-25.709762810999962],[-64.00774700999995,-25.673357057999965],[-64.02541450699994,-25.75348540599998],[-64.26806003899998,-25.700007020999976],[-64.41219588599995,-26.11349784999993],[-64.49491981099999,-26.219496874999948],[-64.66779237799994,-26.242717536999976],[-64.79041182699996,-26.223718168999937],[-64.95118208799994,-26.306848083999967],[-64.97251806399998,-26.274381328999937],[-65.03950901899998,-26.290333733999944],[-65.04072531399999,-26.229932996999935],[-65.27576807199995,-26.17138053599996],[-65.29790603099997,-26.081735545999948],[-65.36108313099999,-26.05828794599995],[-65.42455616999996,-26.109014875999947],[-65.54814569899997,-26.087534769999934],[-65.61363294599994,-26.123472968999977],[-65.68851522299997,-26.117262024999945],[-65.71940072399997,-26.352777040999968],[-66.07138081399995,-26.238733887999956],[-66.19630696999997,-26.130907108999963],[-66.29295777999994,-26.229305744999976],[-66.38202389799994,-26.41679934399997],[-66.53987674699994,-26.35316249899995],[-66.55946640199994,-26.288575239999943],[-66.50767952099994,-26.273034293999956],[-66.56823680399998,-26.249834548999956],[-66.58418918299998,-26.15983016699994],[-66.66115475599997,-26.106174590999956],[-66.66086817299998,-26.076655450999965],[-66.78113907699998,-26.046866525999974],[-66.84663374199994,-25.970069421999938],[-66.84756582199998,-25.796267599999965],[-66.87356626599995,-25.766185349999944],[-66.84717909599993,-25.71701010299995],[-66.64857721499993,-25.71203184899997],[-66.60645822399994,-25.62866950299997],[-66.56390194199997,-25.621761981999953],[-66.51854821699999,-25.440329893999944],[-66.53709946899994,-25.372482769999976],[-66.59979826599994,-25.362251086999947],[-66.55819123499998,-25.300653718999968],[-66.87926595599998,-25.241731389999927],[-67.86460073999996,-25.238400143999968],[-68.50717170199994,-25.168312800999956],[-68.45974740699995,-25.125661090999984],[-68.41022130599998,-25.145263090999947],[-68.34424416399997,-25.110770486999968],[-68.37819955199996,-25.032445620999965],[-68.40701569599997,-25.03033179299996],[-68.43259403399998,-24.90587117399997],[-68.51960179699995,-24.873914354999954],[-68.56875543099994,-24.794125274999942],[-68.49263062999995,-24.665384376999953],[-68.49580497699998,-24.600213863999954],[-68.46791678999995,-24.623664464999933],[-68.43482172099993,-24.606703169999946],[-68.38775805299997,-24.48405394599996],[-68.30851326799996,-24.49179611699998],[-68.25989334399998,-24.40232838299994],[-67.32261666699998,-24.034158332999937],[-67.21304744099996,-23.694916735999982],[-66.99283618299995,-23.889906818999975],[-66.94112128899997,-23.984036163999974],[-66.88064055999996,-23.974390565999954],[-66.83737151199995,-24.070738560999928],[-66.74573764899998,-24.08923197699994],[-66.64627618099996,-24.172513110999944],[-66.48335545299994,-24.212997677999965],[-66.36228728699996,-24.08735685399995],[-66.33944907899996,-23.98434681899994],[-66.36814076199994,-23.971905405999962],[-66.36757960499995,-23.69462483199993],[-66.31112689299994,-23.561375015999943],[-66.26419202499994,-23.56547958599998],[-66.18428894099998,-23.41460754899998],[-65.98721932999996,-23.509654375999958],[-66.02192638499997,-23.861713076999933],[-65.99257311699995,-23.979954834999944],[-65.94200957199996,-23.96746266499997],[-65.94754539499996,-24.007160858999953],[-65.86736956899995,-24.003330166999945],[-65.74626835499998,-24.062438553999982],[-65.72501731899996,-24.18599989699993],[-65.67083803799994,-24.252932845999965],[-65.65633148899997,-24.37741999399998],[-65.54042019299993,-24.451516408999964],[-65.46428519399996,-24.430577151999955],[-65.31731183599999,-24.50233763899996],[-65.19411898599998,-24.45986030499995],[-65.07967223699995,-24.562184642999966],[-64.92740747999994,-24.59977254499995],[-64.88371136199999,-24.57187996999994],[-64.88547892999998,-24.520844825999973],[-64.84197568599996,-24.467358727999965],[-64.64754777199994,-24.613357166999947],[-64.56013221899997,-24.57722863799995],[-64.53575587099994,-24.507619171999977],[-64.49999993699998,-24.50636901699994],[-64.42165196399998,-24.40220558599998],[-64.31834031799997,-24.427159655999958],[-64.27376949099994,-24.39332669099997],[-64.16184118699994,-24.22106069199998],[-64.15705693099994,-23.51804197599995],[-64.35705062499994,-23.517923002999964],[-64.39676078799994,-23.612133058999973],[-64.44497461599997,-23.640091724999934],[-64.53256050699997,-23.52135650599996],[-64.68253278399993,-23.452432534999957],[-64.78747552499993,-23.49616118399996],[-64.86422373999994,-23.484962767999946],[-64.90666463299993,-23.423791361999974],[-64.91017718699999,-23.31081230999996],[-64.94727832099994,-23.269147936999957],[-65.01011454899998,-23.285114130999943],[-65.07197455799997,-23.22031834099994],[-65.04501953199997,-23.15573797099995],[-65.07169497999996,-23.137652310999954],[-65.06682963699996,-23.047260988999938],[-65.18891121499996,-22.998151133999954],[-65.25168932799994,-22.927957033999974],[-65.30606135099998,-22.730399675999934],[-65.27166158299997,-22.648230418999958],[-65.35069368299997,-22.602261704999933],[-65.34712391799997,-22.520101417999967],[-65.26273333099994,-22.338258235999945],[-65.22661311299998,-22.32015053799995],[-65.24029501299998,-22.27924760299993],[-65.18656669899997,-22.08534968799995],[-64.99337222199995,-22.082433332999983],[-64.73684991799996,-22.193902093999952],[-64.61710407599998,-22.205163976999927],[-64.53758463699995,-22.284277308999947],[-64.56653899699995,-22.36930192699998],[-64.51284618799997,-22.412543876999962],[-64.52523510099996,-22.440809738999974],[-64.49210025699995,-22.435950238999965],[-64.48327706099997,-22.48020000599996],[-64.41207972699993,-22.53837801399993],[-64.44135165399996,-22.638785921999954],[-64.39472775999997,-22.685684461999983],[-64.40320996399998,-22.718700230999957],[-64.34433369699997,-22.73939771499994],[-64.34085642999997,-22.86158200699998],[-64.31575863599994,-22.88282748599994],[-64.24229238899994,-22.66605329899994],[-64.26458853799994,-22.65015992399998],[-64.24169127599998,-22.55772627099998],[-64.11551579499996,-22.40560716899995],[-64.09508688099999,-22.308772011999963],[-64.06240805599998,-22.238380967999944],[-64.03351973299993,-22.24278266799996],[-64.00003756999996,-22.10767550399993],[-63.95806921199994,-22.085774108999942],[-63.93145674099998,-21.99937691499997],[-63.709074886999986,-21.99933573499993],[-63.68375105399997,-22.054741972999977],[-63.66525743699998,-21.99935840699993],[-62.81117567899997,-21.998767869999938],[-62.78885221499996,-22.164950438999938],[-62.765128292999975,-22.152307956999948],[-62.66022812699998,-22.250683425999966],[-62.63253240399996,-22.24156977399997],[-62.634001575999946,-22.307408761999966],[-62.569188226999984,-22.309773115999974],[-62.51860325599995,-22.378235221999944],[-62.46389431599994,-22.372069495999938],[-62.46546882599995,-22.402603365999937],[-62.38061329499993,-22.47358477599994],[-62.34229970599995,-22.46084008799994],[-62.34173286699996,-24.39247127599998],[-63.47605645799996,-25.709762810999962]]]}}],"source":{"provider":"Datos Argentina / IGN provincias SHP","download_url":"https://infra.datos.gob.ar/catalog/modernizacion/dataset/7/distribution/7.34/download/provincias.zip","boundary_source":"Instituto Geogr\u00e1fico Nacional via datos.gob.ar","boundary_level":"first-order provincial/CABA polygons","download_sha256":"81a85eb506317b484a5ea0eff6add4b868c2effb1007a2028b3ac6496b826b75","display_clip_note":"Clipped to mainland Argentina and nearby islands for atlas display; Antarctic and remote South Atlantic claim geometry excluded from the web choropleth."}}