{"type":"FeatureCollection","features":[{"type":"Feature","properties":{"CNTR_CODE":"CZ","LEVL_CODE":2,"NUTS_ID":"CZ05","NUTS_NAME":"Severov\u00fdchod","NAME_LATN":"Severov\u00fdchod"},"geometry":{"type":"Polygon","coordinates":[[[15.242935954000075,50.98354304600008],[15.376942270000029,50.80168472300005],[15.535267500000032,50.77937599900008],[15.798259410000071,50.74235859500004],[16.047915110000076,50.63020808500005],[16.107318,50.66207299900003],[16.391873806000035,50.603324118000046],[16.38797209200004,50.543129735000036],[16.259126012000024,50.45442123200007],[16.58029,50.14278799900006],[16.714115958000036,50.116167465000046],[16.86327,50.19812299900008],[16.748420556000042,49.96387200600003],[16.755130601000076,49.82666959900007],[16.832265109000048,49.70896798900003],[16.8042,49.598812999000074],[16.393627500000036,49.580610499000045],[15.496953,49.861184499000046],[15.514347073000067,49.954475667000054],[15.409108012000047,50.05296671600007],[15.437586,50.10985749900004],[15.37108587800003,50.15166597700005],[15.368130630000053,50.27017364400007],[15.149477508000075,50.34383866300004],[15.136091194000073,50.463983778000056],[15.14677050000006,50.52294249900007],[14.96995490200004,50.60213737200007],[14.767382263000059,50.55474948900007],[14.651195865000034,50.486280244000056],[14.486485500000072,50.50502699900005],[14.38082356600006,50.61580265900005],[14.377313443000048,50.70042279300003],[14.6188,50.85780449900005],[14.767382263000059,50.81985103300008],[14.823362,50.870550499000046],[14.97733071700003,50.87812196200008],[15.062420796000026,51.01062514200004],[15.242935954000075,50.98354304600008]]]}},{"type":"Feature","properties":{"CNTR_CODE":"CZ","LEVL_CODE":2,"NUTS_ID":"CZ06","NUTS_NAME":"Jihov\u00fdchod","NAME_LATN":"Jihov\u00fdchod"},"geometry":{"type":"Polygon","coordinates":[[[15.496953,49.861184499000046],[16.393627500000036,49.580610499000045],[16.8042,49.598812999000074],[16.84882049500004,49.41259768300006],[16.938740770000038,49.48072674100007],[17.159901500000046,49.27505749900007],[17.17248984500003,49.095755902000064],[17.64693,48.85426599900006],[17.39672550000006,48.81334999900008],[17.172340853000037,48.85478281200005],[16.940278,48.617245499000035],[16.88364702800004,48.70997065000006],[16.55961829100005,48.805514490000064],[16.290087293000056,48.73394945000007],[15.753633500000035,48.85217849900005],[15.542449500000032,48.90769699900005],[15.586756500000035,48.947159499000065],[15.537175972000057,49.103685444000064],[14.943672090000064,49.31737490900008],[14.903574469000034,49.38056203900004],[14.932018500000027,49.549100999000075],[15.205879310000057,49.61327741900004],[15.233356619000062,49.74373454200003],[15.496953,49.861184499000046]]]}},{"type":"Feature","properties":{"CNTR_CODE":"CZ","LEVL_CODE":2,"NUTS_ID":"CZ07","NUTS_NAME":"St\u0159edn\u00ed Morava","NAME_LATN":"St\u0159edn\u00ed Morava"},"geometry":{"type":"Polygon","coordinates":[[[18.270555998000077,49.491554757000074],[18.40359550000005,49.396745499000076],[18.322436,49.31505899900003],[18.16977176000006,49.26352139800008],[18.068522706000067,49.04944438700005],[17.64693,48.85426599900006],[17.17248984500003,49.095755902000064],[17.159901500000046,49.27505749900007],[16.938740770000038,49.48072674100007],[16.84882049500004,49.41259768300006],[16.8042,49.598812999000074],[16.832265109000048,49.70896798900003],[16.755130601000076,49.82666959900007],[16.748420556000042,49.96387200600003],[16.86327,50.19812299900008],[16.995293588000038,50.268520842000044],[16.88712151800007,50.40624949100004],[16.907924500000036,50.44945399900007],[17.429605,50.25451299900004],[17.253521187000047,50.13873242500006],[17.178616572000067,49.86333834700008],[17.46289693500006,49.83486524700004],[17.91685650000005,49.53780849900005],[18.270555998000077,49.491554757000074]]]}},{"type":"Feature","properties":{"CNTR_CODE":"CZ","LEVL_CODE":2,"NUTS_ID":"CZ08","NUTS_NAME":"Moravskoslezsko","NAME_LATN":"Moravskoslezsko"},"geometry":{"type":"Polygon","coordinates":[[[18.035061,50.06577199900005],[18.32693846500007,49.92849747400004],[18.575724,49.91042299900005],[18.615499818000046,49.75034759000005],[18.801791811000044,49.65874690800007],[18.851551,49.51718899900004],[18.575361950000058,49.49720612800007],[18.40359550000005,49.396745499000076],[18.270555998000077,49.491554757000074],[17.91685650000005,49.53780849900005],[17.46289693500006,49.83486524700004],[17.178616572000067,49.86333834700008],[17.253521187000047,50.13873242500006],[17.429605,50.25451299900004],[17.72970100400005,50.28539818300004],[17.73530257400006,50.21247630900007],[17.65172024000003,50.14034149300005],[17.84550292700004,49.98936843400003],[18.035061,50.06577199900005]]]}},{"type":"Feature","properties":{"CNTR_CODE":"DE","LEVL_CODE":2,"NUTS_ID":"DE11","NUTS_NAME":"Stuttgart","NAME_LATN":"Stuttgart"},"geometry":{"type":"Polygon","coordinates":[[[9.800994498000023,49.69547344800003],[9.940450030000022,49.49829137100005],[10.083723500000076,49.54356099900008],[10.11832750000002,49.47316949900005],[10.111966500000051,49.38491049900006],[10.133019477000062,49.22788699400007],[10.256763500000034,49.05949499900004],[10.409849500000064,48.97743549900008],[10.423689,48.74449599900004],[10.487258,48.69666199900007],[10.395140837000042,48.66196116400005],[10.276284936000025,48.68653769700006],[10.278248500000075,48.51610149900006],[10.23077950000004,48.510510999000076],[9.944071500000064,48.631755499000064],[9.58517450000005,48.53674149900007],[9.582475500000044,48.53914699900008],[9.165176248000023,48.60516672800003],[9.129176500000028,48.601266499000076],[8.768902500000024,48.52184099900006],[8.856231011000034,48.71898637100003],[8.804181500000027,48.77777799900008],[8.928800500000023,48.86655699900007],[8.876031500000067,49.03516999900006],[8.87779450000005,49.058478499000046],[8.818233,49.19449699900008],[9.049126500000057,49.29286249900008],[9.165176248000023,49.32722881600006],[9.44349150000005,49.364336999000045],[9.603823,49.426577999000074],[9.519175704000077,49.466398207000054],[9.510113657000034,49.622292317000074],[9.41092,49.663507999000046],[9.368423844000063,49.762710499000036],[9.471497500000055,49.77972649900005],[9.648736,49.79147749900005],[9.645501197000044,49.71938217300004],[9.800994498000023,49.69547344800003]]]}},{"type":"Feature","properties":{"CNTR_CODE":"DE","LEVL_CODE":2,"NUTS_ID":"DE12","NUTS_NAME":"Karlsruhe","NAME_LATN":"Karlsruhe"},"geometry":{"type":"Polygon","coordinates":[[[9.510113657000034,49.622292317000074],[9.519175704000077,49.466398207000054],[9.603823,49.426577999000074],[9.44349150000005,49.364336999000045],[9.165176248000023,49.32722881600006],[9.049126500000057,49.29286249900008],[8.818233,49.19449699900008],[8.87779450000005,49.058478499000046],[8.876031500000067,49.03516999900006],[8.928800500000023,48.86655699900007],[8.804181500000027,48.77777799900008],[8.856231011000034,48.71898637100003],[8.768902500000024,48.52184099900006],[8.75571050000002,48.504139999000074],[8.774055,48.41627849900004],[8.737186500000064,48.377976999000055],[8.565216348000035,48.39675941000007],[8.426823569000021,48.314369320000026],[8.303992,48.349094499000046],[8.222007,48.60322749900007],[7.95963050000006,48.71858099900004],[8.232633,48.966571499000054],[8.261284,48.980916999000044],[8.277349,48.98993899900006],[8.33997,49.08014999900007],[8.413072500000055,49.249816499000076],[8.466985500000021,49.28297549900003],[8.487268,49.29002649900008],[8.47928661700007,49.36635080100007],[8.497316,49.411346999000045],[8.472505500000068,49.44351349900006],[8.423068,49.54182099900004],[8.422700500000076,49.57419249900005],[8.422439500000053,49.58338549900003],[8.581375,49.519780499000035],[8.662906758000076,49.59263811900007],[8.800891676000049,49.48234365600007],[8.93188,49.47063699900008],[9.08206258100006,49.525949007000065],[9.103006,49.57745599900005],[9.165176248000023,49.57621230600006],[9.41092,49.663507999000046],[9.510113657000034,49.622292317000074]]]}},{"type":"Feature","properties":{"CNTR_CODE":"DE","LEVL_CODE":2,"NUTS_ID":"DE13","NUTS_NAME":"Freiburg","NAME_LATN":"Freiburg"},"geometry":{"type":"Polygon","coordinates":[[[8.303992,48.349094499000046],[8.426823569000021,48.314369320000026],[8.565216348000035,48.39675941000007],[8.737186500000064,48.377976999000055],[8.685716014000036,48.28168744700008],[8.751237,48.15953999900006],[8.953761,48.10727899900007],[9.012045,47.936922999000046],[9.128582,47.84681749900005],[9.099847898000064,47.78783358700008],[9.182192,47.655890499000066],[8.873873425000056,47.66731240200005],[8.84141835400004,47.702477567000074],[8.795708500000046,47.67559549900005],[8.670461,47.684862499000076],[8.663354,47.68589249900003],[8.689697529000057,47.74218423800005],[8.61383150000006,47.801078999000026],[8.510115,47.77619049900005],[8.424319941000022,47.66621868500005],[8.498444862000042,47.64780342600005],[8.607268175000058,47.66731240200005],[8.426434500000028,47.56754899900005],[7.894107500000075,47.58637499900004],[7.713784500000031,47.539404999000055],[7.634097,47.561113499000044],[7.589039,47.589877999000066],[7.51984649700006,47.66731240200005],[7.545990500000073,47.743573999000034],[7.60252679000007,47.96768608100007],[7.577291,48.11565499900007],[7.577919500000064,48.12139199900008],[7.680713,48.25726699900008],[7.822504210000034,48.60837369400008],[7.95963050000006,48.71858099900004],[8.222007,48.60322749900007],[8.303992,48.349094499000046]]]}},{"type":"Feature","properties":{"CNTR_CODE":"DE","LEVL_CODE":2,"NUTS_ID":"DE14","NUTS_NAME":"T\u00fcbingen","NAME_LATN":"T\u00fcbingen"},"geometry":{"type":"Polygon","coordinates":[[[9.944071500000064,48.631755499000064],[10.23077950000004,48.510510999000076],[10.133895500000051,48.454871499000035],[10.032694500000048,48.45719649900008],[9.997606,48.35011799900008],[10.095357500000034,48.164014999000074],[10.136457,48.10845949900005],[10.104207,47.97435849900006],[10.110136500000067,47.93714999900004],[10.131928500000072,47.82008749900007],[10.06632131400005,47.66731240200005],[9.692151500000023,47.610423499000035],[9.55872050000005,47.54189299900003],[9.495604,47.55145499900004],[9.364413481000042,47.628061915000046],[9.182192,47.655890499000066],[9.099847898000064,47.78783358700008],[9.128582,47.84681749900005],[9.012045,47.936922999000046],[8.953761,48.10727899900007],[8.751237,48.15953999900006],[8.685716014000036,48.28168744700008],[8.737186500000064,48.377976999000055],[8.774055,48.41627849900004],[8.75571050000002,48.504139999000074],[8.768902500000024,48.52184099900006],[9.129176500000028,48.601266499000076],[9.165176248000023,48.60516672800003],[9.582475500000044,48.53914699900008],[9.58517450000005,48.53674149900007],[9.944071500000064,48.631755499000064]]]}},{"type":"Feature","properties":{"CNTR_CODE":"DE","LEVL_CODE":2,"NUTS_ID":"DE21","NUTS_NAME":"Oberbayern","NAME_LATN":"Oberbayern"},"geometry":{"type":"Polygon","coordinates":[[[11.504754791000039,49.054215948000035],[11.599306500000068,48.95149699900003],[11.715299706000053,48.91550455300006],[11.719435,48.78234549900003],[11.671416717000056,48.731296145000044],[11.706735,48.61664649900007],[11.910186500000066,48.58523149900003],[12.017122500000028,48.43067599900007],[12.156320596000057,48.411833364000074],[12.250551,48.321945999000036],[12.483791,48.42967549900004],[12.60729150000003,48.35363199900007],[12.815571017000025,48.31010726900007],[12.94468450000005,48.20669249900004],[12.751555,48.112810499000034],[12.860181500000067,47.99663999900008],[12.875785500000063,47.962608999000054],[12.983291907000023,47.86263494200006],[12.929350502000034,47.734071132000054],[13.078709892000063,47.66731240200005],[13.046055500000023,47.52050249900003],[12.922757854000054,47.50197557200005],[12.695795500000031,47.68222299900003],[12.599091658000077,47.66731240200005],[12.575026500000035,47.63231599900007],[12.500149563000036,47.63081876600006],[12.452545032000046,47.66731240200005],[12.338045500000021,47.69708749900008],[12.200350248000063,47.70595439700003],[12.182388959000036,47.66731240200005],[12.169276953000065,47.62105118900007],[12.060662,47.61874349900006],[11.632883,47.59244599900006],[11.560689436000075,47.521285402000046],[11.410219,47.49532399900005],[11.42142750000005,47.444851999000036],[11.016500500000063,47.39636799900006],[10.991202500000043,47.396130999000036],[10.886199,47.53684799900003],[10.952785500000061,47.616265499000065],[10.78011923300005,47.66731240200005],[10.767090500000052,47.84379349900007],[10.801532,48.10417049900008],[10.903411,48.236676499000055],[11.034508070000072,48.19309380000004],[11.116768500000035,48.26847799900003],[11.194375680000064,48.41044343600004],[11.311675,48.45227299900006],[11.295411,48.47457399900003],[11.022986,48.62017149900004],[11.005941500000063,48.82188299900008],[10.936839500000076,48.86327599900005],[11.201364500000068,49.04655149900003],[11.33815335600002,49.01189683600006],[11.385714,49.078857999000036],[11.504754791000039,49.054215948000035]]]}},{"type":"Feature","properties":{"CNTR_CODE":"DE","LEVL_CODE":2,"NUTS_ID":"DE22","NUTS_NAME":"Niederbayern","NAME_LATN":"Niederbayern"},"geometry":{"type":"Polygon","coordinates":[[[13.839507,48.77160499900003],[13.796107,48.71360049900005],[13.808444017000056,48.61126031400005],[13.727090500000031,48.51301949900005],[13.513369500000067,48.590977999000074],[13.438430500000038,48.54889499900003],[13.39324076400004,48.372187421000035],[13.177043,48.29438999900003],[12.94468450000005,48.20669249900004],[12.815571017000025,48.31010726900007],[12.60729150000003,48.35363199900007],[12.483791,48.42967549900004],[12.250551,48.321945999000036],[12.156320596000057,48.411833364000074],[12.017122500000028,48.43067599900007],[11.910186500000066,48.58523149900003],[11.706735,48.61664649900007],[11.671416717000056,48.731296145000044],[11.719435,48.78234549900003],[11.715299706000053,48.91550455300006],[11.599306500000068,48.95149699900003],[11.659785,49.016129499000044],[12.03677291300005,48.944539785000075],[12.113036481000051,48.86530691000007],[12.097496,48.77199199900008],[12.135276,48.76591199900008],[12.410204878000059,48.87915518500006],[12.479026500000032,49.03198599900003],[12.768203,49.114760999000055],[13.117511130000025,49.12614022200006],[13.170908,49.17357949900003],[13.365593095000065,49.067106254000066],[13.416651500000057,48.98003549900005],[13.551578500000062,48.96778749900005],[13.839507,48.77160499900003]]]}},{"type":"Feature","properties":{"CNTR_CODE":"DE","LEVL_CODE":2,"NUTS_ID":"DE23","NUTS_NAME":"Oberpfalz","NAME_LATN":"Oberpfalz"},"geometry":{"type":"Polygon","coordinates":[[[12.984562468000036,49.322802024000055],[13.170908,49.17357949900003],[13.117511130000025,49.12614022200006],[12.768203,49.114760999000055],[12.479026500000032,49.03198599900003],[12.410204878000059,48.87915518500006],[12.135276,48.76591199900008],[12.097496,48.77199199900008],[12.113036481000051,48.86530691000007],[12.03677291300005,48.944539785000075],[11.659785,49.016129499000044],[11.599306500000068,48.95149699900003],[11.504754791000039,49.054215948000035],[11.385714,49.078857999000036],[11.247176,49.325352999000074],[11.35072574700007,49.31825330100003],[11.458509887000048,49.41589802400006],[11.557755,49.41904199900006],[11.587427142000024,49.472776743000054],[11.549854869000058,49.53063310600004],[11.573016557000074,49.64441527400004],[11.560448500000064,49.71429099900007],[11.630662500000028,49.76057099900004],[11.854835500000036,49.847108999000056],[11.843074320000028,49.93804052000007],[11.903691500000036,49.97901999900006],[12.260799,50.05815649900006],[12.550988500000074,49.905087999000045],[12.401524,49.75837299900007],[12.593778500000042,49.54219149900007],[12.63765965600004,49.51946123100004],[12.633763500000043,49.47619499900003],[12.792463181000073,49.357913084000074],[12.984562468000036,49.322802024000055]]]}},{"type":"Feature","properties":{"CNTR_CODE":"DE","LEVL_CODE":2,"NUTS_ID":"DE24","NUTS_NAME":"Oberfranken","NAME_LATN":"Oberfranken"},"geometry":{"type":"Polygon","coordinates":[[[11.481568,50.43162149900007],[11.604540038000039,50.39707601100008],[11.919323,50.42472799900003],[12.100900500000023,50.31802799900004],[12.160679,50.21984899900008],[12.260799,50.05815649900006],[11.903691500000036,49.97901999900006],[11.843074320000028,49.93804052000007],[11.854835500000036,49.847108999000056],[11.630662500000028,49.76057099900004],[11.560448500000064,49.71429099900007],[11.51649384500007,49.64534517800007],[11.368694,49.66670799900004],[11.280304500000057,49.60430149900003],[11.094807823000053,49.60779830000007],[10.927335500000027,49.768429999000034],[10.720092495000074,49.77007343400004],[10.654417500000022,49.72112349900004],[10.551436,49.755772499000045],[10.448965,49.82217699900008],[10.50524850000005,49.87668199900003],[10.636199523000073,49.88129939600003],[10.86011650000006,50.09178549900008],[10.729202,50.23000549900007],[10.829974468000046,50.26078860600006],[10.74247207600007,50.36243878600004],[10.945718500000055,50.38646649900005],[11.189943,50.27118549900007],[11.264968572000043,50.39707601100008],[11.265938,50.47942099900007],[11.373521139000047,50.51220343500006],[11.481568,50.43162149900007]]]}},{"type":"Feature","properties":{"CNTR_CODE":"DE","LEVL_CODE":2,"NUTS_ID":"DE25","NUTS_NAME":"Mittelfranken","NAME_LATN":"Mittelfranken"},"geometry":{"type":"Polygon","coordinates":[[[10.927335500000027,49.768429999000034],[11.094807823000053,49.60779830000007],[11.280304500000057,49.60430149900003],[11.368694,49.66670799900004],[11.51649384500007,49.64534517800007],[11.560448500000064,49.71429099900007],[11.573016557000074,49.64441527400004],[11.549854869000058,49.53063310600004],[11.587427142000024,49.472776743000054],[11.557755,49.41904199900006],[11.458509887000048,49.41589802400006],[11.35072574700007,49.31825330100003],[11.247176,49.325352999000074],[11.385714,49.078857999000036],[11.33815335600002,49.01189683600006],[11.201364500000068,49.04655149900003],[10.936839500000076,48.86327599900005],[10.715520176000041,48.91996039800006],[10.642254500000035,49.01663149900003],[10.409849500000064,48.97743549900008],[10.256763500000034,49.05949499900004],[10.133019477000062,49.22788699400007],[10.111966500000051,49.38491049900006],[10.11832750000002,49.47316949900005],[10.083723500000076,49.54356099900008],[10.110316,49.62140849900004],[10.355607170000042,49.63824119600008],[10.427914153000074,49.73510248000008],[10.551436,49.755772499000045],[10.654417500000022,49.72112349900004],[10.720092495000074,49.77007343400004],[10.927335500000027,49.768429999000034]]]}},{"type":"Feature","properties":{"CNTR_CODE":"DE","LEVL_CODE":2,"NUTS_ID":"DE26","NUTS_NAME":"Unterfranken","NAME_LATN":"Unterfranken"},"geometry":{"type":"Polygon","coordinates":[[[10.589591350000035,50.31985615800005],[10.610115,50.22799499900003],[10.729202,50.23000549900007],[10.86011650000006,50.09178549900008],[10.636199523000073,49.88129939600003],[10.50524850000005,49.87668199900003],[10.448965,49.82217699900008],[10.551436,49.755772499000045],[10.427914153000074,49.73510248000008],[10.355607170000042,49.63824119600008],[10.110316,49.62140849900004],[10.083723500000076,49.54356099900008],[9.940450030000022,49.49829137100005],[9.800994498000023,49.69547344800003],[9.645501197000044,49.71938217300004],[9.648736,49.79147749900005],[9.471497500000055,49.77972649900005],[9.368423844000063,49.762710499000036],[9.41092,49.663507999000046],[9.165176248000023,49.57621230600006],[9.103006,49.57745599900005],[9.127117102000057,49.74205876000008],[9.036080500000025,49.84650399900005],[9.05008,49.86631499900005],[9.016088500000023,49.991340499000046],[8.99056,50.06711899900006],[9.165176248000023,50.10605306000008],[9.270941022000045,50.14205011900003],[9.404984500000069,50.08773449900008],[9.51161122800005,50.12236128200004],[9.519079673000022,50.21800801100005],[9.623151,50.229039999000065],[9.73291450000005,50.356149499000026],[9.935655,50.419606499000054],[10.041338500000052,50.51646949900004],[10.216964401000041,50.53211020900005],[10.45417136900005,50.39707601100008],[10.589591350000035,50.31985615800005]]]}},{"type":"Feature","properties":{"CNTR_CODE":"DE","LEVL_CODE":2,"NUTS_ID":"DE27","NUTS_NAME":"Schwaben","NAME_LATN":"Schwaben"},"geometry":{"type":"Polygon","coordinates":[[[11.005941500000063,48.82188299900008],[11.022986,48.62017149900004],[11.295411,48.47457399900003],[11.311675,48.45227299900006],[11.194375680000064,48.41044343600004],[11.116768500000035,48.26847799900003],[11.034508070000072,48.19309380000004],[10.903411,48.236676499000055],[10.801532,48.10417049900008],[10.767090500000052,47.84379349900007],[10.78011923300005,47.66731240200005],[10.952785500000061,47.616265499000065],[10.886199,47.53684799900003],[10.454439,47.55579699900005],[10.43481149400003,47.39792764500004],[10.178353,47.270113999000046],[10.197797789000049,47.367581904000076],[10.11432506400007,47.374270187000036],[9.999526,47.48301699900003],[9.967813500000034,47.54624049900008],[9.55872050000005,47.54189299900003],[9.692151500000023,47.610423499000035],[10.06632131400005,47.66731240200005],[10.131928500000072,47.82008749900007],[10.110136500000067,47.93714999900004],[10.104207,47.97435849900006],[10.136457,48.10845949900005],[10.095357500000034,48.164014999000074],[9.997606,48.35011799900008],[10.032694500000048,48.45719649900008],[10.133895500000051,48.454871499000035],[10.23077950000004,48.510510999000076],[10.278248500000075,48.51610149900006],[10.276284936000025,48.68653769700006],[10.395140837000042,48.66196116400005],[10.487258,48.69666199900007],[10.423689,48.74449599900004],[10.409849500000064,48.97743549900008],[10.642254500000035,49.01663149900003],[10.715520176000041,48.91996039800006],[10.936839500000076,48.86327599900005],[11.005941500000063,48.82188299900008]]]}},{"type":"Feature","properties":{"CNTR_CODE":"DE","LEVL_CODE":2,"NUTS_ID":"DE30","NUTS_NAME":"Berlin","NAME_LATN":"Berlin"},"geometry":{"type":"Polygon","coordinates":[[[13.610827500000028,52.54423549900008],[13.66698,52.47416699900003],[13.723263691000056,52.43658333500008],[13.699738,52.377882999000065],[13.420985,52.376246999000045],[13.311926,52.399185499000055],[13.165898,52.39427549900006],[13.109412838000026,52.428361109000036],[13.13900626000003,52.50205882300003],[13.164263,52.59890049900008],[13.39854,52.648194499000056],[13.610827500000028,52.54423549900008]]]}},{"type":"Feature","properties":{"CNTR_CODE":"DE","LEVL_CODE":2,"NUTS_ID":"DEC0","NUTS_NAME":"Saarland","NAME_LATN":"Saarland"},"geometry":{"type":"Polygon","coordinates":[[[7.27662250000003,49.54862349900003],[7.252589,49.43146549900007],[7.292601500000046,49.40822249900003],[7.395898500000044,49.37204599900008],[7.402075500000024,49.367718499000034],[7.394494,49.31635199900006],[7.309481252000069,49.23976484500008],[7.320341,49.18949899900008],[7.36875550000002,49.16145799900005],[7.246490809000022,49.117857627000035],[7.101069,49.15599799900008],[6.925465319000068,49.21381010700003],[6.784493918000067,49.16083663400008],[6.723465500000032,49.21882899900004],[6.556986,49.419208499000035],[6.365096101000063,49.459574659000054],[6.365096101000063,49.53950953100008],[6.609608402000049,49.52834879000005],[6.891454,49.61342249900008],[7.02798,49.63943849900005],[7.27662250000003,49.54862349900003]]]}},{"type":"Feature","properties":{"CNTR_CODE":"DE","LEVL_CODE":2,"NUTS_ID":"DED2","NUTS_NAME":"Dresden","NAME_LATN":"Dresden"},"geometry":{"type":"Polygon","coordinates":[[[14.932977534000031,51.46513991100005],[14.974183,51.363949999000056],[15.022820756000044,51.27576794000004],[14.997341547000076,51.13754173600006],[14.823362,50.870550499000046],[14.767382263000059,50.81985103300008],[14.6188,50.85780449900005],[14.581976292000036,50.981578256000034],[14.491221,51.04353049900004],[14.317873500000076,51.05469899900004],[14.281860229000074,50.99951617600004],[14.36330857400003,50.903429636000055],[13.829705033000039,50.732850273000054],[13.652174,50.73035999900003],[13.488571579000052,50.870314757000074],[13.42188550000003,51.034199999000066],[13.291860978000045,51.048560964000046],[13.198708,51.23040549900003],[13.21015,51.40473599900008],[13.395382296000037,51.44205537500005],[13.691250500000024,51.37401299900006],[13.835313,51.37678999900004],[14.030393885000024,51.42335019700005],[14.163324500000044,51.54104299900007],[14.447771,51.54206899900004],[14.729862,51.581776999000056],[14.767382263000059,51.51908593700006],[14.932977534000031,51.46513991100005]]]}},{"type":"Feature","properties":{"CNTR_CODE":"DE","LEVL_CODE":2,"NUTS_ID":"DED4","NUTS_NAME":"Chemnitz","NAME_LATN":"Chemnitz"},"geometry":{"type":"Polygon","coordinates":[[[13.501846,50.633642999000074],[13.056368098000064,50.50130451800004],[12.948144500000069,50.40431149900007],[12.814980793000075,50.44982022100004],[12.58377850000005,50.40707899900008],[12.322304616000054,50.207677197000066],[12.100900500000023,50.31802799900004],[11.919323,50.42472799900003],[11.896747209000068,50.54318200500006],[11.944137500000068,50.59127549900006],[12.13439267900003,50.581048398000064],[12.318916500000057,50.676532499000075],[12.250067813000044,50.73219752300008],[12.250825500000076,50.81831849900004],[12.652865500000075,50.92367799900006],[12.617355,50.98079299900007],[12.750471453000046,51.09194167100003],[12.850569442000051,51.10335163900004],[12.926016,51.21820749900007],[13.198708,51.23040549900003],[13.291860978000045,51.048560964000046],[13.42188550000003,51.034199999000066],[13.488571579000052,50.870314757000074],[13.652174,50.73035999900003],[13.501846,50.633642999000074]]]}},{"type":"Feature","properties":{"CNTR_CODE":"DE","LEVL_CODE":2,"NUTS_ID":"DED5","NUTS_NAME":"Leipzig","NAME_LATN":"Leipzig"},"geometry":{"type":"Polygon","coordinates":[[[12.750471453000046,51.09194167100003],[12.617355,50.98079299900007],[12.441382435000037,51.078941074000056],[12.283547,51.09192399900007],[12.170904500000063,51.27550849900007],[12.19354450000003,51.33251849900006],[12.198939,51.53132049900006],[12.580263,51.62606549900005],[13.051025,51.647676999000055],[13.176731053000026,51.56365019300006],[13.21015,51.40473599900008],[13.198708,51.23040549900003],[12.926016,51.21820749900007],[12.850569442000051,51.10335163900004],[12.750471453000046,51.09194167100003]]]}},{"type":"Feature","properties":{"CNTR_CODE":"DE","LEVL_CODE":2,"NUTS_ID":"DEE0","NUTS_NAME":"Sachsen-Anhalt","NAME_LATN":"Sachsen-Anhalt"},"geometry":{"type":"Polygon","coordinates":[[[12.283547,51.09192399900007],[12.224169,50.942934999000045],[12.163529500000038,50.95859999900006],[12.021018500000025,50.969122499000036],[11.696938500000044,51.08749099900007],[11.484608500000036,51.10543749900006],[11.385374500000069,51.24588699900005],[11.473968,51.29505849900005],[11.393107,51.35949549900005],[10.978113,51.42688499900004],[10.916059,51.616373999000075],[10.701372,51.642187499000045],[10.561227,52.004065999000034],[10.801489,52.04799699900008],[10.964414500000032,52.056642999000076],[11.036816248000036,52.16327780600005],[11.051056437000057,52.37008322300005],[10.934542500000077,52.47179499900005],[11.008781500000055,52.49674749900004],[10.759314500000073,52.79583049900003],[10.841556,52.85220499900004],[11.505027,52.94103249900007],[11.597784500000046,53.03592649900003],[11.91460117500003,52.89539969300006],[12.12681150000003,52.89019949900006],[12.249203500000021,52.79186199900005],[12.171555,52.50633649900004],[12.31718,52.45409549900006],[12.236253773000044,52.17559335000004],[12.276724500000057,52.104017999000064],[12.376122500000065,52.045119499000066],[12.769780500000024,51.97927449900004],[13.150913500000058,51.85961049900004],[13.150917029000027,51.70956685400006],[13.051025,51.647676999000055],[12.580263,51.62606549900005],[12.198939,51.53132049900006],[12.19354450000003,51.33251849900006],[12.170904500000063,51.27550849900007],[12.283547,51.09192399900007]]]}},{"type":"Feature","properties":{"CNTR_CODE":"DE","LEVL_CODE":2,"NUTS_ID":"DEF0","NUTS_NAME":"Schleswig-Holstein","NAME_LATN":"Schleswig-Holstein"},"geometry":{"type":"MultiPolygon","coordinates":[[[[11.272382089000075,54.41470657800005],[11.12805181400006,54.41077233400006],[11.027967267000065,54.45021477800003],[11.026139068000077,54.507596489000036],[11.06072791500003,54.52990118100007],[11.210658012000067,54.507596489000036],[11.272382089000075,54.41470657800005]]],[[[9.113097,54.873601499000074],[9.294053628000029,54.81052229800008],[9.420151500000031,54.83195649900006],[9.422934,54.82322299900005],[9.491949500000032,54.82263549900006],[9.92596868000004,54.77731669100007],[10.03117,54.63657499900006],[9.970446755000069,54.50674986900003],[10.168517,54.432844999000054],[10.174373837000076,54.34629987400007],[10.341463898000029,54.42795049300008],[10.71375050000006,54.30507249900006],[10.937591767000072,54.37253642600007],[11.073009282000044,54.31540099100005],[11.066790742000023,54.19220768500003],[10.781582736000075,54.06589680500008],[10.840886,53.99189399900007],[10.903661500000055,53.956821999000056],[10.762964500000066,53.81115299900006],[10.782266690000029,53.74212887200008],[10.951918500000033,53.64762249900008],[10.595047,53.363927499000056],[10.469184,53.38584399900003],[10.307954,53.433200999000064],[10.236678500000039,53.49635449900006],[10.17859326100006,53.534967341000026],[10.168447086000072,53.681768281000075],[10.072805,53.70963399900006],[9.945376,53.65292799900004],[9.730104,53.55758099900004],[9.48589,53.70766449900003],[9.272733,53.86766249900006],[9.199751,53.880104499000026],[9.028210259000048,53.88013263800008],[8.832592,54.023929499000076],[8.955681569000035,54.07128012900006],[8.828785045000075,54.164988366000046],[8.844804500000066,54.26632849900005],[8.69326122900003,54.32595365100008],[8.878017963000048,54.43896662100008],[8.855166754000038,54.56355163100005],[8.65460243900003,54.81183706000007],[8.635926,54.91168299900005],[9.028210259000048,54.88064693900003],[9.113097,54.873601499000074]]],[[[8.704124470000068,54.55643013700006],[8.68307683300003,54.47645184000004],[8.554701859000033,54.50188727500006],[8.555420193000032,54.53786589600003],[8.704124470000068,54.55643013700006]]],[[[8.574208988000066,54.677202298000054],[8.485066035000045,54.67675076200004],[8.38523510400006,54.71494280600007],[8.430900606000023,54.751397679000036],[8.596975197000063,54.743567161000044],[8.574208988000066,54.677202298000054]]],[[[8.383420461000071,54.64726116000003],[8.333663314000034,54.60706518400008],[8.263748090000036,54.66749105100007],[8.358313922000036,54.73776141600007],[8.383420461000071,54.64726116000003]]],[[[8.375451834000046,54.86717631300007],[8.271810261000041,54.865587582000046],[8.330537957000047,54.98211315800006],[8.375710689000073,54.95904243400008],[8.375451834000046,54.86717631300007]]],[[[7.940571306000038,54.20554988100008],[7.916555794000033,54.119422787000076],[7.800921521000021,54.21118334100004],[7.888383327000042,54.23612984400006],[7.940571306000038,54.20554988100008]]]]}},{"type":"Feature","properties":{"CNTR_CODE":"DE","LEVL_CODE":2,"NUTS_ID":"DEG0","NUTS_NAME":"Th\u00fcringen","NAME_LATN":"Th\u00fcringen"},"geometry":{"type":"Polygon","coordinates":[[[10.916059,51.616373999000075],[10.978113,51.42688499900004],[11.393107,51.35949549900005],[11.473968,51.29505849900005],[11.385374500000069,51.24588699900005],[11.484608500000036,51.10543749900006],[11.696938500000044,51.08749099900007],[12.021018500000025,50.969122499000036],[12.163529500000038,50.95859999900006],[12.224169,50.942934999000045],[12.283547,51.09192399900007],[12.441382435000037,51.078941074000056],[12.617355,50.98079299900007],[12.652865500000075,50.92367799900006],[12.250825500000076,50.81831849900004],[12.250067813000044,50.73219752300008],[12.318916500000057,50.676532499000075],[12.13439267900003,50.581048398000064],[11.944137500000068,50.59127549900006],[11.896747209000068,50.54318200500006],[11.919323,50.42472799900003],[11.604540038000039,50.39707601100008],[11.481568,50.43162149900007],[11.373521139000047,50.51220343500006],[11.265938,50.47942099900007],[11.264968572000043,50.39707601100008],[11.189943,50.27118549900007],[10.945718500000055,50.38646649900005],[10.74247207600007,50.36243878600004],[10.829974468000046,50.26078860600006],[10.729202,50.23000549900007],[10.610115,50.22799499900003],[10.589591350000035,50.31985615800005],[10.45417136900005,50.39707601100008],[10.216964401000041,50.53211020900005],[10.041338500000052,50.51646949900004],[10.077555500000074,50.63762399900003],[9.900994413000035,50.65500510100003],[9.926176500000054,50.767389999000045],[10.036739684000054,50.866849968000054],[10.021558500000026,50.992949499000076],[10.162293291000026,51.010419951000074],[10.210013,51.144082999000034],[10.206942,51.190648999000075],[9.986171155000022,51.29300327300007],[9.928339,51.37529899900005],[10.265768360000038,51.48460944800007],[10.380029808000074,51.57562148300008],[10.488551,51.57477849900005],[10.677283,51.63837599900006],[10.701372,51.642187499000045],[10.916059,51.616373999000075]]]}},{"type":"Feature","properties":{"CNTR_CODE":"DK","LEVL_CODE":2,"NUTS_ID":"DK01","NUTS_NAME":"Hovedstaden","NAME_LATN":"Hovedstaden"},"geometry":{"type":"MultiPolygon","coordinates":[[[[15.153529288000072,55.07770734300004],[15.081808412000044,54.98882919200008],[14.962766828000042,55.00467682100003],[14.74544226300003,55.06464899900004],[14.684840498000028,55.09805516600005],[14.714264223000043,55.22379899100008],[14.77432149200007,55.29767172800007],[14.826030470000035,55.25316106100007],[15.153312422000056,55.132043930000066],[15.153529288000072,55.07770734300004]]],[[[12.798795550000023,55.66527493500007],[12.788166155000056,55.56419335100003],[12.69903596100005,55.59664847800008],[12.737644340000031,55.691309982000064],[12.798795550000023,55.66527493500007]]],[[[12.582753500000024,55.80796799900003],[12.584125500000027,55.722001499000044],[12.656495563000021,55.58949815500006],[12.568828602000053,55.56759948500007],[12.504701372000056,55.63670040900007],[12.363471,55.59380699900004],[12.16914636000007,55.63094085500006],[12.250787500000058,55.70841399900007],[12.089012160000038,55.78048899800007],[11.980778500000042,55.73012299900006],[11.875297500000045,55.737655999000026],[11.934990596000034,55.84698303400006],[11.904448567000031,55.97946758200004],[12.280322228000045,56.11484338000008],[12.569747268000071,56.045609185000046],[12.582753500000024,55.80796799900003]]],[[[11.76888580700006,56.23591491700006],[11.78329520400007,56.14980909900004],[11.676384301000041,56.15579439500004],[11.638350633000073,56.19874205700006],[11.76888580700006,56.23591491700006]]]]}},{"type":"Feature","properties":{"CNTR_CODE":"AT","LEVL_CODE":2,"NUTS_ID":"AT31","NUTS_NAME":"Ober\u00f6sterreich","NAME_LATN":"Ober\u00f6sterreich"},"geometry":{"type":"Polygon","coordinates":[[[14.112300538000056,48.59387792200005],[14.343542636000052,48.56312808900003],[14.487402430000031,48.630012416000056],[14.691014,48.58430199900005],[14.86437045100007,48.50854401400005],[14.960269500000038,48.376482499000076],[14.967474971000058,48.247361228000045],[14.767382263000059,48.17850971000007],[14.520807500000046,48.237351499000056],[14.482755,48.10563699900007],[14.532956927000043,47.99348045800008],[14.743368472000043,47.88765703400003],[14.738545,47.74742649900003],[14.695416308000063,47.758401468000045],[14.461770702000024,47.66731240200005],[14.30188454100005,47.611003346000075],[14.073838772000045,47.62712124900003],[14.05483547700004,47.66731240200005],[14.010663,47.70051099900007],[13.827891008000051,47.721879337000075],[13.713438653000026,47.66731240200005],[13.734344307000072,47.490502992000074],[13.585584500000039,47.473992999000075],[13.516362,47.49677599900008],[13.499891927000021,47.66731240200005],[13.52063937400004,47.71457304000006],[13.293887325000071,47.851110274000064],[13.303821,48.00782449900004],[13.177534566000077,47.982145124000056],[12.991953462000026,48.03729585700006],[12.860181500000067,47.99663999900008],[12.751555,48.112810499000034],[12.94468450000005,48.20669249900004],[13.177043,48.29438999900003],[13.39324076400004,48.372187421000035],[13.438430500000038,48.54889499900003],[13.513369500000067,48.590977999000074],[13.727090500000031,48.51301949900005],[13.808444017000056,48.61126031400005],[13.796107,48.71360049900005],[13.839507,48.77160499900003],[14.112300538000056,48.59387792200005]]]}},{"type":"Feature","properties":{"CNTR_CODE":"AT","LEVL_CODE":2,"NUTS_ID":"AT32","NUTS_NAME":"Salzburg","NAME_LATN":"Salzburg"},"geometry":{"type":"Polygon","coordinates":[[[12.991953462000026,48.03729585700006],[13.177534566000077,47.982145124000056],[13.303821,48.00782449900004],[13.293887325000071,47.851110274000064],[13.52063937400004,47.71457304000006],[13.499891927000021,47.66731240200005],[13.516362,47.49677599900008],[13.585584500000039,47.473992999000075],[13.606840500000033,47.283295499000076],[13.864372500000059,47.251693499000055],[13.918698429000074,47.150552134000066],[13.785132500000032,46.94404799900008],[13.661628412000027,47.040926486000046],[13.354584,47.09730349900008],[13.079015115000061,47.03127285700003],[12.656083,47.09970099900005],[12.462926649000053,47.151718137000046],[12.24074550000006,47.06916849900006],[12.136014,47.08066749900007],[12.099978715000077,47.26711580300008],[12.447828360000074,47.33430356700006],[12.672763087000021,47.47779985900007],[12.575026500000035,47.63231599900007],[12.599091658000077,47.66731240200005],[12.695795500000031,47.68222299900003],[12.922757854000054,47.50197557200005],[13.046055500000023,47.52050249900003],[13.078709892000063,47.66731240200005],[12.929350502000034,47.734071132000054],[12.983291907000023,47.86263494200006],[12.875785500000063,47.962608999000054],[12.860181500000067,47.99663999900008],[12.991953462000026,48.03729585700006]]]}},{"type":"Feature","properties":{"CNTR_CODE":"AT","LEVL_CODE":2,"NUTS_ID":"AT33","NUTS_NAME":"Tirol","NAME_LATN":"Tirol"},"geometry":{"type":"MultiPolygon","coordinates":[[[[12.730347810000069,46.72850032300005],[12.690635,46.65697199900006],[12.477924,46.679835499000035],[12.162927552000042,46.91671685400007],[12.143110025000055,46.99888240800004],[12.24074550000006,47.06916849900006],[12.462926649000053,47.151718137000046],[12.656083,47.09970099900005],[12.938091547000056,46.80037180700003],[12.730347810000069,46.72850032300005]]],[[[12.452545032000046,47.66731240200005],[12.500149563000036,47.63081876600006],[12.575026500000035,47.63231599900007],[12.672763087000021,47.47779985900007],[12.447828360000074,47.33430356700006],[12.099978715000077,47.26711580300008],[12.136014,47.08066749900007],[11.774589671000058,46.98302185600005],[11.627199500000074,47.01329899900003],[11.164281500000072,46.96572249900004],[10.993504047000044,46.77015294500006],[10.664640703000032,46.86334514500004],[10.469651500000055,46.85490899900003],[10.472089854000046,46.935026168000036],[10.39463550000005,46.98382168200004],[10.144974500000046,46.85100949900004],[10.115053235000062,46.93407182100003],[10.212787,47.15728099900008],[10.178353,47.270113999000046],[10.43481149400003,47.39792764500004],[10.454439,47.55579699900005],[10.886199,47.53684799900003],[10.991202500000043,47.396130999000036],[11.016500500000063,47.39636799900006],[11.42142750000005,47.444851999000036],[11.410219,47.49532399900005],[11.560689436000075,47.521285402000046],[11.632883,47.59244599900006],[12.060662,47.61874349900006],[12.169276953000065,47.62105118900007],[12.182388959000036,47.66731240200005],[12.200350248000063,47.70595439700003],[12.338045500000021,47.69708749900008],[12.452545032000046,47.66731240200005]]]]}},{"type":"Feature","properties":{"CNTR_CODE":"CY","LEVL_CODE":2,"NUTS_ID":"CY00","NUTS_NAME":"\u039a\u03cd\u03c0\u03c1\u03bf\u03c2","NAME_LATN":"K\u00fdpros"},"geometry":{"type":"Polygon","coordinates":[[[32.27381856300008,35.066489122000064],[32.288836855000056,35.105032411000025],[32.408191275000036,35.04058874700007],[32.49219192700008,35.08544312400005],[32.554077275000054,35.17489505800006],[32.65223643100006,35.195153220000066],[32.82707378200007,35.14119124600006],[32.89705401900005,35.17275231000008],[32.93661871100005,35.26796526800007],[32.923232890000065,35.40194686600006],[32.994663640000056,35.36768057200004],[33.48217217700005,35.33175307400006],[33.65180008700003,35.35844184200005],[33.77072330300007,35.41240668200004],[33.84893348500003,35.41211644400005],[33.97882575800003,35.44684867800004],[34.126093525000044,35.50656030500005],[34.17077892400005,35.55765793000006],[34.285257440000066,35.574333790000026],[34.34515900700006,35.61965395800007],[34.543003405000036,35.68085262200003],[34.558094991000075,35.640987575000054],[34.463609475000055,35.614255128000025],[34.40529424400006,35.55737286300007],[34.278924897000024,35.478846916000066],[34.170416585000055,35.437513429000035],[34.06093903000004,35.32692824700007],[33.96281194000005,35.31958068100005],[33.904871445000026,35.25588431800003],[33.913474534000045,35.159750924000036],[34.04597840100007,35.01869162100007],[33.85779132700003,34.943808998000065],[33.77598004500004,34.97975338500004],[33.69707159300003,34.97832568500007],[33.64113269400008,34.93499338500004],[33.60135421500007,34.817337200000054],[33.25868184800004,34.706997374000025],[33.149235754000074,34.71376449200005],[33.011342281000054,34.64879726600003],[33.00579214900006,34.57656340800003],[32.93836211800004,34.57040555200007],[32.876457833000075,34.66821246000006],[32.707076406000056,34.64273286400004],[32.49809041000003,34.705168153000045],[32.409479144000045,34.76714777800004],[32.392858802000035,34.83870698700008],[32.32060596900004,34.90309871300008],[32.316903343000035,34.996256233000054],[32.27381856300008,35.066489122000064]]]}},{"type":"Feature","properties":{"CNTR_CODE":"CZ","LEVL_CODE":2,"NUTS_ID":"CZ01","NUTS_NAME":"Praha","NAME_LATN":"Praha"},"geometry":{"type":"Polygon","coordinates":[[[14.271791189000055,50.097961292000036],[14.303311172000065,50.12882304900006],[14.531597732000023,50.17567666200006],[14.687079252000046,50.082923245000075],[14.639686410000024,49.99545549100003],[14.53004691800004,50.01138694500003],[14.460472411000069,49.97179114000005],[14.352195385000073,49.95483864300007],[14.271815551000032,50.040538894000065],[14.271791189000055,50.097961292000036]]]}},{"type":"Feature","properties":{"CNTR_CODE":"CZ","LEVL_CODE":2,"NUTS_ID":"CZ02","NUTS_NAME":"St\u0159edn\u00ed \u010cechy","NAME_LATN":"St\u0159edn\u00ed \u010cechy"},"geometry":{"type":"Polygon","coordinates":[[[15.14677050000006,50.52294249900007],[15.136091194000073,50.463983778000056],[15.149477508000075,50.34383866300004],[15.368130630000053,50.27017364400007],[15.37108587800003,50.15166597700005],[15.437586,50.10985749900004],[15.409108012000047,50.05296671600007],[15.514347073000067,49.954475667000054],[15.496953,49.861184499000046],[15.233356619000062,49.74373454200003],[15.205879310000057,49.61327741900004],[14.932018500000027,49.549100999000075],[14.767382263000059,49.620651750000036],[14.648730765000039,49.525240395000026],[14.272228867000024,49.55652345000004],[13.76559050000003,49.513990499000045],[13.758071033000022,49.61439142000006],[13.823631540000065,49.706461131000026],[13.80017575900007,49.918141339000044],[13.407053500000075,50.08961699900004],[13.65677260800004,50.22414153900007],[14.375079610000057,50.39707601100008],[14.486485500000072,50.50502699900005],[14.651195865000034,50.486280244000056],[14.767382263000059,50.55474948900007],[14.96995490200004,50.60213737200007],[15.14677050000006,50.52294249900007]],[[14.271791189000055,50.097961292000036],[14.271815551000032,50.040538894000065],[14.352195385000073,49.95483864300007],[14.460472411000069,49.97179114000005],[14.53004691800004,50.01138694500003],[14.639686410000024,49.99545549100003],[14.687079252000046,50.082923245000075],[14.531597732000023,50.17567666200006],[14.303311172000065,50.12882304900006],[14.271791189000055,50.097961292000036]]]}},{"type":"Feature","properties":{"CNTR_CODE":"CZ","LEVL_CODE":2,"NUTS_ID":"CZ03","NUTS_NAME":"Jihoz\u00e1pad","NAME_LATN":"Jihoz\u00e1pad"},"geometry":{"type":"Polygon","coordinates":[[[13.407053500000075,50.08961699900004],[13.80017575900007,49.918141339000044],[13.823631540000065,49.706461131000026],[13.758071033000022,49.61439142000006],[13.76559050000003,49.513990499000045],[14.272228867000024,49.55652345000004],[14.648730765000039,49.525240395000026],[14.767382263000059,49.620651750000036],[14.932018500000027,49.549100999000075],[14.903574469000034,49.38056203900004],[14.943672090000064,49.31737490900008],[15.537175972000057,49.103685444000064],[15.586756500000035,48.947159499000065],[15.542449500000032,48.90769699900005],[15.024387797000031,49.00163129900005],[14.94017304700003,48.79088894600005],[14.767382263000059,48.71053998800005],[14.691014,48.58430199900005],[14.487402430000031,48.630012416000056],[14.343542636000052,48.56312808900003],[14.112300538000056,48.59387792200005],[13.839507,48.77160499900003],[13.551578500000062,48.96778749900005],[13.416651500000057,48.98003549900005],[13.365593095000065,49.067106254000066],[13.170908,49.17357949900003],[12.984562468000036,49.322802024000055],[12.792463181000073,49.357913084000074],[12.633763500000043,49.47619499900003],[12.63765965600004,49.51946123100004],[12.593778500000042,49.54219149900007],[12.401524,49.75837299900007],[12.550988500000074,49.905087999000045],[12.925041566000061,49.93127425100005],[13.087943023000037,50.020643334000056],[13.215621971000076,50.014182291000054],[13.301367,50.09964349900008],[13.407053500000075,50.08961699900004]]]}},{"type":"Feature","properties":{"CNTR_CODE":"CZ","LEVL_CODE":2,"NUTS_ID":"CZ04","NUTS_NAME":"Severoz\u00e1pad","NAME_LATN":"Severoz\u00e1pad"},"geometry":{"type":"Polygon","coordinates":[[[14.486485500000072,50.50502699900005],[14.375079610000057,50.39707601100008],[13.65677260800004,50.22414153900007],[13.407053500000075,50.08961699900004],[13.301367,50.09964349900008],[13.215621971000076,50.014182291000054],[13.087943023000037,50.020643334000056],[12.925041566000061,49.93127425100005],[12.550988500000074,49.905087999000045],[12.260799,50.05815649900006],[12.160679,50.21984899900008],[12.100900500000023,50.31802799900004],[12.322304616000054,50.207677197000066],[12.58377850000005,50.40707899900008],[12.814980793000075,50.44982022100004],[12.948144500000069,50.40431149900007],[13.056368098000064,50.50130451800004],[13.501846,50.633642999000074],[13.652174,50.73035999900003],[13.829705033000039,50.732850273000054],[14.36330857400003,50.903429636000055],[14.281860229000074,50.99951617600004],[14.317873500000076,51.05469899900004],[14.491221,51.04353049900004],[14.581976292000036,50.981578256000034],[14.6188,50.85780449900005],[14.377313443000048,50.70042279300003],[14.38082356600006,50.61580265900005],[14.486485500000072,50.50502699900005]]]}},{"type":"Feature","properties":{"CNTR_CODE":"DK","LEVL_CODE":2,"NUTS_ID":"DK03","NUTS_NAME":"Syddanmark","NAME_LATN":"Syddanmark"},"geometry":{"type":"MultiPolygon","coordinates":[[[[10.735030211000037,54.749555058000055],[10.691691192000064,54.72925816800006],[10.652886370000033,54.83792380800003],[10.701492905000066,54.93713452900005],[10.891261362000023,55.10245913500006],[10.911778517000073,55.03443292000003],[10.735030211000037,54.749555058000055]]],[[[10.408808104000059,55.59131040200003],[10.55244031500007,55.45958379600006],[10.632314177000069,55.57057150300005],[10.677431751000029,55.55295615600005],[10.804435397000077,55.17778933500006],[10.637518761000024,54.95374838400005],[10.408808104000059,55.04246210800005],[10.134122163000029,55.05841275900008],[10.119788423000045,55.17778933500006],[10.046153446000062,55.17778933500006],[9.891527965000023,55.25240434400007],[9.763639972000021,55.527155993000065],[10.408808104000059,55.59131040200003]]],[[[10.466644603000077,54.889363056000036],[10.411141292000025,54.81231476200003],[10.304669931000035,54.899880894000034],[10.328486608000048,54.92016827800006],[10.466644603000077,54.889363056000036]]],[[[9.447789225000065,55.84185134100005],[9.672174488000053,55.71203420000006],[9.780686987000024,55.59791369900006],[9.613785797000048,55.41112016400007],[9.693390795000028,55.258455077000065],[9.643648674000076,55.17778933500006],[9.637543813000036,55.17778933500006],[9.628792708000049,55.17778933500006],[9.625331705000065,55.17778933500006],[9.560834642000032,55.17778933500006],[9.556648703000064,55.042782557000066],[9.806959720000066,55.06425295300005],[9.959566994000056,55.000323980000076],[10.033686970000076,54.89015936100003],[9.716083733000062,54.85145244100005],[9.601159008000025,54.88554517300008],[9.578755970000032,54.89247366600006],[9.420151500000031,54.83195649900006],[9.294053628000029,54.81052229800008],[9.113097,54.873601499000074],[9.028210259000048,54.88064693900003],[8.635926,54.91168299900005],[8.64856925600003,55.37108060400004],[8.522484416000054,55.45004290600008],[8.42674826700005,55.36602639200004],[8.288269888000059,55.56691432900004],[8.216707775000032,55.51926867900005],[8.100639342000022,55.55987528400004],[8.195807500000058,55.83231999900005],[8.452453516000048,55.78918943500008],[9.387011500000028,55.92414799900007],[9.447789225000065,55.84185134100005]]],[[[8.572843914000032,55.08160820300003],[8.520923829000026,55.056155714000056],[8.459787730000073,55.105256472000065],[8.487581678000026,55.201043250000055],[8.596542844000055,55.19527379300007],[8.553416147000064,55.141223824000065],[8.572843914000032,55.08160820300003]]]]}},{"type":"Feature","properties":{"CNTR_CODE":"DK","LEVL_CODE":2,"NUTS_ID":"DK04","NUTS_NAME":"Midtjylland","NAME_LATN":"Midtjylland"},"geometry":{"type":"MultiPolygon","coordinates":[[[[11.594677981000075,56.744163392000075],[11.598497824000049,56.661905458000035],[11.510867662000067,56.67301476500006],[11.45406629100006,56.73186464500003],[11.594677981000075,56.744163392000075]]],[[[9.13263207700004,56.72370991400004],[9.126425586000039,56.61675258100007],[9.31946,56.67209499900008],[9.527524562000053,56.66477400100007],[9.795824,56.56160999900004],[10.194362,56.68466349900007],[10.30688363300004,56.680190527000036],[10.458483157000046,56.52964065700007],[10.823271378000072,56.513365871000076],[10.911142174000076,56.374810257000036],[10.715501061000055,56.18279519500004],[10.602142417000039,56.19658783300008],[10.507953368000074,56.13586336600008],[10.432790745000034,56.274143751000054],[10.280985615000077,56.18696055500004],[10.216691307000076,55.88503915600006],[9.974366635000024,55.846371515000044],[9.985885091000057,55.71429753700005],[9.672174488000053,55.71203420000006],[9.447789225000065,55.84185134100005],[9.387011500000028,55.92414799900007],[8.452453516000048,55.78918943500008],[8.195807500000058,55.83231999900005],[8.34378760200002,55.93680284100003],[8.130481369000051,56.16610967000008],[8.197869430000026,56.36175363800004],[8.135639619000074,56.51854359100008],[8.201235448000034,56.65651660000003],[8.667819743000052,56.48020189700003],[8.729221672000051,56.50852179900005],[8.762768979000043,56.64974008900003],[9.006949447000068,56.824790902000075],[9.13263207700004,56.72370991400004]]],[[[10.635601294000026,55.78534908800003],[10.539468250000027,55.77947596900003],[10.525759906000076,55.84189817600003],[10.613738127000033,55.90336784100003],[10.681080648000034,55.89609383700008],[10.635601294000026,55.78534908800003]]],[[[10.600408206000054,55.94701623900005],[10.509244868000053,55.91496947700006],[10.488825663000057,55.979667386000074],[10.578560724000056,56.039327323000066],[10.600408206000054,55.94701623900005]]],[[[8.594640370000036,56.601480536000054],[8.515820372000064,56.585912489000066],[8.440508145000024,56.66995892600005],[8.585439568000027,56.69376168500003],[8.594640370000036,56.601480536000054]]]]}},{"type":"Feature","properties":{"CNTR_CODE":"DK","LEVL_CODE":2,"NUTS_ID":"DK05","NUTS_NAME":"Nordjylland","NAME_LATN":"Nordjylland"},"geometry":{"type":"MultiPolygon","coordinates":[[[[11.222939156000052,57.27149660400005],[11.163772258000051,57.23700453200007],[11.127115305000075,57.30725692700008],[11.14593799100004,57.34676209700007],[11.22904987000004,57.346818161000044],[11.222939156000052,57.27149660400005]]],[[[11.096012543000029,57.260308800000075],[11.038645170000052,57.20210939600008],[10.87479509600007,57.254271439000036],[10.91821656600007,57.29845262100008],[11.078612039000063,57.31789014900005],[11.096012543000029,57.260308800000075]]],[[[10.52639961500006,57.28031315700008],[10.296719843000062,56.95092838000005],[10.279757320000044,56.73730290700007],[10.194362,56.68466349900007],[9.795824,56.56160999900004],[9.527524562000053,56.66477400100007],[9.31946,56.67209499900008],[9.212984509000023,56.79997909200006],[9.188827661000062,56.96717676600008],[9.115089435000073,57.00257883000006],[8.946533424000052,56.97075187200005],[8.825098686000047,56.769072179000034],[8.710606521000045,56.69494273600003],[8.382247304000032,56.69615269700006],[8.277311632000021,56.82449732100008],[8.578099964000046,57.09473743900003],[9.392299072000071,57.172456054000065],[9.953652225000042,57.57045920400003],[10.457935288000044,57.676274542000044],[10.52639961500006,57.28031315700008]]]]}},{"type":"Feature","properties":{"CNTR_CODE":"EE","LEVL_CODE":2,"NUTS_ID":"EE00","NUTS_NAME":"Eesti","NAME_LATN":"Eesti"},"geometry":{"type":"MultiPolygon","coordinates":[[[[25.726078507000068,59.64037956800007],[25.830159500000036,59.56406449900004],[25.89485028000007,59.615772993000064],[26.759357,59.49942549900004],[26.964982450000036,59.43854386100003],[27.83301404300005,59.398604101000046],[28.041915,59.470120499000075],[28.18165582100005,59.39504226200006],[28.164048980000075,59.33012418700008],[27.926391410000065,59.24802555700006],[27.707854244000032,58.96634487000006],[27.357049500000073,58.78714399900008],[27.52254591800005,58.41584784200006],[27.53048362100003,58.18635827700007],[27.739932949000035,57.88281917100005],[27.544005112000036,57.80196675500008],[27.40346144700004,57.662649817000045],[27.351579,57.51823699900007],[26.91223745700006,57.62083545200005],[26.52541337300005,57.52624485900003],[26.294561998000063,57.601858209000056],[26.025683494000077,57.84297797700003],[25.89485028000007,57.84993744500008],[25.359095581000076,58.045793753000055],[25.046307,58.04014599900006],[24.834082500000022,57.97277949900007],[24.35281750000007,57.87655649900006],[24.505029784000044,58.32880317400003],[24.351737212000046,58.35574364300004],[24.042612446000078,58.277210411000056],[23.80372270500004,58.348620081000035],[23.550929116000077,58.610571899000036],[23.59985062900006,58.768650869000055],[23.42915710500006,58.750183683000046],[23.517198997000037,59.178057823000074],[23.730576,59.23732399900007],[24.07681617800006,59.29390042000006],[24.063791560000027,59.37517856900007],[24.218219084000054,59.35667289500003],[24.426996975000066,59.472732258000065],[24.780004818000066,59.45638746800006],[24.834145587000023,59.55559194600005],[25.122644851000075,59.48496013000005],[25.41976367700005,59.504977403000055],[25.55576323100007,59.598578168000074],[25.678626979000057,59.579197657000066],[25.726078507000068,59.64037956800007]]],[[[24.572395405000066,59.55024804400006],[24.48547503800006,59.529370146000076],[24.435037546000046,59.57356545700003],[24.503690623000068,59.643776899000045],[24.572395405000066,59.55024804400006]]],[[[24.030754399000045,58.10564443800007],[23.950881172000038,58.074537828000075],[23.927991982000037,58.10884686600008],[23.948272840000072,58.16781037100003],[24.048717012000054,58.17167356600004],[24.030754399000045,58.10564443800007]]],[[[23.355870406000065,58.62344088800006],[23.376586986000063,58.51885470800005],[23.167525623000074,58.55140721200007],[23.142646437000053,58.51885470800005],[23.246597587000053,58.46856550500007],[23.24279222900003,58.43485940700003],[23.058392902000037,58.392511109000054],[22.69648997200005,58.22474237400007],[22.306687943000043,58.195078367000065],[22.17576834500005,57.98121128000008],[22.037060750000023,57.929127437000034],[22.023797647000038,58.001203356000076],[22.18021842400003,58.131002797000065],[21.878934282000046,58.274605819000044],[21.976547864000054,58.358480533000034],[21.922117443000047,58.48559068800006],[22.079195277000053,58.44121382600008],[22.20135051500006,58.51885470800005],[22.296910755000056,58.492704427000035],[22.312495770000055,58.51885470800005],[22.551826361000053,58.62040945700005],[22.97654440900004,58.60445668700004],[23.252773515000058,58.66907196900007],[23.355870406000065,58.62344088800006]]],[[[23.153604612000038,59.054160882000076],[23.274097304000065,59.02370697400005],[23.34545507400003,59.03527018700004],[23.356860235000056,58.98522978400007],[23.16409752800007,58.96888673800004],[23.100022987000045,59.026638148000075],[23.153604612000038,59.054160882000076]]],[[[22.619571618000066,59.084517418000075],[22.98119362600005,58.91643365200008],[23.03168798100006,58.918228885000076],[23.059523391000027,58.84291773600006],[22.98119362600005,58.844988552000075],[22.562979539000025,58.69053051900005],[22.48182065000003,58.72291224600008],[22.399857247000057,58.87472922000006],[22.33295017200004,58.91256049100008],[22.619571618000066,59.084517418000075]]]]}},{"type":"Feature","properties":{"CNTR_CODE":"DE","LEVL_CODE":2,"NUTS_ID":"DE40","NUTS_NAME":"Brandenburg","NAME_LATN":"Brandenburg"},"geometry":{"type":"Polygon","coordinates":[[[14.205543695000074,53.42452451100007],[14.175109730000031,53.26827037100003],[14.412157,53.32963599900006],[14.430958340000075,53.260491295000065],[14.377725916000031,53.20144491500008],[14.342189020000035,53.06349634800006],[14.143658,52.96136849900006],[14.156692,52.895590999000035],[14.15437257700006,52.83887581400006],[14.436438,52.67990049900004],[14.565063,52.62449699900003],[14.629749920000052,52.52212171300005],[14.534362,52.39500799900003],[14.600891500000046,52.27205199900004],[14.695763792000037,52.22866335500004],[14.755227,52.070024999000054],[14.716716,52.00118799900008],[14.614158025000052,51.826395509000065],[14.740611450000074,51.66494066200005],[14.729862,51.581776999000056],[14.447771,51.54206899900004],[14.163324500000044,51.54104299900007],[14.030393885000024,51.42335019700005],[13.835313,51.37678999900004],[13.691250500000024,51.37401299900006],[13.395382296000037,51.44205537500005],[13.21015,51.40473599900008],[13.176731053000026,51.56365019300006],[13.051025,51.647676999000055],[13.150917029000027,51.70956685400006],[13.150913500000058,51.85961049900004],[12.769780500000024,51.97927449900004],[12.376122500000065,52.045119499000066],[12.276724500000057,52.104017999000064],[12.236253773000044,52.17559335000004],[12.31718,52.45409549900006],[12.171555,52.50633649900004],[12.249203500000021,52.79186199900005],[12.12681150000003,52.89019949900006],[11.91460117500003,52.89539969300006],[11.597784500000046,53.03592649900003],[11.265732,53.12197799900008],[11.512707601000045,53.135569633000046],[11.55918907900002,53.20144491500008],[11.649235236000038,53.241365478000034],[11.778981841000075,53.22779988000008],[12.07027705400003,53.339494553000065],[12.325101500000073,53.32130149900007],[12.331751500000053,53.31801099900008],[12.741909186000044,53.20144491500008],[12.777132736000056,53.18876732500007],[12.844290647000037,53.198578920000045],[12.879300442000044,53.18262761500006],[12.920159901000034,53.193722828000034],[12.984683,53.16498549900007],[13.241403500000047,53.23240099900005],[13.432631744000048,53.26935251800006],[13.710065500000042,53.479062499000065],[13.844161757000052,53.50656270700006],[13.972805678000043,53.42613839200004],[14.205543695000074,53.42452451100007]],[[13.109412838000026,52.428361109000036],[13.165898,52.39427549900006],[13.311926,52.399185499000055],[13.420985,52.376246999000045],[13.699738,52.377882999000065],[13.723263691000056,52.43658333500008],[13.66698,52.47416699900003],[13.610827500000028,52.54423549900008],[13.39854,52.648194499000056],[13.164263,52.59890049900008],[13.13900626000003,52.50205882300003],[13.109412838000026,52.428361109000036]]]}},{"type":"Feature","properties":{"CNTR_CODE":"DE","LEVL_CODE":2,"NUTS_ID":"DE50","NUTS_NAME":"Bremen","NAME_LATN":"Bremen"},"geometry":{"type":"MultiPolygon","coordinates":[[[[8.984185500000024,53.126070999000035],[8.915827,53.01102149900004],[8.711424,53.04462999900005],[8.654898500000058,53.10886449900005],[8.485330500000032,53.22711999900008],[8.58510564900007,53.20144491500008],[8.984185500000024,53.126070999000035]]],[[[8.645036917000027,53.52622753300005],[8.492652,53.47241999900007],[8.554898,53.525130999000055],[8.520410500000025,53.606204999000056],[8.609402201000023,53.58563126000007],[8.645036917000027,53.52622753300005]]]]}},{"type":"Feature","properties":{"CNTR_CODE":"DE","LEVL_CODE":2,"NUTS_ID":"DE60","NUTS_NAME":"Hamburg","NAME_LATN":"Hamburg"},"geometry":{"type":"MultiPolygon","coordinates":[[[[10.307954,53.433200999000064],[9.92379799300005,53.420998747000056],[9.768861,53.50527899900004],[9.730104,53.55758099900004],[9.945376,53.65292799900004],[10.072805,53.70963399900006],[10.168447086000072,53.681768281000075],[10.17859326100006,53.534967341000026],[10.236678500000039,53.49635449900006],[10.307954,53.433200999000064]]],[[[8.527494317000048,53.99859828700005],[8.45585834600007,53.90612561000006],[8.37545152000007,53.92993719300006],[8.46512507600005,54.01646080000006],[8.527494317000048,53.99859828700005]]]]}},{"type":"Feature","properties":{"CNTR_CODE":"DE","LEVL_CODE":2,"NUTS_ID":"DE71","NUTS_NAME":"Darmstadt","NAME_LATN":"Darmstadt"},"geometry":{"type":"Polygon","coordinates":[[[9.286735,50.437297999000066],[9.372157861000062,50.40257887200005],[9.479113,50.44068549900004],[9.524107431000061,50.39707601100008],[9.73291450000005,50.356149499000026],[9.623151,50.229039999000065],[9.519079673000022,50.21800801100005],[9.51161122800005,50.12236128200004],[9.404984500000069,50.08773449900008],[9.270941022000045,50.14205011900003],[9.165176248000023,50.10605306000008],[8.99056,50.06711899900006],[9.016088500000023,49.991340499000046],[9.05008,49.86631499900005],[9.036080500000025,49.84650399900005],[9.127117102000057,49.74205876000008],[9.103006,49.57745599900005],[9.08206258100006,49.525949007000065],[8.93188,49.47063699900008],[8.800891676000049,49.48234365600007],[8.662906758000076,49.59263811900007],[8.581375,49.519780499000035],[8.422439500000053,49.58338549900003],[8.414774,49.59505199900008],[8.379929982000021,49.686947254000074],[8.44637750000004,49.73079949900006],[8.448365,49.73366149900005],[8.400055,49.803674999000066],[8.343030500000054,49.94050599900004],[8.288245,49.995133999000075],[8.190038500000071,50.03529599900003],[8.175135500000067,50.03425549900004],[7.908535993000044,49.97860558000008],[7.773997,50.06653999900004],[8.121913500000062,50.277224999000055],[8.354557,50.29422999900004],[8.467215,50.41504849900008],[8.518779164000023,50.39707601100008],[8.570082704000072,50.417507846000035],[8.655266976000064,50.47131901900008],[8.909670352000035,50.43706764900003],[9.042425500000036,50.497989999000026],[9.165176248000023,50.44225661400003],[9.286735,50.437297999000066]]]}},{"type":"Feature","properties":{"CNTR_CODE":"DE","LEVL_CODE":2,"NUTS_ID":"DE72","NUTS_NAME":"Gie\u00dfen","NAME_LATN":"Gie\u00dfen"},"geometry":{"type":"Polygon","coordinates":[[[9.471191055000077,50.56079037400008],[9.479113,50.44068549900004],[9.372157861000062,50.40257887200005],[9.286735,50.437297999000066],[9.165176248000023,50.44225661400003],[9.042425500000036,50.497989999000026],[8.909670352000035,50.43706764900003],[8.655266976000064,50.47131901900008],[8.570082704000072,50.417507846000035],[8.518779164000023,50.39707601100008],[8.467215,50.41504849900008],[8.354557,50.29422999900004],[8.121913500000062,50.277224999000055],[8.022736638000026,50.39707601100008],[7.954074013000024,50.39707601100008],[8.012284646000069,50.52722357700003],[8.151592,50.59937099900003],[8.125776500000029,50.68581399900006],[8.173909944000059,50.81704425700008],[8.355496,50.86200099900003],[8.477892,50.969047499000055],[8.9746,50.93830399900003],[9.148868500000049,50.83664499900004],[9.441055,50.79564449900005],[9.611464500000068,50.73547649900007],[9.596066731000064,50.626104575000056],[9.471191055000077,50.56079037400008]]]}},{"type":"Feature","properties":{"CNTR_CODE":"DE","LEVL_CODE":2,"NUTS_ID":"DE73","NUTS_NAME":"Kassel","NAME_LATN":"Kassel"},"geometry":{"type":"Polygon","coordinates":[[[9.61073946700003,51.521852953000064],[9.587190329000066,51.36621990800006],[9.732304500000055,51.295231999000066],[9.798745046000022,51.39071683800006],[9.928339,51.37529899900005],[9.986171155000022,51.29300327300007],[10.206942,51.190648999000075],[10.210013,51.144082999000034],[10.162293291000026,51.010419951000074],[10.021558500000026,50.992949499000076],[10.036739684000054,50.866849968000054],[9.926176500000054,50.767389999000045],[9.900994413000035,50.65500510100003],[10.077555500000074,50.63762399900003],[10.041338500000052,50.51646949900004],[9.935655,50.419606499000054],[9.73291450000005,50.356149499000026],[9.524107431000061,50.39707601100008],[9.479113,50.44068549900004],[9.471191055000077,50.56079037400008],[9.596066731000064,50.626104575000056],[9.611464500000068,50.73547649900007],[9.441055,50.79564449900005],[9.148868500000049,50.83664499900004],[8.9746,50.93830399900003],[8.477892,50.969047499000055],[8.549085,51.101867999000035],[8.700376110000036,51.14746724500003],[8.725583401000051,51.21235494000007],[8.671073389000071,51.312749834000044],[8.88728347600005,51.39254639500007],[8.970653500000026,51.506773499000076],[9.165176248000023,51.452832210000054],[9.440457,51.65039399900007],[9.685331,51.582016499000076],[9.61073946700003,51.521852953000064]]]}},{"type":"Feature","properties":{"CNTR_CODE":"DE","LEVL_CODE":2,"NUTS_ID":"DE80","NUTS_NAME":"Mecklenburg-Vorpommern","NAME_LATN":"Mecklenburg-Vorpommern"},"geometry":{"type":"Polygon","coordinates":[[[13.324393874000066,54.65127143300003],[13.457479294000052,54.49479981500008],[13.552165693000063,54.56935165400006],[13.640235681000036,54.56089151400005],[13.563670847000026,54.45806315400006],[13.662012988000072,54.35160192200004],[13.384731801000044,54.281973150000056],[13.319396,54.19350599900008],[13.476296987000069,54.11206482600005],[13.816977880000024,54.159495537000055],[13.958608759000072,53.99223469700007],[14.098978456000054,53.99668024200008],[14.226302,53.928652999000064],[14.213077500000054,53.866479499000036],[14.065408149000064,53.87273588900007],[13.908686814000077,53.84244186800004],[13.972370769000065,53.77695081000007],[14.269118727000034,53.698693277000075],[14.412157,53.32963599900006],[14.175109730000031,53.26827037100003],[14.205543695000074,53.42452451100007],[13.972805678000043,53.42613839200004],[13.844161757000052,53.50656270700006],[13.710065500000042,53.479062499000065],[13.432631744000048,53.26935251800006],[13.241403500000047,53.23240099900005],[12.984683,53.16498549900007],[12.920159901000034,53.193722828000034],[12.879300442000044,53.18262761500006],[12.844290647000037,53.198578920000045],[12.777132736000056,53.18876732500007],[12.741909186000044,53.20144491500008],[12.331751500000053,53.31801099900008],[12.325101500000073,53.32130149900007],[12.07027705400003,53.339494553000065],[11.778981841000075,53.22779988000008],[11.649235236000038,53.241365478000034],[11.55918907900002,53.20144491500008],[11.512707601000045,53.135569633000046],[11.265732,53.12197799900008],[11.171861500000034,53.15664399900004],[11.137517750000029,53.20144491500008],[10.96292278900006,53.33436830800008],[10.595047,53.363927499000056],[10.951918500000033,53.64762249900008],[10.782266690000029,53.74212887200008],[10.762964500000066,53.81115299900006],[10.903661500000055,53.956821999000056],[11.154126821000034,54.01049390800006],[11.326976310000077,53.947777349000035],[11.56177850000006,54.028088499000035],[11.65410752300005,54.13122824900006],[11.778981841000075,54.14991917000003],[11.998484500000075,54.17496999900004],[12.201068,54.244695499000045],[12.28553050000005,54.27495199900005],[12.45606766900005,54.316825479000045],[12.536977533000027,54.44465067700003],[12.767995678000034,54.36834883100005],[12.964218932000051,54.42793734300005],[13.183265025000026,54.38705965400004],[13.209893488000034,54.54644665900008],[13.324393874000066,54.65127143300003]]]}},{"type":"Feature","properties":{"CNTR_CODE":"DE","LEVL_CODE":2,"NUTS_ID":"DE91","NUTS_NAME":"Braunschweig","NAME_LATN":"Braunschweig"},"geometry":{"type":"Polygon","coordinates":[[[10.561227,52.004065999000034],[10.701372,51.642187499000045],[10.677283,51.63837599900006],[10.488551,51.57477849900005],[10.380029808000074,51.57562148300008],[10.265768360000038,51.48460944800007],[9.928339,51.37529899900005],[9.798745046000022,51.39071683800006],[9.732304500000055,51.295231999000066],[9.587190329000066,51.36621990800006],[9.61073946700003,51.521852953000064],[9.685331,51.582016499000076],[9.440457,51.65039399900007],[9.417317500000024,51.64726949900006],[9.685387214000059,51.85787779600008],[9.894248,51.90615499900008],[10.065526,51.92735999900003],[10.204688500000032,52.00698999900004],[10.187150970000062,52.12350183500007],[10.234005,52.17019599900004],[10.257476,52.18302299900006],[10.034467500000062,52.28376599900008],[10.291911500000026,52.447902499000065],[10.273742500000026,52.510639999000034],[10.39333515100003,52.600054270000044],[10.380598389000056,52.72086629700004],[10.44441,52.81576349900007],[10.759314500000073,52.79583049900003],[11.008781500000055,52.49674749900004],[10.934542500000077,52.47179499900005],[11.051056437000057,52.37008322300005],[11.036816248000036,52.16327780600005],[10.964414500000032,52.056642999000076],[10.801489,52.04799699900008],[10.561227,52.004065999000034]]]}},{"type":"Feature","properties":{"CNTR_CODE":"DE","LEVL_CODE":2,"NUTS_ID":"DE92","NUTS_NAME":"Hannover","NAME_LATN":"Hannover"},"geometry":{"type":"Polygon","coordinates":[[[10.273742500000026,52.510639999000034],[10.291911500000026,52.447902499000065],[10.034467500000062,52.28376599900008],[10.257476,52.18302299900006],[10.234005,52.17019599900004],[10.187150970000062,52.12350183500007],[10.204688500000032,52.00698999900004],[10.065526,51.92735999900003],[9.894248,51.90615499900008],[9.685387214000059,51.85787779600008],[9.417317500000024,51.64726949900006],[9.427754315000072,51.82231260600008],[9.323343500000021,51.855060999000045],[9.308893,51.92271949900004],[9.165176248000023,52.08919848200003],[8.98583350000007,52.19459849900005],[8.996949071000074,52.305397869000046],[9.125252500000045,52.41199349900006],[9.071724748000065,52.48776413000007],[8.925041045000057,52.40819275700005],[8.740156648000038,52.400723576000075],[8.703009,52.50043799900004],[8.297213500000055,52.45649799900008],[8.308324,52.499111999000036],[8.314194198000052,52.66991500700004],[8.448298075000025,52.739083203000064],[8.459277500000042,52.80105599900003],[8.65123197400004,52.87526782400005],[8.657161,53.00899449900004],[8.711424,53.04462999900005],[8.915827,53.01102149900004],[8.946284001000038,52.91269684800005],[9.115997,52.896952499000065],[9.325602500000059,52.76771249900003],[9.534658500000035,52.66006649900004],[9.734624,52.638302499000076],[10.273742500000026,52.510639999000034]]]}},{"type":"Feature","properties":{"CNTR_CODE":"AT","LEVL_CODE":2,"NUTS_ID":"AT11","NUTS_NAME":"Burgenland","NAME_LATN":"Burgenland"},"geometry":{"type":"Polygon","coordinates":[[[17.066741,48.11868149900005],[17.160797500000058,48.00665649900003],[17.033397724000054,47.71361531400004],[16.802128653000068,47.690882696000074],[16.599286063000022,47.74224424500005],[16.421542500000044,47.665297999000074],[16.665499889000046,47.59777122200006],[16.64622,47.446596999000064],[16.43376150000006,47.352918499000054],[16.48289259200004,47.10935580700004],[16.438596682000025,47.01618188300006],[16.300927449000028,46.99434835500006],[16.113849,46.86906799900004],[15.996236,46.835398499000064],[16.112598771000023,46.99803477700004],[16.036518370000067,47.35818106500005],[16.171081,47.42133749900006],[16.279839500000037,47.45483199900008],[16.372543500000063,47.64213549900006],[16.320055959000058,47.754811407000034],[16.391150500000037,47.882133999000075],[16.48391476200004,47.93424747100005],[16.589810542000066,47.91005702900003],[16.84431673000006,48.05328306400003],[16.982849487000067,48.04274683300008],[17.066741,48.11868149900005]]]}},{"type":"Feature","properties":{"CNTR_CODE":"AT","LEVL_CODE":2,"NUTS_ID":"AT12","NUTS_NAME":"Nieder\u00f6sterreich","NAME_LATN":"Nieder\u00f6sterreich"},"geometry":{"type":"Polygon","coordinates":[[[15.753633500000035,48.85217849900005],[16.290087293000056,48.73394945000007],[16.55961829100005,48.805514490000064],[16.88364702800004,48.70997065000006],[16.940278,48.617245499000035],[16.949778,48.535791999000025],[16.851106,48.438634999000044],[16.976203,48.172244499000044],[17.066741,48.11868149900005],[16.982849487000067,48.04274683300008],[16.84431673000006,48.05328306400003],[16.589810542000066,47.91005702900003],[16.48391476200004,47.93424747100005],[16.391150500000037,47.882133999000075],[16.320055959000058,47.754811407000034],[16.372543500000063,47.64213549900006],[16.279839500000037,47.45483199900008],[16.171081,47.42133749900006],[16.096021007000047,47.49850321800005],[15.847909500000071,47.56846849900006],[15.726568459000077,47.66731240200005],[15.370371290000037,47.809277691000034],[15.218029500000057,47.794099999000025],[15.088096500000063,47.74081799900006],[14.786666239000056,47.727863325000044],[14.738545,47.74742649900003],[14.743368472000043,47.88765703400003],[14.532956927000043,47.99348045800008],[14.482755,48.10563699900007],[14.520807500000046,48.237351499000056],[14.767382263000059,48.17850971000007],[14.967474971000058,48.247361228000045],[14.960269500000038,48.376482499000076],[14.86437045100007,48.50854401400005],[14.691014,48.58430199900005],[14.767382263000059,48.71053998800005],[14.94017304700003,48.79088894600005],[15.024387797000031,49.00163129900005],[15.542449500000032,48.90769699900005],[15.753633500000035,48.85217849900005]],[[16.21961592100007,48.24423270700004],[16.18577274200004,48.17239670500004],[16.578036,48.14331199900005],[16.528014014000064,48.259306233000075],[16.418043212000043,48.30703069900005],[16.21961592100007,48.24423270700004]]]}},{"type":"Feature","properties":{"CNTR_CODE":"AT","LEVL_CODE":2,"NUTS_ID":"AT13","NUTS_NAME":"Wien","NAME_LATN":"Wien"},"geometry":{"type":"Polygon","coordinates":[[[16.578036,48.14331199900005],[16.18577274200004,48.17239670500004],[16.21961592100007,48.24423270700004],[16.418043212000043,48.30703069900005],[16.528014014000064,48.259306233000075],[16.578036,48.14331199900005]]]}},{"type":"Feature","properties":{"CNTR_CODE":"AT","LEVL_CODE":2,"NUTS_ID":"AT21","NUTS_NAME":"K\u00e4rnten","NAME_LATN":"K\u00e4rnten"},"geometry":{"type":"Polygon","coordinates":[[[12.656083,47.09970099900005],[13.079015115000061,47.03127285700003],[13.354584,47.09730349900008],[13.661628412000027,47.040926486000046],[13.785132500000032,46.94404799900008],[13.946626,46.94161949900007],[14.174053853000032,47.06047096000003],[14.40786534700004,46.99637060500004],[14.767382263000059,47.03798977800005],[14.84205650000007,47.048613499000055],[15.002055867000024,46.93304089600008],[14.992642992000071,46.80066029500006],[15.065120500000035,46.652112499000054],[14.896952663000036,46.609742306000044],[14.767382263000059,46.504343895000034],[14.674580500000047,46.450687499000026],[14.565175500000066,46.37245349900007],[14.43450050000007,46.44294349900008],[13.714185,46.522703499000045],[13.504249500000071,46.56630399900007],[12.731393,46.63428799900004],[12.690635,46.65697199900006],[12.730347810000069,46.72850032300005],[12.938091547000056,46.80037180700003],[12.656083,47.09970099900005]]]}},{"type":"Feature","properties":{"CNTR_CODE":"AT","LEVL_CODE":2,"NUTS_ID":"AT22","NUTS_NAME":"Steiermark","NAME_LATN":"Steiermark"},"geometry":{"type":"Polygon","coordinates":[[[15.370371290000037,47.809277691000034],[15.726568459000077,47.66731240200005],[15.847909500000071,47.56846849900006],[16.096021007000047,47.49850321800005],[16.171081,47.42133749900006],[16.036518370000067,47.35818106500005],[16.112598771000023,46.99803477700004],[15.996236,46.835398499000064],[16.014995277000025,46.67256487700007],[15.786422,46.70746949900007],[15.649988,46.70575699900007],[15.497870332000048,46.63122965200006],[15.401979500000039,46.65354849900007],[15.065120500000035,46.652112499000054],[14.992642992000071,46.80066029500006],[15.002055867000024,46.93304089600008],[14.84205650000007,47.048613499000055],[14.767382263000059,47.03798977800005],[14.40786534700004,46.99637060500004],[14.174053853000032,47.06047096000003],[13.946626,46.94161949900007],[13.785132500000032,46.94404799900008],[13.918698429000074,47.150552134000066],[13.864372500000059,47.251693499000055],[13.606840500000033,47.283295499000076],[13.585584500000039,47.473992999000075],[13.734344307000072,47.490502992000074],[13.713438653000026,47.66731240200005],[13.827891008000051,47.721879337000075],[14.010663,47.70051099900007],[14.05483547700004,47.66731240200005],[14.073838772000045,47.62712124900003],[14.30188454100005,47.611003346000075],[14.461770702000024,47.66731240200005],[14.695416308000063,47.758401468000045],[14.738545,47.74742649900003],[14.786666239000056,47.727863325000044],[15.088096500000063,47.74081799900006],[15.218029500000057,47.794099999000025],[15.370371290000037,47.809277691000034]]]}},{"type":"Feature","properties":{"CNTR_CODE":"ES","LEVL_CODE":2,"NUTS_ID":"ES51","NUTS_NAME":"Catalu\u00f1a","NAME_LATN":"Catalu\u00f1a"},"geometry":{"type":"Polygon","coordinates":[[[1.442566,42.60366799900004],[1.46852430000007,42.443990436000036],[1.725801,42.50440199900004],[1.731011,42.49240099900004],[1.916394702000048,42.45389854900003],[1.985797006000041,42.40026066400003],[2.035217310000064,42.36206595700003],[2.144528305000051,42.40026066400003],[2.234820443000046,42.43180993100003],[2.296069105000072,42.41462544500007],[2.347267821000059,42.40026066400003],[2.553363236000052,42.34243664600007],[2.714835048000054,42.40026066400003],[2.88351937300007,42.460667526000066],[3.174804,42.43537499900003],[3.201092440000025,42.40026066400003],[3.280661957000063,42.29341673500005],[3.155696998000053,42.219320777000064],[3.12457342600004,42.20086655700004],[3.190097248000029,41.98488940400006],[3.209529821000046,41.92083648700003],[2.809326990000045,41.66825522800008],[2.778513,41.64880749900004],[2.706688548000045,41.62147651300006],[2.296069105000072,41.46522562500007],[2.083208658000046,41.29405713600005],[1.645323500000075,41.195621499000026],[0.978029677000052,41.02959298600007],[0.906448365000074,40.96783451400006],[0.726115364000066,40.81224794600007],[0.836574892000044,40.683980950000034],[0.60955844700004,40.61346892100005],[0.515238500000066,40.52291849900007],[0.261888675000023,40.67731817900005],[0.170789500000069,40.73283699900003],[0.25578336500007,40.854577891000076],[0.220409500000073,41.07142999900003],[0.261888675000023,41.12347126000003],[0.385724,41.27883949900007],[0.335948500000029,41.40743249900004],[0.414922342000068,41.55028269700006],[0.36855954400005,41.696082095000065],[0.578687071000047,41.87796049900004],[0.720226634000028,42.232478393000065],[0.753377449000027,42.31917062400004],[0.730750577000038,42.40026066400003],[0.706591634000063,42.48684133300003],[0.746826501000044,42.60056083400008],[0.71631024200002,42.63237665100007],[0.660127,42.69095249900005],[0.670039742000029,42.801857160000054],[0.714541826000072,42.85360194300006],[0.858215,42.82574099900006],[0.906448365000074,42.81385808600004],[1.322649105000039,42.71132165300003],[1.410587035000049,42.63237665100007],[1.442566,42.60366799900004]]]}},{"type":"Feature","properties":{"CNTR_CODE":"ES","LEVL_CODE":2,"NUTS_ID":"ES52","NUTS_NAME":"Comunitat Valenciana","NAME_LATN":"Comunitat Valenciana"},"geometry":{"type":"MultiPolygon","coordinates":[[[[-0.182900057999973,40.767509509000035],[0.059479134000071,40.704132970000046],[0.170789500000069,40.73283699900003],[0.261888675000023,40.67731817900005],[0.515238500000066,40.52291849900007],[0.261888675000023,40.237198566000075],[0.003260715000067,39.94552611800003],[-0.188467,39.72195449900005],[-0.325937360999944,39.41448571900003],[-0.202989284999944,39.081167106000066],[-0.037616,38.88641349900007],[0.143804173000035,38.828876026000046],[0.198210990000064,38.757567178000045],[-0.053392569999971,38.59337533100006],[-0.493176622999954,38.318777717000046],[-0.762135499999943,37.84700799900003],[-1.02141011599997,38.091179529000044],[-0.980604863999929,38.272962187000076],[-1.079650395999977,38.40121808200007],[-1.008048500999962,38.59337533100006],[-1.02687,38.65550949900006],[-0.940015948999928,38.69739639000005],[-0.928884499999924,38.783839999000065],[-0.955167963999941,38.924093447000075],[-1.125289988999953,38.94007386800007],[-1.218018067999935,39.04907153900007],[-1.195562407999944,39.28227607400004],[-1.505146499999967,39.41801449900004],[-1.49228517499995,39.55638430300007],[-1.315943551999965,39.671361114000035],[-1.21867122499998,39.81642640000007],[-1.206563410999934,39.94552611800003],[-1.142361499999936,39.97185549900007],[-0.976835282999957,39.967973302000075],[-0.870223610999972,39.87549341700003],[-0.797643,39.88107649900007],[-0.843460550999964,39.94552611800003],[-0.627548120999961,40.09007229200006],[-0.538523877999978,40.22952623400005],[-0.40543674099996,40.26119316300003],[-0.316466239999954,40.351321264000035],[-0.298303112999974,40.56567575100007],[-0.354874731999928,40.65654937900007],[-0.182900057999973,40.767509509000035]]],[[[-1.15154617099995,40.08954873700003],[-1.165154,40.01010899900007],[-1.315943551999965,40.01212981500004],[-1.381719259999954,40.03442853000007],[-1.448831499999926,40.145358499000054],[-1.285601178999968,40.17801863500006],[-1.15154617099995,40.08954873700003]]]]}},{"type":"Feature","properties":{"CNTR_CODE":"AT","LEVL_CODE":2,"NUTS_ID":"AT34","NUTS_NAME":"Vorarlberg","NAME_LATN":"Vorarlberg"},"geometry":{"type":"Polygon","coordinates":[[[10.115053235000062,46.93407182100003],[10.144974500000046,46.85100949900004],[9.91065900500007,46.93015507000007],[9.846335529000044,47.01408186800006],[9.607078,47.06077449900005],[9.620580500000074,47.15164549900004],[9.530749,47.27058099900006],[9.660594364000076,47.40337407200008],[9.55872050000005,47.54189299900003],[9.967813500000034,47.54624049900008],[9.999526,47.48301699900003],[10.11432506400007,47.374270187000036],[10.197797789000049,47.367581904000076],[10.178353,47.270113999000046],[10.212787,47.15728099900008],[10.115053235000062,46.93407182100003]]]}},{"type":"Feature","properties":{"CNTR_CODE":"BE","LEVL_CODE":2,"NUTS_ID":"BE10","NUTS_NAME":"R\u00e9gion de Bruxelles-Capitale/ Brussels Hoofdstedelijk Gewest","NAME_LATN":"R\u00e9gion de Bruxelles-Capitale/ Brussels Hoofdstedelijk Gewest"},"geometry":{"type":"Polygon","coordinates":[[[4.283083476000058,50.813608929000054],[4.288827063000042,50.891802847000065],[4.43499926100003,50.89895331000008],[4.485078704000045,50.793103331000054],[4.384367978000057,50.759743024000045],[4.283083476000058,50.813608929000054]]]}},{"type":"Feature","properties":{"CNTR_CODE":"BE","LEVL_CODE":2,"NUTS_ID":"BE21","NUTS_NAME":"Prov. Antwerpen","NAME_LATN":"Prov. Antwerpen"},"geometry":{"type":"Polygon","coordinates":[[[4.759926,51.50246449900004],[4.864001759000075,51.43362119900007],[5.040817598000046,51.46673077200006],[5.10218,51.42900499900003],[5.110783032000029,51.348479904000044],[5.237716500000033,51.26160049900005],[5.261073500000066,51.14696499900003],[4.981574500000022,51.03488549900004],[4.789319,51.03892899900006],[4.528663,50.99226449900004],[4.240999,51.036868999000035],[4.175792,51.101211499000044],[4.307828500000028,51.12503449900004],[4.242049,51.35396699900008],[4.243669500000067,51.37472949900007],[4.279565,51.376017499000056],[4.391174101000047,51.366223683000044],[4.409141115000068,51.44687538900007],[4.490048600000023,51.470012686000075],[4.669544,51.42638399900005],[4.759926,51.50246449900004]]]}},{"type":"Feature","properties":{"CNTR_CODE":"BE","LEVL_CODE":2,"NUTS_ID":"BE22","NUTS_NAME":"Prov. Limburg (BE)","NAME_LATN":"Prov. Limburg (BE)"},"geometry":{"type":"MultiPolygon","coordinates":[[[[5.892073,50.75523749900003],[5.819052,50.71455749900008],[5.682000500000072,50.75744649900008],[5.773966918000042,50.774515059000066],[5.892073,50.75523749900003]]],[[[5.687622,50.811923999000044],[5.431686500000069,50.71980299900008],[5.236913,50.727272999000036],[5.103480500000046,50.70906399900008],[5.165796862000036,50.891388893000055],[5.068277358000046,50.93523136500005],[5.10374256700004,51.02321943800007],[4.981574500000022,51.03488549900004],[5.261073500000066,51.14696499900003],[5.237716500000033,51.26160049900005],[5.500421073000041,51.28538661500005],[5.566283500000054,51.22083649900003],[5.79015204600006,51.16172424000007],[5.798274,51.05985349900004],[5.766125500000044,51.00871549900006],[5.670129720000034,50.87356368800005],[5.687622,50.811923999000044]]]]}},{"type":"Feature","properties":{"CNTR_CODE":"BE","LEVL_CODE":2,"NUTS_ID":"BE23","NUTS_NAME":"Prov. Oost-Vlaanderen","NAME_LATN":"Prov. Oost-Vlaanderen"},"geometry":{"type":"Polygon","coordinates":[[[4.242049,51.35396699900008],[4.307828500000028,51.12503449900004],[4.175792,51.101211499000044],[4.240999,51.036868999000035],[4.147153,50.96939849900008],[4.033918896000046,50.78861907000004],[3.895736500000055,50.73294449900004],[3.815390500000035,50.750724999000056],[3.775676500000031,50.747892499000045],[3.541272500000048,50.733700499000065],[3.460305500000061,50.76589899900006],[3.50061596200004,50.80697524000004],[3.466746500000056,50.90209649900004],[3.419824,50.91093499900006],[3.447136286000045,51.00051661100008],[3.331306,51.09887299900004],[3.41093,51.15988899900003],[3.380661,51.27429949900005],[3.549289543000043,51.290553799000065],[3.750397244000055,51.266527720000056],[3.856339500000047,51.21105599900005],[3.977666500000055,51.22513199900004],[4.234817500000077,51.348253999000065],[4.242049,51.35396699900008]]]}},{"type":"Feature","properties":{"CNTR_CODE":"BE","LEVL_CODE":2,"NUTS_ID":"BE24","NUTS_NAME":"Prov. Vlaams-Brabant","NAME_LATN":"Prov. Vlaams-Brabant"},"geometry":{"type":"Polygon","coordinates":[[[5.10374256700004,51.02321943800007],[5.068277358000046,50.93523136500005],[5.165796862000036,50.891388893000055],[5.103480500000046,50.70906399900008],[5.019566500000053,50.750761999000076],[4.746269694000034,50.79695940600004],[4.597269,50.76353449900006],[4.250317217000031,50.695005439000056],[4.145533201000035,50.72298443400007],[4.100483,50.70595549900003],[3.949402108000072,50.691571880000026],[3.895736500000055,50.73294449900004],[4.033918896000046,50.78861907000004],[4.147153,50.96939849900008],[4.240999,51.036868999000035],[4.528663,50.99226449900004],[4.789319,51.03892899900006],[4.981574500000022,51.03488549900004],[5.10374256700004,51.02321943800007]],[[4.283083476000058,50.813608929000054],[4.384367978000057,50.759743024000045],[4.485078704000045,50.793103331000054],[4.43499926100003,50.89895331000008],[4.288827063000042,50.891802847000065],[4.283083476000058,50.813608929000054]]]}},{"type":"Feature","properties":{"CNTR_CODE":"BE","LEVL_CODE":2,"NUTS_ID":"BE25","NUTS_NAME":"Prov. West-Vlaanderen","NAME_LATN":"Prov. West-Vlaanderen"},"geometry":{"type":"Polygon","coordinates":[[[3.50061596200004,50.80697524000004],[3.460305500000061,50.76589899900006],[3.324118,50.72230899900006],[3.277564853000058,50.757185838000055],[3.176996,50.75616449900008],[3.098481,50.77901899900007],[3.018708500000059,50.773532999000054],[2.958764785000028,50.797896552000054],[2.856343546000062,50.74538030400004],[2.863276,50.70834349900008],[2.647986039000045,50.825013470000044],[2.607036,50.91268949900007],[2.577692116000037,51.00051661100008],[2.546011,51.08938199900007],[2.749051500000064,51.16176999900006],[3.110688500000037,51.31225949900005],[3.365787500000067,51.36983549900003],[3.380661,51.27429949900005],[3.41093,51.15988899900003],[3.331306,51.09887299900004],[3.447136286000045,51.00051661100008],[3.419824,50.91093499900006],[3.466746500000056,50.90209649900004],[3.50061596200004,50.80697524000004]]]}},{"type":"Feature","properties":{"CNTR_CODE":"BE","LEVL_CODE":2,"NUTS_ID":"BE31","NUTS_NAME":"Prov. Brabant Wallon","NAME_LATN":"Prov. Brabant Wallon"},"geometry":{"type":"Polygon","coordinates":[[[5.019566500000053,50.750761999000076],[4.983341,50.642242499000076],[4.577538,50.54228599900006],[4.33964850600006,50.58105556600003],[4.247219500000028,50.596118999000055],[4.12615044000006,50.686742680000066],[4.100483,50.70595549900003],[4.145533201000035,50.72298443400007],[4.250317217000031,50.695005439000056],[4.597269,50.76353449900006],[4.746269694000034,50.79695940600004],[5.019566500000053,50.750761999000076]]]}},{"type":"Feature","properties":{"CNTR_CODE":"BE","LEVL_CODE":2,"NUTS_ID":"BE32","NUTS_NAME":"Prov. Hainaut","NAME_LATN":"Prov. Hainaut"},"geometry":{"type":"MultiPolygon","coordinates":[[[[3.460305500000061,50.76589899900006],[3.541272500000048,50.733700499000065],[3.775676500000031,50.747892499000045],[3.815390500000035,50.750724999000056],[3.895736500000055,50.73294449900004],[3.949402108000072,50.691571880000026],[4.100483,50.70595549900003],[4.12615044000006,50.686742680000066],[4.247219500000028,50.596118999000055],[4.33964850600006,50.58105556600003],[4.577538,50.54228599900006],[4.585938980000037,50.39707601100008],[4.588662500000055,50.321315999000035],[4.474987,50.32760999900006],[4.336552463000032,50.250557066000056],[4.432494,49.94161599900008],[4.233133,49.95782849900007],[4.140853,49.97875999900003],[4.206924001000061,50.079774446000044],[4.185827248000066,50.237258860000054],[4.053077336000058,50.338948009000035],[4.027774500000021,50.35833049900003],[3.71703122100007,50.32705652400006],[3.67326848600004,50.39707601100008],[3.65551,50.46173549900004],[3.615081500000031,50.490398999000035],[3.549289543000043,50.49680294900003],[3.310992605000024,50.52240952600005],[3.245294,50.713009499000066],[3.176996,50.75616449900008],[3.277564853000058,50.757185838000055],[3.324118,50.72230899900006],[3.460305500000061,50.76589899900006]]],[[[3.018708500000059,50.773532999000054],[2.863276,50.70834349900008],[2.856343546000062,50.74538030400004],[2.958764785000028,50.797896552000054],[3.018708500000059,50.773532999000054]]]]}},{"type":"Feature","properties":{"CNTR_CODE":"BE","LEVL_CODE":2,"NUTS_ID":"BE33","NUTS_NAME":"Prov. Li\u00e8ge","NAME_LATN":"Prov. Li\u00e8ge"},"geometry":{"type":"Polygon","coordinates":[[[5.682000500000072,50.75744649900008],[5.819052,50.71455749900008],[5.892073,50.75523749900003],[6.020999,50.75429549900008],[6.20862405500003,50.633562977000054],[6.189312500000028,50.56609399900003],[6.192200500000069,50.521055499000056],[6.315556,50.49704249900003],[6.405028500000071,50.32330849900006],[6.365096101000063,50.31400240700003],[6.185575329000073,50.22320584100004],[6.137662500000033,50.12995149900007],[6.02489950000006,50.18277949900005],[5.980197500000031,50.32985299900008],[5.721549500000037,50.26198949900004],[5.675838500000054,50.36851499900007],[5.517010191000054,50.412482314000044],[5.393235,50.37936399900008],[5.275000071000022,50.39707601100008],[5.221259500000031,50.41729749900003],[5.028495,50.58882149900006],[4.983341,50.642242499000076],[5.019566500000053,50.750761999000076],[5.103480500000046,50.70906399900008],[5.236913,50.727272999000036],[5.431686500000069,50.71980299900008],[5.687622,50.811923999000044],[5.682000500000072,50.75744649900008]]]}},{"type":"Feature","properties":{"CNTR_CODE":"BE","LEVL_CODE":2,"NUTS_ID":"BE34","NUTS_NAME":"Prov. Luxembourg (BE)","NAME_LATN":"Prov. Luxembourg (BE)"},"geometry":{"type":"Polygon","coordinates":[[[5.675838500000054,50.36851499900007],[5.721549500000037,50.26198949900004],[5.980197500000031,50.32985299900008],[6.02489950000006,50.18277949900005],[5.89939664700006,50.10304384600005],[5.746319,49.85359499900005],[5.893724950000035,49.66488392800005],[5.818117,49.54631049900007],[5.734556,49.545690499000045],[5.470883,49.49723799900005],[5.393511,49.61711099900003],[5.153738500000031,49.717925999000045],[4.969431,49.80182599900007],[5.096148482000046,49.92676004700007],[5.006610985000066,50.047018328000036],[5.263063500000044,50.10848999900003],[5.260211832000039,50.20052413800005],[5.380193663000057,50.29224712600006],[5.393235,50.37936399900008],[5.517010191000054,50.412482314000044],[5.675838500000054,50.36851499900007]]]}},{"type":"Feature","properties":{"CNTR_CODE":"BE","LEVL_CODE":2,"NUTS_ID":"BE35","NUTS_NAME":"Prov. Namur","NAME_LATN":"Prov. Namur"},"geometry":{"type":"Polygon","coordinates":[[[5.393235,50.37936399900008],[5.380193663000057,50.29224712600006],[5.260211832000039,50.20052413800005],[5.263063500000044,50.10848999900003],[5.006610985000066,50.047018328000036],[5.096148482000046,49.92676004700007],[4.969431,49.80182599900007],[4.870468252000023,49.80953554900003],[4.809812263000026,49.97181672500005],[4.852444563000063,50.12700594000006],[4.796697,50.14867799900003],[4.662897003000069,49.99426938400006],[4.432494,49.94161599900008],[4.336552463000032,50.250557066000056],[4.474987,50.32760999900006],[4.588662500000055,50.321315999000035],[4.585938980000037,50.39707601100008],[4.577538,50.54228599900006],[4.983341,50.642242499000076],[5.028495,50.58882149900006],[5.221259500000031,50.41729749900003],[5.275000071000022,50.39707601100008],[5.393235,50.37936399900008]]]}},{"type":"Feature","properties":{"CNTR_CODE":"BG","LEVL_CODE":2,"NUTS_ID":"BG31","NUTS_NAME":"\u0421\u0435\u0432\u0435\u0440\u043e\u0437\u0430\u043f\u0430\u0434\u0435\u043d","NAME_LATN":"Severozapaden"},"geometry":{"type":"Polygon","coordinates":[[[22.857772977000025,43.87576777500004],[22.997171,43.807867499000054],[23.409481476000053,43.84984642200004],[23.630393,43.79104999900005],[24.112043500000027,43.69994599900008],[24.323522500000024,43.69768599900004],[24.480323200000043,43.75146362000004],[24.654779500000075,43.72358649900008],[25.296372500000075,43.65541899900006],[25.21436191600003,43.615927844000055],[25.195671872000048,43.51168672500006],[25.18503376600006,43.452354168000056],[25.230338393000068,43.33861785600004],[25.14043,43.26683049900004],[25.076597,43.17778049900005],[24.976485008000054,43.17755895300007],[24.878601667000055,42.977758255000026],[25.014535,42.748023999000054],[25.007195500000023,42.73761899900006],[24.746891430000062,42.71315853500005],[24.53238119100007,42.78459782700003],[24.385927,42.74995349900007],[24.177314614000068,42.79473070600005],[24.14086973700006,42.92311962900004],[23.97150350000004,43.06225149900007],[23.560360117000073,43.01374150600003],[23.412767,43.160521999000025],[23.179495420000023,43.114980211000045],[23.00621,43.192878499000074],[22.747454,43.38661299900008],[22.666975500000035,43.40274749900004],[22.518885718000035,43.51168672500006],[22.371236572000043,43.78835024400007],[22.418538991000048,43.984634854000035],[22.536145,44.04551149900004],[22.61431221500004,44.080220100000076],[22.67516150000006,44.215662999000074],[22.966369,44.098288499000034],[23.022876920000044,44.04172940900003],[22.895159970000066,43.97530005100003],[22.857772977000025,43.87576777500004]]]}},{"type":"Feature","properties":{"CNTR_CODE":"BG","LEVL_CODE":2,"NUTS_ID":"BG32","NUTS_NAME":"\u0421\u0435\u0432\u0435\u0440\u0435\u043d \u0446\u0435\u043d\u0442\u0440\u0430\u043b\u0435\u043d","NAME_LATN":"Severen tsentralen"},"geometry":{"type":"Polygon","coordinates":[[[27.258095955000044,43.777805483000066],[27.213929051000036,43.66627979800006],[27.001888500000064,43.696867499000064],[26.826597543000048,43.51168672500006],[26.730439500000045,43.41010349900006],[26.542126804000077,43.35566784500003],[26.329154223000046,43.499277273000075],[26.188978,43.517393499000036],[26.152510563000078,43.51168672500006],[26.048768530000075,43.49545217700006],[25.975286492000066,43.39576182800005],[26.004585,43.31875449900008],[26.090900402000045,43.258804213000076],[26.067432250000024,43.064571698000066],[26.167414500000064,42.95215549900007],[26.018531256000074,42.811237436000056],[25.89485028000007,42.78971866000006],[25.837491,42.77722749900005],[25.61496150000005,42.786808499000074],[25.014535,42.748023999000054],[24.878601667000055,42.977758255000026],[24.976485008000054,43.17755895300007],[25.076597,43.17778049900005],[25.14043,43.26683049900004],[25.230338393000068,43.33861785600004],[25.18503376600006,43.452354168000056],[25.195671872000048,43.51168672500006],[25.21436191600003,43.615927844000055],[25.296372500000075,43.65541899900006],[25.54453950000004,43.64284549900003],[25.672201,43.68814849900008],[25.89485028000007,43.80318397800005],[26.118640674000062,43.96671281300007],[26.358182,44.03716049900004],[26.381823,44.03861199900007],[26.949046874000032,44.13830561000003],[27.271340500000065,44.12633549900005],[27.394570180000073,44.02226028600006],[27.69541,43.98734299900008],[27.258095955000044,43.777805483000066]]]}},{"type":"Feature","properties":{"CNTR_CODE":"BG","LEVL_CODE":2,"NUTS_ID":"BG33","NUTS_NAME":"\u0421\u0435\u0432\u0435\u0440\u043e\u0438\u0437\u0442\u043e\u0447\u0435\u043d","NAME_LATN":"Severoiztochen"},"geometry":{"type":"Polygon","coordinates":[[[28.578884,43.73873899900008],[28.58319298200007,43.51168672500006],[28.493389756000056,43.39856986700005],[28.19245884700007,43.40675341300005],[28.060180500000058,43.316444999000055],[27.941299539000056,43.185081636000064],[27.88262,42.83841349900007],[27.435861575000047,42.895535292000034],[27.249270915000068,42.975784075000036],[27.094433500000036,42.953910499000074],[26.58998850000006,42.92011849900007],[26.577725500000042,42.98569699900003],[26.321122425000056,43.02811185100006],[26.167414500000064,42.95215549900007],[26.067432250000024,43.064571698000066],[26.090900402000045,43.258804213000076],[26.004585,43.31875449900008],[25.975286492000066,43.39576182800005],[26.048768530000075,43.49545217700006],[26.152510563000078,43.51168672500006],[26.188978,43.517393499000036],[26.329154223000046,43.499277273000075],[26.542126804000077,43.35566784500003],[26.730439500000045,43.41010349900006],[26.826597543000048,43.51168672500006],[27.001888500000064,43.696867499000064],[27.213929051000036,43.66627979800006],[27.258095955000044,43.777805483000066],[27.69541,43.98734299900008],[27.920156532000078,43.98938564700006],[28.01229807800007,43.84371279800007],[28.22233914800006,43.76519221400008],[28.578884,43.73873899900008]]]}},{"type":"Feature","properties":{"CNTR_CODE":"BG","LEVL_CODE":2,"NUTS_ID":"BG34","NUTS_NAME":"\u042e\u0433\u043e\u0438\u0437\u0442\u043e\u0447\u0435\u043d","NAME_LATN":"Yugoiztochen"},"geometry":{"type":"Polygon","coordinates":[[[26.577725500000042,42.98569699900003],[26.58998850000006,42.92011849900007],[27.094433500000036,42.953910499000074],[27.249270915000068,42.975784075000036],[27.435861575000047,42.895535292000034],[27.88262,42.83841349900007],[27.864764708000052,42.72294332000007],[27.717766375000053,42.66992111500008],[27.676080725000077,42.63237665100007],[27.518352165000067,42.490317350000055],[27.696011333000058,42.40026066400003],[28.03551250000004,41.98307949900004],[27.964754265000067,41.979588643000056],[27.557912990000034,41.94479159500003],[27.46597333400007,41.98488940400006],[27.39168537300003,42.017288747000066],[27.275912186000028,42.09046577000004],[27.059650500000032,42.088336999000035],[26.98168135900005,42.017288747000066],[26.94922850000006,42.00021349900004],[26.868880834000038,41.98488940400006],[26.561544500000025,41.92627349900005],[26.53799244700008,41.98488940400006],[26.47243516900005,42.15317748900003],[26.19273350000003,42.20812999900005],[26.108191428000055,42.032890672000065],[25.89485028000007,42.11839745700007],[25.76219983900006,42.07023573600003],[25.591910776000077,42.17986498700003],[25.348064,42.11437749900006],[25.09770671800004,42.219320777000064],[25.148493546000054,42.40026066400003],[25.169873344000052,42.476431166000054],[25.030941104000078,42.541628579000076],[25.019946343000072,42.63237665100007],[25.007195500000023,42.73761899900006],[25.014535,42.748023999000054],[25.61496150000005,42.786808499000074],[25.837491,42.77722749900005],[25.89485028000007,42.78971866000006],[26.018531256000074,42.811237436000056],[26.167414500000064,42.95215549900007],[26.321122425000056,43.02811185100006],[26.577725500000042,42.98569699900003]]]}},{"type":"Feature","properties":{"CNTR_CODE":"BG","LEVL_CODE":2,"NUTS_ID":"BG41","NUTS_NAME":"\u042e\u0433\u043e\u0437\u0430\u043f\u0430\u0434\u0435\u043d","NAME_LATN":"Yugozapaden"},"geometry":{"type":"Polygon","coordinates":[[[23.00621,43.192878499000074],[23.179495420000023,43.114980211000045],[23.412767,43.160521999000025],[23.560360117000073,43.01374150600003],[23.97150350000004,43.06225149900007],[24.14086973700006,42.92311962900004],[24.177314614000068,42.79473070600005],[24.385927,42.74995349900007],[24.377650575000075,42.676375644000075],[24.422433710000064,42.63237665100007],[24.457785829000045,42.597643539000046],[24.421009500000025,42.553063999000074],[24.230731177000052,42.612816071000054],[23.96227366100004,42.56077077900005],[24.021058451000044,42.40026066400003],[23.962987180000027,42.29845154100008],[23.834285066000064,42.219320777000064],[23.77226,42.18118549900004],[23.792993558000035,41.98488940400006],[23.79575871000003,41.84457596900006],[24.07454750000005,41.67270399900008],[24.059744,41.52211199900006],[24.028360157000066,41.456512503000056],[23.624223,41.37572749900005],[22.927591500000062,41.338539499000035],[22.968327500000044,41.51983549900007],[22.990160487000026,41.62147651300006],[22.993104277000043,41.66825522800008],[22.99765966800004,41.74064334600007],[22.884499860000062,41.98488940400006],[22.867214,42.02219949900007],[22.510412,42.15515849900004],[22.448632386000043,42.219320777000064],[22.36020650000006,42.31115699900005],[22.47464870400006,42.40026066400003],[22.52832352000007,42.442051390000074],[22.466690174000064,42.63237665100007],[22.461472,42.64849049900005],[22.442821500000036,42.82545649900004],[22.51551050000006,42.86853849900007],[22.748399500000062,42.88978749900008],[23.00621,43.192878499000074]]]}},{"type":"Feature","properties":{"CNTR_CODE":"BG","LEVL_CODE":2,"NUTS_ID":"BG42","NUTS_NAME":"\u042e\u0436\u0435\u043d \u0446\u0435\u043d\u0442\u0440\u0430\u043b\u0435\u043d","NAME_LATN":"Yuzhen tsentralen"},"geometry":{"type":"Polygon","coordinates":[[[24.53238119100007,42.78459782700003],[24.746891430000062,42.71315853500005],[25.007195500000023,42.73761899900006],[25.019946343000072,42.63237665100007],[25.030941104000078,42.541628579000076],[25.169873344000052,42.476431166000054],[25.148493546000054,42.40026066400003],[25.09770671800004,42.219320777000064],[25.348064,42.11437749900006],[25.591910776000077,42.17986498700003],[25.76219983900006,42.07023573600003],[25.89485028000007,42.11839745700007],[26.108191428000055,42.032890672000065],[26.19273350000003,42.20812999900005],[26.47243516900005,42.15317748900003],[26.53799244700008,41.98488940400006],[26.561544500000025,41.92627349900005],[26.53486420300004,41.837891865000074],[26.365953843000057,41.798659454000074],[26.357879,41.711104499000044],[26.089926090000063,41.70755417500004],[26.109306760000038,41.66825522800008],[26.132376152000063,41.62147651300006],[26.173105082000063,41.538888858000064],[26.16484960400004,41.424355594000076],[26.109939155000063,41.35655342300004],[25.948626,41.32034199900005],[25.906437500000038,41.30757499900005],[25.224698500000045,41.264630999000076],[25.17937550000005,41.31018799900005],[24.902116033000027,41.38198698900004],[24.783956,41.36018899900006],[24.517443454000045,41.54968398200003],[24.059744,41.52211199900006],[24.07454750000005,41.67270399900008],[23.79575871000003,41.84457596900006],[23.792993558000035,41.98488940400006],[23.77226,42.18118549900004],[23.834285066000064,42.219320777000064],[23.962987180000027,42.29845154100008],[24.021058451000044,42.40026066400003],[23.96227366100004,42.56077077900005],[24.230731177000052,42.612816071000054],[24.421009500000025,42.553063999000074],[24.457785829000045,42.597643539000046],[24.422433710000064,42.63237665100007],[24.377650575000075,42.676375644000075],[24.385927,42.74995349900007],[24.53238119100007,42.78459782700003]]]}},{"type":"Feature","properties":{"CNTR_CODE":"LT","LEVL_CODE":2,"NUTS_ID":"LT02","NUTS_NAME":"Vidurio ir vakar\u0173 Lietuvos regionas","NAME_LATN":"Vidurio ir vakar\u0173 Lietuvos regionas"},"geometry":{"type":"Polygon","coordinates":[[[24.530872447000036,56.28115027800004],[24.67082756600007,56.38886848200008],[24.882949867000036,56.42679590300003],[25.11177248100006,56.189648756000054],[25.641336418000037,56.126129983000055],[25.821386500000074,56.052178999000034],[25.89485028000007,56.00012964800004],[26.046154500000057,55.944105999000044],[26.367711592000035,55.71676538600008],[26.630365,55.68066699900004],[26.52929392300007,55.37356907900005],[26.733044238000048,55.312127446000034],[26.743454,55.254102999000054],[26.406425040000045,55.217161333000035],[25.765034151000066,55.26148191600004],[25.698837181000044,55.22905058300006],[25.706027241000072,55.06068927700005],[25.33262798100003,55.04348055100007],[25.198389573000043,55.097241215000054],[25.194688168000027,55.20679803300004],[24.827976035000063,55.37112258500008],[24.655051,55.51768749900003],[24.61944378100003,55.45624889000004],[24.42979,55.39079649900003],[24.404168465000055,55.275933165000026],[24.619895331000066,55.05859473400005],[24.583062658000074,54.98287572800007],[24.772265464000043,54.88382938600006],[24.494337958000074,54.69693527000004],[24.414311,54.53326899900003],[24.515291459000025,54.435079554000026],[24.943450265000024,54.415834268000026],[24.826965563000044,54.23661258000004],[24.835949500000027,54.149027499000056],[24.78447365900007,53.99534925300003],[24.62485171000003,54.00153448800006],[24.410721995000074,53.90515835700006],[24.187995682000064,53.96170199200003],[23.51465,53.956559999000035],[23.496045480000078,54.12555535300004],[23.321498500000075,54.253325999000026],[22.964955149000048,54.38668116300005],[22.792095500000073,54.36335899900007],[22.69325944800005,54.56596123200006],[22.864581738000027,54.81781784400005],[22.588968,55.07025149900005],[22.08030516200006,55.04155281100003],[21.651071,55.17998349900006],[21.38047573700004,55.279105077000054],[21.273511168000027,55.245652247000066],[21.234943276000024,55.48301921900003],[21.10344883500005,55.65675833200004],[21.057621638000057,55.863962540000045],[21.064238,56.06913699900008],[21.178863729000057,56.08296037500003],[21.27402277400006,56.185284273000036],[21.530403750000062,56.30004044700007],[21.978209,56.38514299900004],[22.116574719000027,56.426520466000056],[22.635563500000046,56.368167999000036],[22.853142775000038,56.36816538100004],[22.920517,56.39914299900005],[23.05839979500007,56.32189422300007],[23.26527499200006,56.37283619700003],[23.744547861000058,56.36342132900006],[24.1518,56.253348499000026],[24.530872447000036,56.28115027800004]]]}},{"type":"Feature","properties":{"CNTR_CODE":"LU","LEVL_CODE":2,"NUTS_ID":"LU00","NUTS_NAME":"Luxembourg","NAME_LATN":"Luxembourg"},"geometry":{"type":"Polygon","coordinates":[[[6.137662500000033,50.12995149900007],[6.178724346000024,49.96211724300008],[6.365096101000063,49.84973655400006],[6.474962500000061,49.82127499900008],[6.482408583000051,49.72054696600003],[6.365096101000063,49.53950953100008],[6.365096101000063,49.459574659000054],[5.893386,49.49694449900005],[5.818117,49.54631049900007],[5.893724950000035,49.66488392800005],[5.746319,49.85359499900005],[5.89939664700006,50.10304384600005],[6.02489950000006,50.18277949900005],[6.137662500000033,50.12995149900007]]]}},{"type":"Feature","properties":{"CNTR_CODE":"LV","LEVL_CODE":2,"NUTS_ID":"LV00","NUTS_NAME":"Latvija","NAME_LATN":"Latvija"},"geometry":{"type":"Polygon","coordinates":[[[26.294561998000063,57.601858209000056],[26.52541337300005,57.52624485900003],[26.91223745700006,57.62083545200005],[27.351579,57.51823699900007],[27.528170904000035,57.52464807100006],[27.547241118000045,57.427658757000074],[27.690777,57.37056099900008],[27.852962508000076,57.265906709000035],[27.67542661500005,56.85533371400004],[27.872845253000037,56.852233451000075],[28.113691,56.56637392200008],[28.222665306000067,56.281967750000035],[28.154555500000072,56.16984349900008],[27.676991146000034,55.93346132800008],[27.587188603000072,55.795110246000036],[27.098361174000047,55.84171957800004],[26.815617667000026,55.693743985000026],[26.630365,55.68066699900004],[26.367711592000035,55.71676538600008],[26.046154500000057,55.944105999000044],[25.89485028000007,56.00012964800004],[25.821386500000074,56.052178999000034],[25.641336418000037,56.126129983000055],[25.11177248100006,56.189648756000054],[24.882949867000036,56.42679590300003],[24.67082756600007,56.38886848200008],[24.530872447000036,56.28115027800004],[24.1518,56.253348499000026],[23.744547861000058,56.36342132900006],[23.26527499200006,56.37283619700003],[23.05839979500007,56.32189422300007],[22.920517,56.39914299900005],[22.853142775000038,56.36816538100004],[22.635563500000046,56.368167999000036],[22.116574719000027,56.426520466000056],[21.978209,56.38514299900004],[21.530403750000062,56.30004044700007],[21.27402277400006,56.185284273000036],[21.178863729000057,56.08296037500003],[21.064238,56.06913699900008],[20.976660502000072,56.34056978600006],[21.06137023100007,56.807221979000076],[21.37142087600006,57.00918209800005],[21.41131938700005,57.19792618900004],[21.451521290000073,57.30905456100004],[21.727209010000024,57.567519349000065],[22.517064955000023,57.74159301100008],[22.57461997300004,57.729247334000036],[22.65584043700005,57.57724710000008],[23.05839979500007,57.37463023300006],[23.14689050000004,57.31625799900007],[23.20707982500005,57.19792618900004],[23.284976633000042,57.08065072800008],[23.592691557000023,56.97571448000008],[23.934532500000046,57.00637049900007],[24.11920250000003,57.08628999900003],[24.342576645000065,57.19792618900004],[24.40268778500007,57.298734714000034],[24.35281750000007,57.87655649900006],[24.834082500000022,57.97277949900007],[25.046307,58.04014599900006],[25.359095581000076,58.045793753000055],[25.89485028000007,57.84993744500008],[26.025683494000077,57.84297797700003],[26.294561998000063,57.601858209000056]]]}},{"type":"Feature","properties":{"CNTR_CODE":"MT","LEVL_CODE":2,"NUTS_ID":"MT00","NUTS_NAME":"Malta","NAME_LATN":"Malta"},"geometry":{"type":"MultiPolygon","coordinates":[[[[14.564294854000025,35.85010107000005],[14.508900697000058,35.813378439000076],[14.377945005000072,35.84952187400006],[14.335185120000062,35.888628819000076],[14.328682825000044,35.97056118300003],[14.377945005000072,35.971847565000076],[14.564294854000025,35.85010107000005]]],[[[14.323871851000035,36.05442903900007],[14.265775606000034,36.003346832000034],[14.172533043000044,36.03380499700006],[14.169267930000046,36.070509349000076],[14.251696669000069,36.08770977700004],[14.323871851000035,36.05442903900007]]]]}},{"type":"Feature","properties":{"CNTR_CODE":"NL","LEVL_CODE":2,"NUTS_ID":"NL11","NUTS_NAME":"Groningen","NAME_LATN":"Groningen"},"geometry":{"type":"MultiPolygon","coordinates":[[[[6.874905,53.40801299900005],[6.920932953000033,53.338361141000064],[7.074893544000076,53.29828967100008],[7.092712500000061,53.25701749900003],[7.208935,53.24306449900007],[7.217469140000048,53.20144491500008],[7.202794500000039,53.11328149900004],[7.197102208000047,52.981636741000045],[7.092692,52.83820099900004],[6.935702,52.99336249900006],[6.81381,53.07104849900003],[6.474937145000069,53.186831522000034],[6.315237,53.094051499000045],[6.176817,53.15945049900006],[6.211203965000038,53.20144491500008],[6.279374725000025,53.31497855200007],[6.191301500000066,53.410937999000055],[6.300746927000034,53.39896410400007],[6.750966249000044,53.46004656000008],[6.874905,53.40801299900005]]],[[[6.682238607000045,53.53510150300008],[6.619813343000033,53.49061760400008],[6.543647809000049,53.530705082000054],[6.618379498000024,53.56510246700003],[6.682238607000045,53.53510150300008]]]]}},{"type":"Feature","properties":{"CNTR_CODE":"DK","LEVL_CODE":2,"NUTS_ID":"DK02","NUTS_NAME":"Sj\u00e6lland","NAME_LATN":"Sj\u00e6lland"},"geometry":{"type":"Polygon","coordinates":[[[11.715843738000046,55.915201522000075],[11.788112633000026,55.661185673000034],[11.875297500000045,55.737655999000026],[11.980778500000042,55.73012299900006],[12.016773099000034,55.694755007000026],[12.083868721000044,55.69571487400003],[12.089012160000038,55.78048899800007],[12.250787500000058,55.70841399900007],[12.16914636000007,55.63094085500006],[12.363471,55.59380699900004],[12.224427856000034,55.51702122900008],[12.219570500000032,55.425061999000036],[12.422042600000054,55.31494565500003],[12.16314961300003,55.18895524200008],[12.156487678000076,55.09740217700005],[12.255582184000048,55.074614448000034],[12.266247019000048,54.99641042400003],[12.414777755000046,55.01021306300004],[12.454425292000053,54.96497197700006],[12.228167547000055,54.885642895000046],[12.02914495400006,54.733865252000044],[11.951297276000048,54.60267112400004],[11.472151835000034,54.61763688100007],[11.015631453000026,54.781180506000055],[11.027817822000031,54.88358591000008],[11.110781522000025,54.938327429000026],[11.275420760000031,54.94123818600008],[11.537592079000035,54.840261432000034],[11.938459504000036,54.95974217300005],[11.675769186000025,55.171810838000056],[11.273425668000073,55.22821342900005],[11.063762695000037,55.71397612100003],[11.29177665800006,55.75739456800005],[11.645415413000023,55.94753457400003],[11.715843738000046,55.915201522000075]]]}},{"type":"Feature","properties":{"CNTR_CODE":"IT","LEVL_CODE":2,"NUTS_ID":"ITG2","NUTS_NAME":"Sardegna","NAME_LATN":"Sardegna"},"geometry":{"type":"MultiPolygon","coordinates":[[[[9.526827403000027,41.02261319300004],[9.74937,40.658096999000065],[9.808016708000025,40.49027696500008],[9.626527,40.22487699900006],[9.720155422000062,40.06127165400005],[9.651118500000052,39.54932399900008],[9.577879325000026,39.17538715500007],[9.547348445000068,39.13827329500003],[9.464770546000068,39.12622185600003],[9.44608024400003,39.13562503500003],[9.367046753000068,39.17538715500007],[9.221632174000035,39.22413947600006],[9.143743564000033,39.191161462000025],[9.08801036400007,39.20819468700006],[9.042934940000066,39.17538715500007],[9.019720024000037,39.01277760100004],[8.908640852000076,38.919443872000045],[8.876152680000075,38.89214584500007],[8.632236290000037,38.91035081700005],[8.612392,38.95778799900006],[8.521074113000054,39.04773023700005],[8.40537033000004,38.98368669100006],[8.36798124400002,39.06901570500003],[8.403200508000054,39.17538715500007],[8.393,39.446529499000064],[8.457508332000032,39.70718677200006],[8.50225450000005,39.71300699900007],[8.533507693000047,39.86442327800006],[8.407620936000058,39.93709013200004],[8.47502236300005,40.25114707600005],[8.399809,40.407568499000035],[8.307892039000023,40.56808691800006],[8.16054701400003,40.59771165300003],[8.21345404300007,40.85871342200005],[8.513724308000064,40.82679242100005],[8.802688500000045,40.93104799900004],[8.876152680000075,41.01507707900004],[9.202974758000039,41.240868575000036],[9.517086801000062,41.13786370400004],[9.526827403000027,41.02261319300004]]],[[[8.35605311200004,41.04551222400005],[8.288374580000038,41.04470169500007],[8.247295407000024,41.105619743000034],[8.322420658000055,41.143406653000056],[8.374593856000047,41.09139116400007],[8.35605311200004,41.04551222400005]]],[[[8.332213037000031,39.19881549300004],[8.28903112200004,39.06936245900005],[8.224863835000065,39.13484777000008],[8.253970827000046,39.19881549300004],[8.332213037000031,39.19881549300004]]],[[[8.267375086000072,40.965015813000036],[8.229879037000046,40.87714081000007],[8.142977465000058,40.93315641600003],[8.19863870100005,40.99888034600008],[8.267375086000072,40.965015813000036]]]]}},{"type":"Feature","properties":{"CNTR_CODE":"IT","LEVL_CODE":2,"NUTS_ID":"ITH1","NUTS_NAME":"Provincia Autonoma di Bolzano/Bozen","NAME_LATN":"Provincia Autonoma di Bolzano/Bozen"},"geometry":{"type":"Polygon","coordinates":[[[12.24074550000006,47.06916849900006],[12.143110025000055,46.99888240800004],[12.162927552000042,46.91671685400007],[12.477924,46.679835499000035],[12.336439556000073,46.62638885600006],[12.080416742000068,46.656531759000075],[11.995235104000074,46.55532031900003],[11.828336500000034,46.50891449900007],[11.681754647000048,46.49578748300007],[11.555906313000037,46.36878543500006],[11.237350161000052,46.245517164000034],[11.166942980000044,46.28948567300006],[11.213001742000074,46.426462738000055],[11.168134660000021,46.50124330300008],[10.622145500000045,46.44810199900007],[10.452801,46.53068299900008],[10.468958716000031,46.60003426000003],[10.398051235000025,46.68038170400007],[10.469651500000055,46.85490899900003],[10.664640703000032,46.86334514500004],[10.993504047000044,46.77015294500006],[11.164281500000072,46.96572249900004],[11.627199500000074,47.01329899900003],[11.774589671000058,46.98302185600005],[12.136014,47.08066749900007],[12.24074550000006,47.06916849900006]]]}},{"type":"Feature","properties":{"CNTR_CODE":"IT","LEVL_CODE":2,"NUTS_ID":"ITH2","NUTS_NAME":"Provincia Autonoma di Trento","NAME_LATN":"Provincia Autonoma di Trento"},"geometry":{"type":"Polygon","coordinates":[[[11.684318500000074,45.98407799900008],[11.39061844300005,45.97687706800008],[11.138337500000034,45.697088499000074],[10.919835682000041,45.70616200500007],[10.840176500000041,45.83275849900008],[10.523249178000071,45.82106408800007],[10.466935184000022,45.99955462200006],[10.574305968000033,46.263417951000065],[10.515751500000022,46.34322449900003],[10.622145500000045,46.44810199900007],[11.168134660000021,46.50124330300008],[11.213001742000074,46.426462738000055],[11.166942980000044,46.28948567300006],[11.237350161000052,46.245517164000034],[11.555906313000037,46.36878543500006],[11.681754647000048,46.49578748300007],[11.828336500000034,46.50891449900007],[11.822532169000056,46.31185540900003],[11.924571871000069,46.187828901000046],[11.70571037600007,46.07991705100005],[11.684318500000074,45.98407799900008]]]}},{"type":"Feature","properties":{"CNTR_CODE":"IT","LEVL_CODE":2,"NUTS_ID":"ITH3","NUTS_NAME":"Veneto","NAME_LATN":"Veneto"},"geometry":{"type":"Polygon","coordinates":[[[12.731393,46.63428799900004],[12.713582969000072,46.55201597100006],[12.498703,46.41222249900005],[12.350487903000044,46.27726596300005],[12.479875723000077,46.13986372200003],[12.400534500000049,46.04199649900005],[12.661673,45.792440999000064],[12.979058,45.83404899900006],[13.098785500000076,45.644532999000035],[12.675470603000065,45.51502981900006],[12.50650001200006,45.533188221000046],[12.493558776000043,45.473321568000074],[12.349637920000077,45.39768606700005],[12.25344375900005,45.41172656100008],[12.132562,45.30037049900005],[12.200494,45.257336999000074],[12.330572,45.16055049900007],[12.310361355000055,45.071281783000074],[12.463480086000061,44.94900893700003],[12.399056500000029,44.79261549900008],[12.34605965000003,44.83098541600003],[12.254945126000052,44.93367530100005],[12.028236227000036,44.97876923100006],[11.629364119000059,44.90215731500007],[11.426765500000045,44.950075999000035],[11.207680616000061,45.05328071200006],[11.205502500000023,45.10948749900007],[11.042849483000055,45.122475148000035],[10.725780555000028,45.31283116700007],[10.654655500000047,45.415826999000046],[10.644357039000056,45.61092384300008],[10.840176500000041,45.83275849900008],[10.919835682000041,45.70616200500007],[11.138337500000034,45.697088499000074],[11.39061844300005,45.97687706800008],[11.684318500000074,45.98407799900008],[11.70571037600007,46.07991705100005],[11.924571871000069,46.187828901000046],[11.822532169000056,46.31185540900003],[11.828336500000034,46.50891449900007],[11.995235104000074,46.55532031900003],[12.080416742000068,46.656531759000075],[12.336439556000073,46.62638885600006],[12.477924,46.679835499000035],[12.690635,46.65697199900006],[12.731393,46.63428799900004]]]}},{"type":"Feature","properties":{"CNTR_CODE":"IT","LEVL_CODE":2,"NUTS_ID":"ITH4","NUTS_NAME":"Friuli-Venezia Giulia","NAME_LATN":"Friuli-Venezia Giulia"},"geometry":{"type":"Polygon","coordinates":[[[13.622900572000049,45.96372302100008],[13.597145,45.81952249900007],[13.596243,45.80793749900005],[13.776365062000025,45.74910866700003],[13.898382670000046,45.63599784000007],[13.840285203000064,45.59057028700005],[13.722140357000058,45.59496424900004],[13.725561052000046,45.690265056000044],[13.579783,45.786951499000054],[13.406493500000067,45.725174999000046],[13.141131242000029,45.76102655700004],[13.098785500000076,45.644532999000035],[12.979058,45.83404899900006],[12.661673,45.792440999000064],[12.400534500000049,46.04199649900005],[12.479875723000077,46.13986372200003],[12.350487903000044,46.27726596300005],[12.498703,46.41222249900005],[12.713582969000072,46.55201597100006],[12.731393,46.63428799900004],[13.504249500000071,46.56630399900007],[13.714185,46.522703499000045],[13.684032,46.43747249900008],[13.400869882000052,46.313733067000044],[13.432450440000025,46.24030066900008],[13.64318901200005,46.16533505800004],[13.496939,46.05133499900006],[13.517212869000048,45.98445095000005],[13.622900572000049,45.96372302100008]]]}},{"type":"Feature","properties":{"CNTR_CODE":"IT","LEVL_CODE":2,"NUTS_ID":"ITH5","NUTS_NAME":"Emilia-Romagna","NAME_LATN":"Emilia-Romagna"},"geometry":{"type":"Polygon","coordinates":[[[9.548684500000036,45.13264849900003],[9.73058119500007,45.06642308600004],[9.891101500000048,45.13089799900007],[10.083503,45.04395849900004],[10.464030500000035,44.937171499000044],[10.504344,44.92241799900006],[10.698593307000067,44.969152429000076],[10.887909500000035,44.914265999000065],[11.246231500000022,44.95142799900003],[11.426765500000045,44.950075999000035],[11.629364119000059,44.90215731500007],[12.028236227000036,44.97876923100006],[12.254945126000052,44.93367530100005],[12.34605965000003,44.83098541600003],[12.399056500000029,44.79261549900008],[12.283248330000049,44.820570230000044],[12.269892,44.630007499000044],[12.384282,44.22472649900004],[12.450349,44.16218949900008],[12.750684840000076,43.96966888000003],[12.649646267000037,43.835730960000035],[12.493956,43.91554649900007],[12.500402331000032,43.98084679500005],[12.417586270000072,43.95064133200003],[12.4177,43.89902999900005],[12.283797500000048,43.764898999000025],[12.107464,43.75375349900003],[11.710189,43.87743049900007],[11.673270256000023,43.98627065900007],[11.715906500000074,44.12254049900008],[11.524959500000023,44.157639999000025],[11.405658194000068,44.21814302800004],[11.202439500000025,44.10072099900003],[11.049449,44.09022999900003],[10.814787,44.11617449900007],[10.693833186000063,44.15573451300003],[10.624078,44.12035149900004],[10.470149,44.22604099900008],[10.253875,44.26856699900003],[10.142054500000029,44.353852999000026],[9.89856723500003,44.46423316100004],[9.686725500000023,44.36592199900008],[9.593380497000055,44.42448342900008],[9.479059500000062,44.40924049900008],[9.493363,44.555858999000066],[9.202995500000043,44.61347649900006],[9.200074,44.68609949900008],[9.296088213000075,44.70840604000006],[9.354794772000048,44.83098541600003],[9.311009872000056,44.94024123100007],[9.411635076000039,45.07107890300006],[9.548684500000036,45.13264849900003]]]}},{"type":"Feature","properties":{"CNTR_CODE":"IT","LEVL_CODE":2,"NUTS_ID":"ITI1","NUTS_NAME":"Toscana","NAME_LATN":"Toscana"},"geometry":{"type":"MultiPolygon","coordinates":[[[[10.470149,44.22604099900008],[10.624078,44.12035149900004],[10.693833186000063,44.15573451300003],[10.814787,44.11617449900007],[11.049449,44.09022999900003],[11.202439500000025,44.10072099900003],[11.405658194000068,44.21814302800004],[11.524959500000023,44.157639999000025],[11.715906500000074,44.12254049900008],[11.673270256000023,43.98627065900007],[11.710189,43.87743049900007],[12.107464,43.75375349900003],[12.283797500000048,43.764898999000025],[12.308277231000034,43.71447909300008],[12.213856,43.610824499000046],[12.144707436000033,43.51168672500006],[12.08025680000003,43.41928433600003],[12.135841115000062,43.27220649800006],[11.96126350000003,43.16689049900003],[11.933317,42.86932999900006],[11.89498750000007,42.83465349900007],[11.746037,42.78574249900004],[11.782282684000052,42.72527278900003],[11.742376464000074,42.63237665100007],[11.590988250000066,42.539876538000044],[11.597534715000052,42.44574072300003],[11.498920605000023,42.40026066400003],[11.44993850000003,42.37767049900003],[11.151254713000071,42.406320393000044],[11.146672619000071,42.530023776000064],[11.053747129000044,42.63237665100007],[10.95894134100007,42.723271546000035],[10.788805917000047,42.78835386600008],[10.705672500000048,42.941864499000076],[10.512616196000067,42.958121669000036],[10.505962252000074,43.26158600800005],[10.345042320000061,43.51168672500006],[10.299847,43.58192899900007],[10.258118,43.815146999000035],[10.143476,43.97542049900005],[10.018769500000076,44.04453599900006],[10.042801266000026,44.08751769500003],[9.686725500000023,44.36592199900008],[9.89856723500003,44.46423316100004],[10.142054500000029,44.353852999000026],[10.253875,44.26856699900003],[10.470149,44.22604099900008]]],[[[10.97451264600005,42.358832103000054],[10.886255573000028,42.29449683400003],[10.837837961000048,42.35677054000007],[10.888639815000033,42.40110437200008],[10.925869199000033,42.40110437200008],[10.97451264600005,42.358832103000054]]],[[[10.448189600000035,42.849053533000074],[10.425790260000042,42.72018650900003],[10.359712896000076,42.757643278000046],[10.13081943800006,42.73127312300005],[10.096329283000046,42.78412228500008],[10.181493072000023,42.812403876000076],[10.241348002000052,42.78807382400004],[10.26956169600004,42.82678106800006],[10.370137489000058,42.81908443200007],[10.417281235000075,42.87522872200003],[10.448189600000035,42.849053533000074]]],[[[9.88632264000006,43.04649501200004],[9.823993098000074,42.98172683000007],[9.765650224000069,43.04030976400003],[9.831278519000023,43.11584587400006],[9.88632264000006,43.04649501200004]]]]}},{"type":"Feature","properties":{"CNTR_CODE":"IT","LEVL_CODE":2,"NUTS_ID":"ITI2","NUTS_NAME":"Umbria","NAME_LATN":"Umbria"},"geometry":{"type":"Polygon","coordinates":[[[12.423986756000033,43.51168672500006],[12.623503482000046,43.43243213800008],[12.767457,43.45982999900008],[12.862358,43.21123249900006],[12.918553372000076,42.96247264200008],[13.162698243000023,42.84976037000007],[13.235287500000027,42.86766299900006],[13.189226,42.733565499000065],[13.11909754100003,42.64615605600005],[13.015886326000043,42.63237665100007],[12.896352,42.61641799900008],[12.600315284000033,42.41404315900007],[12.488074500000039,42.398656499000026],[12.211869530000058,42.63237665100007],[11.976683757000046,42.69503358600008],[11.89498750000007,42.83465349900007],[11.933317,42.86932999900006],[11.96126350000003,43.16689049900003],[12.135841115000062,43.27220649800006],[12.08025680000003,43.41928433600003],[12.144707436000033,43.51168672500006],[12.213856,43.610824499000046],[12.340160780000076,43.59731765400005],[12.387485317000028,43.52618629300008],[12.423986756000033,43.51168672500006]]]}},{"type":"Feature","properties":{"CNTR_CODE":"IT","LEVL_CODE":2,"NUTS_ID":"ITI3","NUTS_NAME":"Marche","NAME_LATN":"Marche"},"geometry":{"type":"Polygon","coordinates":[[[12.750684840000076,43.96966888000003],[13.172615,43.75034599900005],[13.56054640700006,43.59448892300003],[13.61665548600007,43.51168672500006],[13.642096500000036,43.47414249900004],[13.74297050000007,43.29414699900008],[13.849453,43.066659499000025],[13.91573150000005,42.89457699900004],[13.546640354000033,42.80375031700004],[13.357774500000062,42.69406999900008],[13.189226,42.733565499000065],[13.235287500000027,42.86766299900006],[13.162698243000023,42.84976037000007],[12.918553372000076,42.96247264200008],[12.862358,43.21123249900006],[12.767457,43.45982999900008],[12.623503482000046,43.43243213800008],[12.423986756000033,43.51168672500006],[12.387485317000028,43.52618629300008],[12.340160780000076,43.59731765400005],[12.213856,43.610824499000046],[12.308277231000034,43.71447909300008],[12.283797500000048,43.764898999000025],[12.4177,43.89902999900005],[12.493956,43.91554649900007],[12.649646267000037,43.835730960000035],[12.750684840000076,43.96966888000003]]]}},{"type":"Feature","properties":{"CNTR_CODE":"IT","LEVL_CODE":2,"NUTS_ID":"ITI4","NUTS_NAME":"Lazio","NAME_LATN":"Lazio"},"geometry":{"type":"Polygon","coordinates":[[[12.211869530000058,42.63237665100007],[12.488074500000039,42.398656499000026],[12.600315284000033,42.41404315900007],[12.896352,42.61641799900008],[13.015886326000043,42.63237665100007],[13.11909754100003,42.64615605600005],[13.189226,42.733565499000065],[13.357774500000062,42.69406999900008],[13.379525791000049,42.63237665100007],[13.39403150000004,42.59123399900005],[13.190687097000023,42.570643276000055],[13.14075839000003,42.44693084900007],[13.172886590000076,42.40026066400003],[13.297447333000036,42.219320777000064],[13.331387053000071,42.170019136000064],[13.030574500000057,42.11535299900004],[13.069663778000063,42.02804030300007],[13.192751420000036,41.98488940400006],[13.296299500000032,41.94858849900004],[13.424165628000026,41.82520409600005],[13.941038500000047,41.68794399900003],[14.001038793000077,41.562744948000045],[13.977928,41.46245399900005],[13.873718500000052,41.33829399900003],[13.760795500000029,41.223167999000054],[13.291915442000061,41.29072174500004],[13.065405397000063,41.24055056700007],[12.773321500000065,41.41626399900008],[12.611195856000052,41.468315663000055],[12.428865254000073,41.62147651300006],[12.37317745100006,41.66825522800008],[11.996239742000057,41.98488940400006],[11.957669888000055,42.017288747000066],[11.834626996000054,42.04329776700007],[11.733844,42.15805899900005],[11.688960357000042,42.219320777000064],[11.643728294000027,42.281058115000064],[11.44993850000003,42.37767049900003],[11.498920605000023,42.40026066400003],[11.597534715000052,42.44574072300003],[11.590988250000066,42.539876538000044],[11.742376464000074,42.63237665100007],[11.782282684000052,42.72527278900003],[11.746037,42.78574249900004],[11.89498750000007,42.83465349900007],[11.976683757000046,42.69503358600008],[12.211869530000058,42.63237665100007]],[[12.362367999000071,41.88427904900004],[12.391143416000034,41.86899705500008],[12.51864517200005,41.878445604000035],[12.48974965900004,41.95472927900005],[12.432672808000063,41.94016773200008],[12.362367999000071,41.88427904900004]]]}},{"type":"Feature","properties":{"CNTR_CODE":"LT","LEVL_CODE":2,"NUTS_ID":"LT01","NUTS_NAME":"Sostin\u0117s regionas","NAME_LATN":"Sostin\u0117s regionas"},"geometry":{"type":"Polygon","coordinates":[[[26.743454,55.254102999000054],[26.66604501100005,55.16370380500007],[26.312290353000037,55.13371110400004],[26.185811469000043,54.997653924000076],[25.89485028000007,54.93461449200004],[25.749817552000025,54.80573637400005],[25.745330783000043,54.58473674100003],[25.574004520000074,54.357452067000054],[25.760518344000047,54.24070809400007],[25.77020757500003,54.176844920000065],[25.563496566000026,54.15920028600004],[25.550997590000065,54.26526027400007],[25.490443334000076,54.29732675900004],[25.237677150000025,54.251282813000046],[25.076428216000068,54.14840975700008],[24.835949500000027,54.149027499000056],[24.826965563000044,54.23661258000004],[24.943450265000024,54.415834268000026],[24.515291459000025,54.435079554000026],[24.414311,54.53326899900003],[24.494337958000074,54.69693527000004],[24.772265464000043,54.88382938600006],[24.583062658000074,54.98287572800007],[24.619895331000066,55.05859473400005],[24.404168465000055,55.275933165000026],[24.42979,55.39079649900003],[24.61944378100003,55.45624889000004],[24.655051,55.51768749900003],[24.827976035000063,55.37112258500008],[25.194688168000027,55.20679803300004],[25.198389573000043,55.097241215000054],[25.33262798100003,55.04348055100007],[25.706027241000072,55.06068927700005],[25.698837181000044,55.22905058300006],[25.765034151000066,55.26148191600004],[26.406425040000045,55.217161333000035],[26.743454,55.254102999000054]]]}},{"type":"Feature","properties":{"CNTR_CODE":"DE","LEVL_CODE":2,"NUTS_ID":"DE93","NUTS_NAME":"L\u00fcneburg","NAME_LATN":"L\u00fcneburg"},"geometry":{"type":"Polygon","coordinates":[[[8.798989191000032,53.838148481000076],[9.018512500000043,53.83484099900005],[9.272733,53.86766249900006],[9.48589,53.70766449900003],[9.730104,53.55758099900004],[9.768861,53.50527899900004],[9.92379799300005,53.420998747000056],[10.307954,53.433200999000064],[10.469184,53.38584399900003],[10.595047,53.363927499000056],[10.96292278900006,53.33436830800008],[11.137517750000029,53.20144491500008],[11.171861500000034,53.15664399900004],[11.265732,53.12197799900008],[11.597784500000046,53.03592649900003],[11.505027,52.94103249900007],[10.841556,52.85220499900004],[10.759314500000073,52.79583049900003],[10.44441,52.81576349900007],[10.380598389000056,52.72086629700004],[10.39333515100003,52.600054270000044],[10.273742500000026,52.510639999000034],[9.734624,52.638302499000076],[9.534658500000035,52.66006649900004],[9.325602500000059,52.76771249900003],[9.115997,52.896952499000065],[8.946284001000038,52.91269684800005],[8.915827,53.01102149900004],[8.984185500000024,53.126070999000035],[8.58510564900007,53.20144491500008],[8.485330500000032,53.22711999900008],[8.499987500000032,53.36684799900007],[8.492652,53.47241999900007],[8.645036917000027,53.52622753300005],[8.609402201000023,53.58563126000007],[8.520410500000025,53.606204999000056],[8.536843579000049,53.79043934800006],[8.687172500000031,53.89190799900007],[8.798989191000032,53.838148481000076]]]}},{"type":"Feature","properties":{"CNTR_CODE":"DE","LEVL_CODE":2,"NUTS_ID":"DE94","NUTS_NAME":"Weser-Ems","NAME_LATN":"Weser-Ems"},"geometry":{"type":"MultiPolygon","coordinates":[[[[7.996700715000031,53.70301416500007],[8.091291,53.63810899900005],[8.154662435000034,53.53596516600004],[8.061327,53.505956999000034],[8.195555,53.40917149900008],[8.296486282000046,53.454216882000026],[8.244817410000053,53.544403568000064],[8.288529956000048,53.59959849900008],[8.554898,53.525130999000055],[8.492652,53.47241999900007],[8.499987500000032,53.36684799900007],[8.485330500000032,53.22711999900008],[8.654898500000058,53.10886449900005],[8.711424,53.04462999900005],[8.657161,53.00899449900004],[8.65123197400004,52.87526782400005],[8.459277500000042,52.80105599900003],[8.448298075000025,52.739083203000064],[8.314194198000052,52.66991500700004],[8.308324,52.499111999000036],[8.297213500000055,52.45649799900008],[8.466186500000049,52.26761399900005],[8.410586500000022,52.11511499900007],[8.096448,52.05714499900006],[7.885159,52.08330249900007],[7.990631608000058,52.12791353800003],[7.924675439000055,52.20936213900006],[7.956465,52.27249049900007],[7.964625500000068,52.32485849900007],[7.608038500000021,52.47401599900007],[7.540665789000059,52.36826139100003],[7.317481,52.280271999000036],[7.099149,52.24305849900003],[7.065685,52.24137299900008],[7.009998916000029,52.43915720700005],[6.697865500000034,52.486285999000074],[6.70973250000003,52.627823499000044],[7.006229500000074,52.63876299900005],[7.092692,52.83820099900004],[7.197102208000047,52.981636741000045],[7.202794500000039,53.11328149900004],[7.217469140000048,53.20144491500008],[7.208935,53.24306449900007],[7.2643,53.325526499000034],[7.044732475000046,53.33721088300007],[6.999446500000033,53.35988749900008],[7.11351088300006,53.583731630000045],[7.271310948000064,53.701237578000075],[7.550173,53.67503749900004],[7.809895500000039,53.70766199900004],[7.996700715000031,53.70301416500007]]],[[[6.930503093000027,53.684513311000046],[6.903872651000029,53.58823138200006],[6.840839148000043,53.62335561700007],[6.809191596000062,53.67931934200004],[6.848968290000073,53.699006060000045],[6.930503093000027,53.684513311000046]]],[[[6.751453668000067,53.63516844000003],[6.790050961000077,53.543680632000076],[6.657427111000061,53.55872785300005],[6.63848002900005,53.59210563200003],[6.751453668000067,53.63516844000003]]]]}},{"type":"Feature","properties":{"CNTR_CODE":"DE","LEVL_CODE":2,"NUTS_ID":"DEA1","NUTS_NAME":"D\u00fcsseldorf","NAME_LATN":"D\u00fcsseldorf"},"geometry":{"type":"Polygon","coordinates":[[[6.833152,51.57964799900003],[6.928413,51.49795849900005],[6.998652,51.533700499000076],[7.010207,51.53272849900003],[7.104200500000047,51.48126749900007],[7.13603,51.42603799900007],[7.117675,51.38027249900006],[7.167288,51.312902499000074],[7.306693500000051,51.23887549900007],[7.295806500000026,51.20539199900003],[7.268179500000031,51.14565749900004],[7.16635,51.15394099900004],[7.139928705000045,51.12623449600005],[6.997724,51.117975999000066],[6.990593500000045,51.091597999000044],[6.898045,51.06488549900007],[6.853487500000028,51.08425599900005],[6.773632500000076,51.06438999900007],[6.683014818000061,51.01839204500004],[6.480495500000075,51.03417899900006],[6.459211,51.04307299900006],[6.443993500000033,51.08978549900007],[6.291135500000053,51.17555149900005],[6.174812,51.18451349900005],[6.072657,51.24258749900008],[6.224405,51.36497899900007],[6.19519294600002,51.51880602700004],[5.953192,51.74784599900005],[6.005513898000061,51.83155995000004],[6.167766,51.90080449900006],[6.407779500000061,51.82809199900004],[6.490212,51.81137699900006],[6.910861500000067,51.74609849900003],[6.902276,51.635684499000035],[6.833152,51.57964799900003]]]}},{"type":"Feature","properties":{"CNTR_CODE":"DE","LEVL_CODE":2,"NUTS_ID":"DEA2","NUTS_NAME":"K\u00f6ln","NAME_LATN":"K\u00f6ln"},"geometry":{"type":"Polygon","coordinates":[[[7.433343,51.21440899900006],[7.508314659000064,51.11579455100008],[7.716120500000045,51.07290849900005],[7.785898,50.939913999000055],[7.661003500000049,50.82036449900005],[7.440772,50.711437999000054],[7.21239950000006,50.62340499900006],[6.927901,50.55861849900003],[6.890894314000036,50.48554470600004],[6.774385060000043,50.459699338000064],[6.77094317600006,50.39707601100008],[6.800711500000034,50.361781499000074],[6.601616849000038,50.380683160000046],[6.425295,50.32301199900007],[6.405028500000071,50.32330849900006],[6.315556,50.49704249900003],[6.192200500000069,50.521055499000056],[6.189312500000028,50.56609399900003],[6.20862405500003,50.633562977000054],[6.020999,50.75429549900008],[6.086947500000065,50.91313499900008],[5.877085,51.03210099900008],[6.174812,51.18451349900005],[6.291135500000053,51.17555149900005],[6.443993500000033,51.08978549900007],[6.459211,51.04307299900006],[6.480495500000075,51.03417899900006],[6.683014818000061,51.01839204500004],[6.773632500000076,51.06438999900007],[6.853487500000028,51.08425599900005],[6.898045,51.06488549900007],[6.990593500000045,51.091597999000044],[6.997724,51.117975999000066],[7.139928705000045,51.12623449600005],[7.16635,51.15394099900004],[7.268179500000031,51.14565749900004],[7.295806500000026,51.20539199900003],[7.306693500000051,51.23887549900007],[7.433343,51.21440899900006]]]}},{"type":"Feature","properties":{"CNTR_CODE":"DE","LEVL_CODE":2,"NUTS_ID":"DEA3","NUTS_NAME":"M\u00fcnster","NAME_LATN":"M\u00fcnster"},"geometry":{"type":"Polygon","coordinates":[[[8.183482376000029,51.858075659000065],[8.320136,51.72570499900007],[8.232716741000047,51.669992302000026],[7.944527500000049,51.700581999000065],[7.735788,51.737370499000065],[7.70188950000005,51.712378999000066],[7.47378008000004,51.71738211700006],[7.40955,51.664580999000066],[7.417934,51.59951999900005],[7.314603,51.52231999900005],[7.293587,51.53226249900007],[7.235148350000031,51.56709086400008],[7.145057,51.55224049900005],[7.13956150000007,51.50615749900004],[7.104200500000047,51.48126749900007],[7.010207,51.53272849900003],[6.998652,51.533700499000076],[6.928413,51.49795849900005],[6.833152,51.57964799900003],[6.902276,51.635684499000035],[6.910861500000067,51.74609849900003],[6.490212,51.81137699900006],[6.407779500000061,51.82809199900004],[6.778588508000041,51.93648995600006],[6.730869647000077,52.05062442900004],[6.760465,52.118569499000046],[7.065685,52.24137299900008],[7.099149,52.24305849900003],[7.317481,52.280271999000036],[7.540665789000059,52.36826139100003],[7.608038500000021,52.47401599900007],[7.964625500000068,52.32485849900007],[7.956465,52.27249049900007],[7.924675439000055,52.20936213900006],[7.990631608000058,52.12791353800003],[7.885159,52.08330249900007],[8.096448,52.05714499900006],[8.183482376000029,51.858075659000065]]]}},{"type":"Feature","properties":{"CNTR_CODE":"DE","LEVL_CODE":2,"NUTS_ID":"DEA4","NUTS_NAME":"Detmold","NAME_LATN":"Detmold"},"geometry":{"type":"Polygon","coordinates":[[[8.703009,52.50043799900004],[8.740156648000038,52.400723576000075],[8.925041045000057,52.40819275700005],[9.071724748000065,52.48776413000007],[9.125252500000045,52.41199349900006],[8.996949071000074,52.305397869000046],[8.98583350000007,52.19459849900005],[9.165176248000023,52.08919848200003],[9.308893,51.92271949900004],[9.323343500000021,51.855060999000045],[9.427754315000072,51.82231260600008],[9.417317500000024,51.64726949900006],[9.440457,51.65039399900007],[9.165176248000023,51.452832210000054],[8.970653500000026,51.506773499000076],[8.905395,51.53149649900007],[8.767393578000053,51.46101354000007],[8.547931,51.46781249900005],[8.496119130000068,51.56336099600003],[8.56543092000004,51.64477971600007],[8.403108,51.719354999000075],[8.320136,51.72570499900007],[8.183482376000029,51.858075659000065],[8.096448,52.05714499900006],[8.410586500000022,52.11511499900007],[8.466186500000049,52.26761399900005],[8.297213500000055,52.45649799900008],[8.703009,52.50043799900004]]]}},{"type":"Feature","properties":{"CNTR_CODE":"DE","LEVL_CODE":2,"NUTS_ID":"DEA5","NUTS_NAME":"Arnsberg","NAME_LATN":"Arnsberg"},"geometry":{"type":"Polygon","coordinates":[[[7.735788,51.737370499000065],[7.944527500000049,51.700581999000065],[8.232716741000047,51.669992302000026],[8.320136,51.72570499900007],[8.403108,51.719354999000075],[8.56543092000004,51.64477971600007],[8.496119130000068,51.56336099600003],[8.547931,51.46781249900005],[8.767393578000053,51.46101354000007],[8.905395,51.53149649900007],[8.970653500000026,51.506773499000076],[8.88728347600005,51.39254639500007],[8.671073389000071,51.312749834000044],[8.725583401000051,51.21235494000007],[8.700376110000036,51.14746724500003],[8.549085,51.101867999000035],[8.477892,50.969047499000055],[8.355496,50.86200099900003],[8.173909944000059,50.81704425700008],[8.125776500000029,50.68581399900006],[8.03969,50.69737549900003],[7.851496,50.92583249900008],[7.785898,50.939913999000055],[7.716120500000045,51.07290849900005],[7.508314659000064,51.11579455100008],[7.433343,51.21440899900006],[7.306693500000051,51.23887549900007],[7.167288,51.312902499000074],[7.117675,51.38027249900006],[7.13603,51.42603799900007],[7.104200500000047,51.48126749900007],[7.13956150000007,51.50615749900004],[7.145057,51.55224049900005],[7.235148350000031,51.56709086400008],[7.293587,51.53226249900007],[7.314603,51.52231999900005],[7.417934,51.59951999900005],[7.40955,51.664580999000066],[7.47378008000004,51.71738211700006],[7.70188950000005,51.712378999000066],[7.735788,51.737370499000065]]]}},{"type":"Feature","properties":{"CNTR_CODE":"DE","LEVL_CODE":2,"NUTS_ID":"DEB1","NUTS_NAME":"Koblenz","NAME_LATN":"Koblenz"},"geometry":{"type":"Polygon","coordinates":[[[8.012284646000069,50.52722357700003],[7.954074013000024,50.39707601100008],[8.022736638000026,50.39707601100008],[8.121913500000062,50.277224999000055],[7.773997,50.06653999900004],[7.764844500000038,50.08259049900005],[7.691095033000067,50.03559556700003],[7.734630500000037,49.99868849900008],[7.963557,49.833101999000064],[7.905437,49.75226349900004],[7.767515626000034,49.74097414000005],[7.70333050000005,49.65251499900006],[7.522752500000024,49.70762249900008],[7.27662250000003,49.54862349900003],[7.02798,49.63943849900005],[7.044311500000049,49.689301999000065],[7.222511,49.88495049900007],[7.202684500000032,49.966322999000056],[6.979021,50.09791099900008],[6.967991991000076,50.19515105500005],[7.068778500000064,50.27978549900007],[6.984338500000035,50.34889349900004],[6.888680197000042,50.31458795300006],[6.800711500000034,50.361781499000074],[6.77094317600006,50.39707601100008],[6.774385060000043,50.459699338000064],[6.890894314000036,50.48554470600004],[6.927901,50.55861849900003],[7.21239950000006,50.62340499900006],[7.440772,50.711437999000054],[7.661003500000049,50.82036449900005],[7.785898,50.939913999000055],[7.851496,50.92583249900008],[8.03969,50.69737549900003],[8.125776500000029,50.68581399900006],[8.151592,50.59937099900003],[8.012284646000069,50.52722357700003]]]}},{"type":"Feature","properties":{"CNTR_CODE":"DE","LEVL_CODE":2,"NUTS_ID":"DEB2","NUTS_NAME":"Trier","NAME_LATN":"Trier"},"geometry":{"type":"Polygon","coordinates":[[[6.800711500000034,50.361781499000074],[6.888680197000042,50.31458795300006],[6.984338500000035,50.34889349900004],[7.068778500000064,50.27978549900007],[6.967991991000076,50.19515105500005],[6.979021,50.09791099900008],[7.202684500000032,49.966322999000056],[7.222511,49.88495049900007],[7.044311500000049,49.689301999000065],[7.02798,49.63943849900005],[6.891454,49.61342249900008],[6.609608402000049,49.52834879000005],[6.365096101000063,49.53950953100008],[6.482408583000051,49.72054696600003],[6.474962500000061,49.82127499900008],[6.365096101000063,49.84973655400006],[6.178724346000024,49.96211724300008],[6.137662500000033,50.12995149900007],[6.185575329000073,50.22320584100004],[6.365096101000063,50.31400240700003],[6.405028500000071,50.32330849900006],[6.425295,50.32301199900007],[6.601616849000038,50.380683160000046],[6.800711500000034,50.361781499000074]]]}},{"type":"Feature","properties":{"CNTR_CODE":"DE","LEVL_CODE":2,"NUTS_ID":"DEB3","NUTS_NAME":"Rheinhessen-Pfalz","NAME_LATN":"Rheinhessen-Pfalz"},"geometry":{"type":"Polygon","coordinates":[[[7.773997,50.06653999900004],[7.908535993000044,49.97860558000008],[8.175135500000067,50.03425549900004],[8.190038500000071,50.03529599900003],[8.288245,49.995133999000075],[8.343030500000054,49.94050599900004],[8.400055,49.803674999000066],[8.448365,49.73366149900005],[8.44637750000004,49.73079949900006],[8.379929982000021,49.686947254000074],[8.414774,49.59505199900008],[8.422439500000053,49.58338549900003],[8.422700500000076,49.57419249900005],[8.423068,49.54182099900004],[8.472505500000068,49.44351349900006],[8.497316,49.411346999000045],[8.47928661700007,49.36635080100007],[8.487268,49.29002649900008],[8.466985500000021,49.28297549900003],[8.413072500000055,49.249816499000076],[8.33997,49.08014999900007],[8.277349,48.98993899900006],[8.261284,48.980916999000044],[8.232633,48.966571499000054],[8.068407500000035,48.99931649900003],[7.910654500000021,49.04516349900007],[7.635651,49.05395049900005],[7.481843187000038,49.15629860100006],[7.36875550000002,49.16145799900005],[7.320341,49.18949899900008],[7.309481252000069,49.23976484500008],[7.394494,49.31635199900006],[7.402075500000024,49.367718499000034],[7.395898500000044,49.37204599900008],[7.292601500000046,49.40822249900003],[7.252589,49.43146549900007],[7.27662250000003,49.54862349900003],[7.522752500000024,49.70762249900008],[7.70333050000005,49.65251499900006],[7.767515626000034,49.74097414000005],[7.905437,49.75226349900004],[7.963557,49.833101999000064],[7.734630500000037,49.99868849900008],[7.691095033000067,50.03559556700003],[7.764844500000038,50.08259049900005],[7.773997,50.06653999900004]]]}},{"type":"Feature","properties":{"CNTR_CODE":"FR","LEVL_CODE":2,"NUTS_ID":"FRB0","NUTS_NAME":"Centre \u2014 Val de Loire","NAME_LATN":"Centre \u2014 Val de Loire"},"geometry":{"type":"Polygon","coordinates":[[[1.922146500000053,48.457599499000025],[1.99409,48.28658399900007],[2.296069105000072,48.31181230300007],[2.402663,48.32071749900007],[2.514243725000028,48.17507150000006],[2.643011232000049,48.12622659200008],[2.936316,48.163391499000056],[3.119028075000074,48.00217079600003],[3.006761827000048,47.79642328700004],[2.86445082900002,47.741342891000045],[2.976535500000068,47.569424499000036],[2.874630500000023,47.520424999000056],[2.891493431000072,47.33669391500007],[2.990164500000049,47.23234421300003],[3.06948241200007,47.000721543000054],[3.032063,46.79490949900003],[2.687630779000074,46.710648958000036],[2.570033697000042,46.55381052400003],[2.281043500000067,46.42040349900003],[2.167784500000039,46.42406899900004],[1.773511881000047,46.43769115200007],[1.415185500000064,46.34721499900007],[1.177279,46.38394799900004],[1.136508872000036,46.49316820100006],[0.935745919000055,46.59452658200007],[0.906448365000074,46.66047476300008],[0.867469,46.74821649900008],[0.664576534000048,46.96179367700006],[0.36451672000004,46.948349662000055],[0.261888675000023,47.05609203400007],[0.05383,47.163733499000045],[0.230000500000074,47.608397499000034],[0.381416412000021,47.595790771000054],[0.614432500000021,47.69421549900005],[0.83505419200003,47.95327763100005],[0.841217500000027,48.10305949900004],[0.797658500000068,48.19445499900007],[0.779270171000064,48.31688107600007],[0.906448365000074,48.40585510900007],[0.956504818000042,48.44087466900004],[0.906448365000074,48.521883701000036],[0.814824500000043,48.67016349900007],[0.906448365000074,48.68865109200004],[1.33589610000007,48.775303790000066],[1.501526500000068,48.94105199900008],[1.61702972400002,48.66760321700008],[1.821994696000047,48.47368457300007],[1.922146500000053,48.457599499000025]]]}},{"type":"Feature","properties":{"CNTR_CODE":"FR","LEVL_CODE":2,"NUTS_ID":"FRC1","NUTS_NAME":"Bourgogne","NAME_LATN":"Bourgogne"},"geometry":{"type":"Polygon","coordinates":[[[3.900324445000024,47.94418807000005],[4.293421500000022,47.92567349900003],[4.704233,48.02023499900008],[4.909083145000068,47.892085233000046],[5.004026063000026,47.70744556200003],[5.37408,47.60453799900006],[5.479047915000024,47.58240869200006],[5.426450567000074,47.44701024300008],[5.518537500000036,47.30418399900003],[5.255232500000034,46.97988749900003],[5.391928531000076,46.868146411000055],[5.42314071900006,46.65978322700005],[5.368405725000059,46.55449694400005],[5.39248137200002,46.47902121800007],[5.310563500000058,46.446769999000026],[5.152054470000053,46.50533354100003],[4.942911882000033,46.49754196500004],[4.780208500000072,46.176675999000054],[4.650806442000032,46.28783732100004],[4.428793970000072,46.28525017700008],[4.388074500000073,46.219790499000055],[4.284719869000071,46.17069295300007],[3.987921222000068,46.17894319200008],[3.899538500000062,46.275907999000026],[3.985708614000032,46.328153014000065],[3.991444086000058,46.46425519500008],[3.742786737000074,46.54906916200008],[3.721536231000073,46.62529408600005],[3.645437451000021,46.70075297200003],[3.629422500000032,46.749456499000075],[3.515243024000029,46.68640084100008],[3.23194509700005,46.69354545900006],[3.032063,46.79490949900003],[3.06948241200007,47.000721543000054],[2.990164500000049,47.23234421300003],[2.891493431000072,47.33669391500007],[2.874630500000023,47.520424999000056],[2.976535500000068,47.569424499000036],[2.86445082900002,47.741342891000045],[3.006761827000048,47.79642328700004],[3.119028075000074,48.00217079600003],[2.936316,48.163391499000056],[3.084717301000069,48.35136951000004],[3.414789,48.39026849900006],[3.549289543000043,48.32013314400007],[3.900324445000024,47.94418807000005]]]}},{"type":"Feature","properties":{"CNTR_CODE":"FR","LEVL_CODE":2,"NUTS_ID":"FRC2","NUTS_NAME":"Franche-Comt\u00e9","NAME_LATN":"Franche-Comt\u00e9"},"geometry":{"type":"Polygon","coordinates":[[[6.091189606000057,48.012165492000065],[6.22578842300004,47.94127368800008],[6.365096101000063,47.96254228400005],[6.485616026000059,47.901922497000044],[6.60936199300005,47.92668852300005],[6.823533500000053,47.81305099900004],[6.846175500000072,47.82294249900008],[7.041632161000052,47.66731240200005],[7.130353,47.503040499000065],[6.939186,47.433704499000044],[6.937398614000074,47.37541429200007],[7.023510216000034,47.331843734000074],[6.858914,47.16529449900003],[6.463573284000063,46.93450898300006],[6.460011,46.85155149900004],[6.410060745000067,46.75371244200005],[6.138106,46.55766699900005],[6.064003,46.416228999000055],[5.851877903000059,46.26910702300006],[5.643097361000059,46.31957152000007],[5.496273043000031,46.27100174000003],[5.310563500000058,46.446769999000026],[5.39248137200002,46.47902121800007],[5.368405725000059,46.55449694400005],[5.42314071900006,46.65978322700005],[5.391928531000076,46.868146411000055],[5.255232500000034,46.97988749900003],[5.518537500000036,47.30418399900003],[5.426450567000074,47.44701024300008],[5.479047915000024,47.58240869200006],[5.37408,47.60453799900006],[5.405008667000061,47.66731240200005],[5.671031809000056,47.69357300100006],[5.713307361000034,47.81804801700008],[5.884723500000064,47.92604649900005],[6.091189606000057,48.012165492000065]]]}},{"type":"Feature","properties":{"CNTR_CODE":"FR","LEVL_CODE":2,"NUTS_ID":"FRD1","NUTS_NAME":"Basse-Normandie","NAME_LATN":"Basse-Normandie"},"geometry":{"type":"Polygon","coordinates":[[[-1.263481886999955,49.502279618000046],[-1.119587499999966,49.32226699900008],[-0.955655159999935,49.39005108900005],[-0.178468454999972,49.28915667900003],[0.261888675000023,49.419449247000045],[0.297221500000035,49.429903499000034],[0.412810500000035,48.950626499000066],[0.725128239000071,48.78105748000007],[0.814824500000043,48.67016349900007],[0.906448365000074,48.521883701000036],[0.956504818000042,48.44087466900004],[0.906448365000074,48.40585510900007],[0.779270171000064,48.31688107600007],[0.797658500000068,48.19445499900007],[0.437972694000052,48.32530281100003],[0.261888675000023,48.46488831900007],[-0.054527,48.38200449900006],[-0.199504394999963,48.547427921000065],[-0.623730581999951,48.45897671000006],[-0.86036,48.50145849900008],[-1.070164499999976,48.50849199900006],[-1.125289988999953,48.506326424000065],[-1.301212498999973,48.49941540400005],[-1.46394842899997,48.48540309300006],[-1.5711,48.62650099900003],[-1.504769948999979,48.67907199900003],[-1.574957337999933,48.81781955000008],[-1.616660423999974,49.14886827300006],[-1.800329981999937,49.408477858000026],[-1.865363655999943,49.66973657500006],[-1.302936920999969,49.668277282000076],[-1.263481886999955,49.502279618000046]]]}},{"type":"Feature","properties":{"CNTR_CODE":"FR","LEVL_CODE":2,"NUTS_ID":"FRD2","NUTS_NAME":"Haute-Normandie","NAME_LATN":"Haute-Normandie"},"geometry":{"type":"Polygon","coordinates":[[[1.767171030000043,49.49422218500007],[1.71393050000006,49.40922499900006],[1.76590215300007,49.30726840800003],[1.704359,49.23219699900005],[1.608799,49.077893999000025],[1.488822332000041,49.03993662200003],[1.501526500000068,48.94105199900008],[1.33589610000007,48.775303790000066],[0.906448365000074,48.68865109200004],[0.814824500000043,48.67016349900007],[0.725128239000071,48.78105748000007],[0.412810500000035,48.950626499000066],[0.297221500000035,49.429903499000034],[0.309763500000031,49.43110449900007],[0.334444500000075,49.43352099900005],[0.340571,49.43446449900006],[0.36666,49.43848249900003],[0.370637,49.43895099900004],[0.406981656000028,49.446408287000054],[0.425767,49.45347049900005],[0.461670749000064,49.468461571000034],[0.47544,49.47420949900004],[0.484410500000024,49.47829199900008],[0.493662,49.480814999000074],[0.503178500000047,49.48202249900004],[0.516494,49.47993749900007],[0.522811,49.47669299900008],[0.537146500000063,49.464371999000036],[0.558759,49.446934499000065],[0.570635,49.43737699900004],[0.58013950000003,49.43221499900005],[0.584641500000032,49.43027099900007],[0.594760500000064,49.427538999000035],[0.599286500000062,49.42720449900003],[0.605798168000035,49.42689815300008],[0.614845,49.428157999000064],[0.62189948200006,49.430888657000025],[0.619145766000031,49.43225614600004],[0.612692225000046,49.432929423000076],[0.598679521000065,49.431785803000025],[0.58374313500002,49.435345217000076],[0.567594752000048,49.44541825400006],[0.54602,49.46367899900008],[0.540367500000059,49.46847499900008],[0.530002,49.477269499000045],[0.521227,49.48324699900007],[0.513240500000052,49.486405999000056],[0.509623,49.48678999900005],[0.501221500000042,49.487681999000074],[0.493739,49.48747349900003],[0.483195500000022,49.48493149900003],[0.476279,49.481587999000055],[0.461670749000064,49.47499767900007],[0.435559,49.46321549900006],[0.432672,49.46222049900007],[0.421627500000056,49.45906249900003],[0.401854,49.45445149900007],[0.387005,49.45230799900003],[0.37765150000007,49.45095799900008],[0.359578500000055,49.44983049900003],[0.337434,49.449940499000036],[0.303810500000054,49.45175799900005],[0.274770457000045,49.45318524900006],[0.270011500000066,49.44724049900003],[0.263041545000021,49.448051074000034],[0.086832368000046,49.520421844000055],[0.161785004000023,49.670249100000035],[0.261888675000023,49.72827728400006],[1.37964,50.065120499000045],[1.693487107000067,49.89244654000004],[1.783834,49.75830949900006],[1.711522359000071,49.63112386300003],[1.767171030000043,49.49422218500007]]]}},{"type":"Feature","properties":{"CNTR_CODE":"FR","LEVL_CODE":2,"NUTS_ID":"FRE1","NUTS_NAME":"Nord-Pas de Calais","NAME_LATN":"Nord-Pas de Calais"},"geometry":{"type":"Polygon","coordinates":[[[2.647986039000045,50.825013470000044],[2.863276,50.70834349900008],[3.018708500000059,50.773532999000054],[3.098481,50.77901899900007],[3.176996,50.75616449900008],[3.245294,50.713009499000066],[3.310992605000024,50.52240952600005],[3.549289543000043,50.49680294900003],[3.615081500000031,50.490398999000035],[3.65551,50.46173549900004],[3.67326848600004,50.39707601100008],[3.71703122100007,50.32705652400006],[4.027774500000021,50.35833049900003],[4.053077336000058,50.338948009000035],[4.185827248000066,50.237258860000054],[4.206924001000061,50.079774446000044],[4.140853,49.97875999900003],[3.549289543000043,50.05427270100006],[3.172961500000042,50.01131199900004],[3.090252,50.05374049900007],[2.902029043000027,50.04630987000007],[2.738324169000066,50.11677333600005],[2.416733840000063,50.10213689100004],[2.438197734000028,50.21677992100007],[2.296069105000072,50.21285348500004],[2.11751392900004,50.20792073300004],[1.838015684000027,50.344343550000076],[1.644737,50.35041299900007],[1.572682716000031,50.45467074800007],[1.607583368000064,50.84077638000008],[2.094447997000032,51.00051661100008],[2.296069105000072,51.040194658000075],[2.546011,51.08938199900007],[2.577692116000037,51.00051661100008],[2.607036,50.91268949900007],[2.647986039000045,50.825013470000044]]]}},{"type":"Feature","properties":{"CNTR_CODE":"FR","LEVL_CODE":2,"NUTS_ID":"FRE2","NUTS_NAME":"Picardie","NAME_LATN":"Picardie"},"geometry":{"type":"Polygon","coordinates":[[[1.838015684000027,50.344343550000076],[2.11751392900004,50.20792073300004],[2.296069105000072,50.21285348500004],[2.438197734000028,50.21677992100007],[2.416733840000063,50.10213689100004],[2.738324169000066,50.11677333600005],[2.902029043000027,50.04630987000007],[3.090252,50.05374049900007],[3.172961500000042,50.01131199900004],[3.549289543000043,50.05427270100006],[4.140853,49.97875999900003],[4.233133,49.95782849900007],[4.222197077000033,49.747312875000034],[4.049619168000049,49.61409995300005],[4.047974500000066,49.40564399900006],[3.695814338000048,49.31178545800003],[3.64910840500005,49.018215852000026],[3.485183500000062,48.85191049900004],[3.07188,49.11755349900005],[2.590528500000062,49.07965399900007],[2.296069105000072,49.15363005100005],[2.116372473000069,49.19877463700004],[1.788417111000058,49.17803840300007],[1.704359,49.23219699900005],[1.76590215300007,49.30726840800003],[1.71393050000006,49.40922499900006],[1.767171030000043,49.49422218500007],[1.711522359000071,49.63112386300003],[1.783834,49.75830949900006],[1.693487107000067,49.89244654000004],[1.37964,50.065120499000045],[1.598433380000074,50.21074436600003],[1.554086287000075,50.32781996700004],[1.644737,50.35041299900007],[1.838015684000027,50.344343550000076]]]}},{"type":"Feature","properties":{"CNTR_CODE":"FR","LEVL_CODE":2,"NUTS_ID":"FRF1","NUTS_NAME":"Alsace","NAME_LATN":"Alsace"},"geometry":{"type":"Polygon","coordinates":[[[8.232633,48.966571499000054],[7.95963050000006,48.71858099900004],[7.822504210000034,48.60837369400008],[7.680713,48.25726699900008],[7.577919500000064,48.12139199900008],[7.577291,48.11565499900007],[7.60252679000007,47.96768608100007],[7.545990500000073,47.743573999000034],[7.51984649700006,47.66731240200005],[7.589039,47.589877999000066],[7.555159500000059,47.56456399900003],[7.510905500000035,47.50258249900003],[7.380894,47.43189249900007],[7.223177833000022,47.43030904300008],[7.130353,47.503040499000065],[7.041632161000052,47.66731240200005],[6.846175500000072,47.82294249900008],[7.198287,48.31047149900007],[7.090805773000056,48.37179352600003],[7.123163500000032,48.51358799900004],[7.081575740000062,48.53519493700003],[7.229473075000044,48.601145545000065],[7.276981898000031,48.73712569300005],[7.004842088000032,48.910856773000035],[7.041550351000069,49.00349924400007],[7.482306719000064,48.94640166900007],[7.635651,49.05395049900005],[7.910654500000021,49.04516349900007],[8.068407500000035,48.99931649900003],[8.232633,48.966571499000054]]]}},{"type":"Feature","properties":{"CNTR_CODE":"FR","LEVL_CODE":2,"NUTS_ID":"FRF2","NUTS_NAME":"Champagne-Ardenne","NAME_LATN":"Champagne-Ardenne"},"geometry":{"type":"Polygon","coordinates":[[[4.809812263000026,49.97181672500005],[4.870468252000023,49.80953554900003],[4.969431,49.80182599900007],[5.153738500000031,49.717925999000045],[5.393511,49.61711099900003],[5.270382410000025,49.55479119200004],[5.10334980500005,49.56415233100006],[5.087039970000035,49.429756061000035],[4.950990500000046,49.23686749900003],[5.02828020000004,49.02752514600007],[4.912296758000025,48.82325590900007],[4.98843050000005,48.68442199900005],[5.470055,48.420926499000075],[5.468630787000052,48.36234828400006],[5.687491185000056,48.218397279000044],[5.685119266000072,48.08377846900004],[5.884723500000064,47.92604649900005],[5.713307361000034,47.81804801700008],[5.671031809000056,47.69357300100006],[5.405008667000061,47.66731240200005],[5.37408,47.60453799900006],[5.004026063000026,47.70744556200003],[4.909083145000068,47.892085233000046],[4.704233,48.02023499900008],[4.293421500000022,47.92567349900003],[3.900324445000024,47.94418807000005],[3.549289543000043,48.32013314400007],[3.414789,48.39026849900006],[3.427757539000027,48.49708356700006],[3.555614,48.62028549900003],[3.431340041000055,48.73927409600003],[3.485183500000062,48.85191049900004],[3.64910840500005,49.018215852000026],[3.695814338000048,49.31178545800003],[4.047974500000066,49.40564399900006],[4.049619168000049,49.61409995300005],[4.222197077000033,49.747312875000034],[4.233133,49.95782849900007],[4.432494,49.94161599900008],[4.662897003000069,49.99426938400006],[4.796697,50.14867799900003],[4.852444563000063,50.12700594000006],[4.809812263000026,49.97181672500005]]]}},{"type":"Feature","properties":{"CNTR_CODE":"FR","LEVL_CODE":2,"NUTS_ID":"FRF3","NUTS_NAME":"Lorraine","NAME_LATN":"Lorraine"},"geometry":{"type":"Polygon","coordinates":[[[5.393511,49.61711099900003],[5.470883,49.49723799900005],[5.734556,49.545690499000045],[5.818117,49.54631049900007],[5.893386,49.49694449900005],[6.365096101000063,49.459574659000054],[6.556986,49.419208499000035],[6.723465500000032,49.21882899900004],[6.784493918000067,49.16083663400008],[6.925465319000068,49.21381010700003],[7.101069,49.15599799900008],[7.246490809000022,49.117857627000035],[7.36875550000002,49.16145799900005],[7.481843187000038,49.15629860100006],[7.635651,49.05395049900005],[7.482306719000064,48.94640166900007],[7.041550351000069,49.00349924400007],[7.004842088000032,48.910856773000035],[7.276981898000031,48.73712569300005],[7.229473075000044,48.601145545000065],[7.081575740000062,48.53519493700003],[7.123163500000032,48.51358799900004],[7.090805773000056,48.37179352600003],[7.198287,48.31047149900007],[6.846175500000072,47.82294249900008],[6.823533500000053,47.81305099900004],[6.60936199300005,47.92668852300005],[6.485616026000059,47.901922497000044],[6.365096101000063,47.96254228400005],[6.22578842300004,47.94127368800008],[6.091189606000057,48.012165492000065],[5.884723500000064,47.92604649900005],[5.685119266000072,48.08377846900004],[5.687491185000056,48.218397279000044],[5.468630787000052,48.36234828400006],[5.470055,48.420926499000075],[4.98843050000005,48.68442199900005],[4.912296758000025,48.82325590900007],[5.02828020000004,49.02752514600007],[4.950990500000046,49.23686749900003],[5.087039970000035,49.429756061000035],[5.10334980500005,49.56415233100006],[5.270382410000025,49.55479119200004],[5.393511,49.61711099900003]]]}},{"type":"Feature","properties":{"CNTR_CODE":"FR","LEVL_CODE":2,"NUTS_ID":"FRG0","NUTS_NAME":"Pays de la Loire","NAME_LATN":"Pays de la Loire"},"geometry":{"type":"MultiPolygon","coordinates":[[[[-0.199504394999963,48.547427921000065],[-0.054527,48.38200449900006],[0.261888675000023,48.46488831900007],[0.437972694000052,48.32530281100003],[0.797658500000068,48.19445499900007],[0.841217500000027,48.10305949900004],[0.83505419200003,47.95327763100005],[0.614432500000021,47.69421549900005],[0.381416412000021,47.595790771000054],[0.230000500000074,47.608397499000034],[0.05383,47.163733499000045],[-0.102116,47.06479999900006],[-0.250096453999959,47.10114462100006],[-0.891964,46.975820499000065],[-0.728656757999943,46.81884274400005],[-0.563880516999973,46.38692331500005],[-0.750471499999946,46.30425449900008],[-1.075287,46.31999349900008],[-1.125289988999953,46.317059079000046],[-1.184302902999946,46.31359591300003],[-1.222128560999977,46.27785296500008],[-1.389270171999954,46.34098400900007],[-1.790420444999938,46.49035861900006],[-1.90080329999995,46.651076835000026],[-2.093750417999956,46.801609916000075],[-2.145930988999964,46.842320046000054],[-2.093750417999956,46.901102706000074],[-1.980464499999925,47.02872199900003],[-2.093750417999956,47.09284119800003],[-2.164017852999962,47.132612176000066],[-2.18872483499996,47.25381777500007],[-2.484277055999939,47.29791855900004],[-2.511912026999937,47.37682866400007],[-2.458476,47.448004999000034],[-2.203152474999968,47.51256082200007],[-2.093750417999956,47.63226625100003],[-1.389270171999954,47.82745018900005],[-1.245885,47.77671749900003],[-1.238248,47.80999249900003],[-1.125289988999953,47.922578144000056],[-1.03030324599996,48.01725176300005],[-1.078904025999975,48.17507150000006],[-1.070164499999976,48.50849199900006],[-0.86036,48.50145849900008],[-0.623730581999951,48.45897671000006],[-0.199504394999963,48.547427921000065]]],[[[-2.225916370999926,46.97267676600006],[-2.272393334999947,46.94675969900004],[-2.326279509999949,46.98070699900006],[-2.331411636999974,47.042303021000066],[-2.238748929999929,47.04773030400003],[-2.225916370999926,46.97267676600006]]]]}},{"type":"Feature","properties":{"CNTR_CODE":"FR","LEVL_CODE":2,"NUTS_ID":"FRH0","NUTS_NAME":"Bretagne","NAME_LATN":"Bretagne"},"geometry":{"type":"MultiPolygon","coordinates":[[[[-3.165262922999943,48.86148273300006],[-2.69943952899996,48.548346149000054],[-2.584358102999943,48.58528240000004],[-2.51435455799998,48.60775056500006],[-2.344581756999958,48.66224042500005],[-2.093750417999956,48.59415469700008],[-1.940891626999928,48.676515995000045],[-1.781142471999942,48.61603397700003],[-1.5711,48.62650099900003],[-1.46394842899997,48.48540309300006],[-1.301212498999973,48.49941540400005],[-1.125289988999953,48.506326424000065],[-1.070164499999976,48.50849199900006],[-1.078904025999975,48.17507150000006],[-1.03030324599996,48.01725176300005],[-1.125289988999953,47.922578144000056],[-1.238248,47.80999249900003],[-1.245885,47.77671749900003],[-1.389270171999954,47.82745018900005],[-2.093750417999956,47.63226625100003],[-2.203152474999968,47.51256082200007],[-2.458476,47.448004999000034],[-2.51435455799998,47.510765899000035],[-2.584358102999943,47.50731441000005],[-2.804944573999933,47.49643850800004],[-3.383484561999978,47.68551966900003],[-3.522447520999947,47.80533118300008],[-4.319492009999976,47.833773217000044],[-4.547170257999937,48.02283777800005],[-4.333800952999979,48.13733451600007],[-4.469704289999925,48.238121275000026],[-4.426566297999955,48.31934456300007],[-4.700972336999939,48.36089484900003],[-4.753139921999946,48.42298608300007],[-4.677183730999957,48.55201915300006],[-4.324042738999935,48.660687583000026],[-4.04010650999993,48.70134095800006],[-3.659154,48.65942399900007],[-3.540955288999953,48.80770084000005],[-3.165262922999943,48.86148273300006]]],[[[-3.156936194999957,47.36390580900007],[-3.11359082499996,47.29250364300003],[-3.219384189999971,47.29356978200008],[-3.262592745999939,47.353055029000075],[-3.252003104999972,47.38846545500007],[-3.156936194999957,47.36390580900007]]]]}},{"type":"Feature","properties":{"CNTR_CODE":"FR","LEVL_CODE":2,"NUTS_ID":"FRI1","NUTS_NAME":"Aquitaine","NAME_LATN":"Aquitaine"},"geometry":{"type":"Polygon","coordinates":[[[1.257150119000073,45.18430808000005],[1.44826,45.019313999000076],[1.418586566000045,44.87278885200004],[1.075142,44.57732549900004],[1.021859789000075,44.51099508400006],[1.051850477000073,44.36387087700007],[0.92527074100002,44.342939271000034],[0.89206482700007,44.16776122700003],[0.741885,44.065198999000074],[0.261888675000023,44.006042671000046],[0.076043500000026,43.98313849900006],[0.051532733000045,43.91819369700005],[-0.045710132999943,43.963345125000046],[-0.190138531999935,43.89789243300004],[-0.242833,43.58497899900004],[-0.096788,43.58240499900006],[-0.071940971999936,43.51168672500006],[-0.014318937999974,43.34768599200004],[-0.150241856999969,43.294926504000045],[-0.073997617999964,43.20086644500003],[-0.249834723999925,43.015539441000044],[-0.294855156999972,42.89773805100003],[-0.313342,42.849364999000045],[-0.569423024999935,42.81660340900004],[-0.690925462999928,42.89773805100003],[-0.724501,42.92015849900008],[-1.125289988999953,43.02742989600006],[-1.310213201999943,43.07692469800003],[-1.389270171999954,43.035567858000036],[-1.439704986999971,43.04835926000004],[-1.469002688999979,43.083069624000075],[-1.41898423799995,43.12699502600003],[-1.389270171999954,43.186491071000034],[-1.389270171999954,43.258120391000034],[-1.728903,43.29608899900006],[-1.785978,43.350478999000075],[-1.524757499999964,43.52959499900004],[-1.373925134999979,44.05232206800008],[-1.254086,44.46763849900003],[-1.208431820999976,44.611935835000054],[-1.114261281999973,44.68332382300008],[-1.231051883999953,44.79775800800007],[-1.141747166999949,45.47845430600006],[-1.053519667999979,45.51784299700006],[-0.779176217999975,45.296861481000064],[-0.714825499999961,45.328369999000074],[-0.446149297999966,45.27369457100008],[-0.384054564999929,45.16880737100007],[-0.254364743999929,45.117857998000034],[-0.040197499999977,45.10237999900005],[0.004336,45.19162799900005],[0.238393625000072,45.292238431000044],[0.261888675000023,45.37020485200003],[0.273209205000057,45.40777111300008],[0.377519680000034,45.48016668200006],[0.629741,45.71456999900005],[0.797699092000073,45.603742311000076],[0.906448365000074,45.592522676000044],[1.041728853000052,45.57856582200003],[1.253154500000051,45.44421999900004],[1.257150119000073,45.18430808000005]]]}},{"type":"Feature","properties":{"CNTR_CODE":"FR","LEVL_CODE":2,"NUTS_ID":"FRI2","NUTS_NAME":"Limousin","NAME_LATN":"Limousin"},"geometry":{"type":"Polygon","coordinates":[[[2.281043500000067,46.42040349900003],[2.565372500000024,46.14303599900006],[2.594965958000046,45.981133631000034],[2.433643786000061,45.815798373000064],[2.492129500000033,45.73766999900005],[2.50812746400004,45.48016668200006],[2.478181372000051,45.39838529600007],[2.296069105000072,45.28911917800008],[2.22855437000004,45.248610797000026],[2.062908,44.97650449900004],[1.784382078000021,44.93745781300004],[1.616455535000057,45.03025175800008],[1.44826,45.019313999000076],[1.257150119000073,45.18430808000005],[1.253154500000051,45.44421999900004],[1.041728853000052,45.57856582200003],[0.906448365000074,45.592522676000044],[0.797699092000073,45.603742311000076],[0.629741,45.71456999900005],[0.902267977000065,45.96026541800006],[0.823432500000024,46.128584499000056],[0.855118666000067,46.256711763000055],[0.906448365000074,46.27698427000007],[1.177279,46.38394799900004],[1.415185500000064,46.34721499900007],[1.773511881000047,46.43769115200007],[2.167784500000039,46.42406899900004],[2.281043500000067,46.42040349900003]]]}},{"type":"Feature","properties":{"CNTR_CODE":"FR","LEVL_CODE":2,"NUTS_ID":"FRI3","NUTS_NAME":"Poitou-Charentes","NAME_LATN":"Poitou-Charentes"},"geometry":{"type":"MultiPolygon","coordinates":[[[[-0.891964,46.975820499000065],[-0.250096453999959,47.10114462100006],[-0.102116,47.06479999900006],[0.05383,47.163733499000045],[0.261888675000023,47.05609203400007],[0.36451672000004,46.948349662000055],[0.664576534000048,46.96179367700006],[0.867469,46.74821649900008],[0.906448365000074,46.66047476300008],[0.935745919000055,46.59452658200007],[1.136508872000036,46.49316820100006],[1.177279,46.38394799900004],[0.906448365000074,46.27698427000007],[0.855118666000067,46.256711763000055],[0.823432500000024,46.128584499000056],[0.902267977000065,45.96026541800006],[0.629741,45.71456999900005],[0.377519680000034,45.48016668200006],[0.273209205000057,45.40777111300008],[0.261888675000023,45.37020485200003],[0.238393625000072,45.292238431000044],[0.004336,45.19162799900005],[-0.040197499999977,45.10237999900005],[-0.254364743999929,45.117857998000034],[-0.384054564999929,45.16880737100007],[-0.446149297999966,45.27369457100008],[-0.714825499999961,45.328369999000074],[-0.83695303899998,45.48786625200006],[-1.195803708999961,45.70051737600005],[-1.340867583999966,45.943932148000044],[-1.309776339999928,45.98731737400004],[-1.190521295999929,45.86502624800005],[-1.140435020999973,45.88853937400006],[-1.096666126999935,46.04079365200005],[-1.18551864799997,46.18437764400005],[-1.075287,46.31999349900008],[-0.750471499999946,46.30425449900008],[-0.563880516999973,46.38692331500005],[-0.728656757999943,46.81884274400005],[-0.891964,46.975820499000065]]],[[[-1.462154404999978,46.21108903800007],[-1.437347425999974,46.23758339600005],[-1.406083348999971,46.23641833200003],[-1.40640510399993,46.199496090000025],[-1.433919593999974,46.18357584200004],[-1.462154404999978,46.21108903800007]]],[[[-1.462154404999978,46.21108903800007],[-1.472667676999947,46.195368399000074],[-1.539565418999928,46.19761396700005],[-1.573710557999959,46.248049897000044],[-1.513217796999925,46.26463240500004],[-1.45704916699998,46.222190803000046],[-1.462154404999978,46.21108903800007]]]]}},{"type":"Feature","properties":{"CNTR_CODE":"FR","LEVL_CODE":2,"NUTS_ID":"FRJ1","NUTS_NAME":"Languedoc-Roussillon","NAME_LATN":"Languedoc-Roussillon"},"geometry":{"type":"Polygon","coordinates":[[[4.081408443000043,44.335086646000036],[4.197851896000032,44.285765500000025],[4.507224922000034,44.32881641500006],[4.649227500000052,44.27035999900005],[4.797846238000034,44.02122832900005],[4.739059500000053,43.92406199900006],[4.614663882000059,43.70103928900005],[4.49058138700002,43.68372037900008],[4.290254207000032,43.51168672500006],[4.230280500000049,43.46018349900004],[4.159883531000048,43.51168672500006],[4.101083500000072,43.55470549900008],[3.949861811000062,43.529695692000075],[3.913908159000073,43.51168672500006],[3.797036585000058,43.44171460900003],[3.644824656000026,43.38208100700007],[3.549289543000043,43.31054117300005],[3.240516,43.212867499000026],[3.066878106000047,42.99934360700007],[3.04340650000006,42.83817249900005],[3.040505996000036,42.801857160000054],[3.046237455000039,42.63237665100007],[3.047905079000031,42.58306462500008],[3.174804,42.43537499900003],[2.88351937300007,42.460667526000066],[2.714835048000054,42.40026066400003],[2.553363236000052,42.34243664600007],[2.347267821000059,42.40026066400003],[2.296069105000072,42.41462544500007],[2.234820443000046,42.43180993100003],[2.144528305000051,42.40026066400003],[2.035217310000064,42.36206595700003],[1.985797006000041,42.40026066400003],[1.916394702000048,42.45389854900003],[1.731011,42.49240099900004],[1.725801,42.50440199900004],[1.786098500000037,42.573657999000034],[2.033276704000059,42.63237665100007],[2.166049,42.663917499000036],[1.899642017000076,42.801857160000054],[1.982105466000064,42.90218456300005],[1.966457786000035,43.07350659400004],[1.688423500000056,43.273554499000056],[1.852437923000025,43.42618790800003],[2.029134,43.43689549900006],[2.296069105000072,43.429962827000054],[2.565782500000068,43.42295799900006],[2.645180302000028,43.47022401300006],[2.646219153000061,43.51168672500006],[2.649387382000043,43.638137424000035],[2.79308986500007,43.62700449600004],[2.935457,43.694664999000054],[3.047563688000025,43.70804282900008],[3.087013397000021,43.82368470900008],[3.358362,43.91382949900003],[3.426466858000026,44.01725503400007],[3.320621585000026,44.13357547500004],[3.373648,44.17075949900004],[3.174779407000074,44.24482621900006],[3.121202154000059,44.45160383600006],[2.981675500000051,44.64467299900008],[3.106397142000048,44.86230932600006],[3.361347500000022,44.971407999000064],[3.479491154000073,44.843169241000055],[3.734431011000027,44.82520903500006],[3.862531,44.743865999000036],[3.998161500000037,44.459798499000044],[4.081408443000043,44.335086646000036]]]}},{"type":"Feature","properties":{"CNTR_CODE":"FR","LEVL_CODE":2,"NUTS_ID":"FRJ2","NUTS_NAME":"Midi-Pyr\u00e9n\u00e9es","NAME_LATN":"Midi-Pyr\u00e9n\u00e9es"},"geometry":{"type":"Polygon","coordinates":[[[1.616455535000057,45.03025175800008],[1.784382078000021,44.93745781300004],[2.062908,44.97650449900004],[2.207473,44.61552899900005],[2.296069105000072,44.63208314900004],[2.493189854000036,44.66891509000004],[2.72751239300004,44.921746057000064],[2.86029677700003,44.854160782000065],[2.981675500000051,44.64467299900008],[3.121202154000059,44.45160383600006],[3.174779407000074,44.24482621900006],[3.373648,44.17075949900004],[3.320621585000026,44.13357547500004],[3.426466858000026,44.01725503400007],[3.358362,43.91382949900003],[3.087013397000021,43.82368470900008],[3.047563688000025,43.70804282900008],[2.935457,43.694664999000054],[2.79308986500007,43.62700449600004],[2.649387382000043,43.638137424000035],[2.646219153000061,43.51168672500006],[2.645180302000028,43.47022401300006],[2.565782500000068,43.42295799900006],[2.296069105000072,43.429962827000054],[2.029134,43.43689549900006],[1.852437923000025,43.42618790800003],[1.688423500000056,43.273554499000056],[1.966457786000035,43.07350659400004],[1.982105466000064,42.90218456300005],[1.899642017000076,42.801857160000054],[2.166049,42.663917499000036],[2.033276704000059,42.63237665100007],[1.786098500000037,42.573657999000034],[1.564758157000028,42.63237665100007],[1.527266990000044,42.642322559000036],[1.505473228000028,42.63237665100007],[1.442566,42.60366799900004],[1.410587035000049,42.63237665100007],[1.322649105000039,42.71132165300003],[0.906448365000074,42.81385808600004],[0.858215,42.82574099900006],[0.714541826000072,42.85360194300006],[0.670039742000029,42.801857160000054],[0.660127,42.69095249900005],[0.477755500000058,42.70001999900006],[0.261888675000023,42.69995224100006],[-0.012159521999934,42.699866221000036],[-0.313342,42.849364999000045],[-0.294855156999972,42.89773805100003],[-0.249834723999925,43.015539441000044],[-0.073997617999964,43.20086644500003],[-0.150241856999969,43.294926504000045],[-0.014318937999974,43.34768599200004],[-0.071940971999936,43.51168672500006],[-0.096788,43.58240499900006],[-0.242833,43.58497899900004],[-0.190138531999935,43.89789243300004],[-0.045710132999943,43.963345125000046],[0.051532733000045,43.91819369700005],[0.076043500000026,43.98313849900006],[0.261888675000023,44.006042671000046],[0.741885,44.065198999000074],[0.89206482700007,44.16776122700003],[0.92527074100002,44.342939271000034],[1.051850477000073,44.36387087700007],[1.021859789000075,44.51099508400006],[1.075142,44.57732549900004],[1.418586566000045,44.87278885200004],[1.44826,45.019313999000076],[1.616455535000057,45.03025175800008]]]}},{"type":"Feature","properties":{"CNTR_CODE":"FR","LEVL_CODE":2,"NUTS_ID":"FRK1","NUTS_NAME":"Auvergne","NAME_LATN":"Auvergne"},"geometry":{"type":"Polygon","coordinates":[[[3.23194509700005,46.69354545900006],[3.515243024000029,46.68640084100008],[3.629422500000032,46.749456499000075],[3.645437451000021,46.70075297200003],[3.721536231000073,46.62529408600005],[3.742786737000074,46.54906916200008],[3.991444086000058,46.46425519500008],[3.985708614000032,46.328153014000065],[3.899538500000062,46.275907999000026],[3.80737232000007,46.23120152900003],[3.806403572000022,46.00003821100006],[3.694015,45.930727999000055],[3.718651358000045,45.77657523200003],[3.968680147000043,45.51449160300007],[3.89740850000004,45.357079999000064],[4.268552139000064,45.37859660700008],[4.483132,45.23644549900007],[4.270905961000039,44.98104996500007],[3.862531,44.743865999000036],[3.734431011000027,44.82520903500006],[3.479491154000073,44.843169241000055],[3.361347500000022,44.971407999000064],[3.106397142000048,44.86230932600006],[2.981675500000051,44.64467299900008],[2.86029677700003,44.854160782000065],[2.72751239300004,44.921746057000064],[2.493189854000036,44.66891509000004],[2.296069105000072,44.63208314900004],[2.207473,44.61552899900005],[2.062908,44.97650449900004],[2.22855437000004,45.248610797000026],[2.296069105000072,45.28911917800008],[2.478181372000051,45.39838529600007],[2.50812746400004,45.48016668200006],[2.492129500000033,45.73766999900005],[2.433643786000061,45.815798373000064],[2.594965958000046,45.981133631000034],[2.565372500000024,46.14303599900006],[2.281043500000067,46.42040349900003],[2.570033697000042,46.55381052400003],[2.687630779000074,46.710648958000036],[3.032063,46.79490949900003],[3.23194509700005,46.69354545900006]]]}},{"type":"Feature","properties":{"CNTR_CODE":"FR","LEVL_CODE":2,"NUTS_ID":"FRK2","NUTS_NAME":"Rh\u00f4ne-Alpes","NAME_LATN":"Rh\u00f4ne-Alpes"},"geometry":{"type":"Polygon","coordinates":[[[5.310563500000058,46.446769999000026],[5.496273043000031,46.27100174000003],[5.643097361000059,46.31957152000007],[5.851877903000059,46.26910702300006],[6.064003,46.416228999000055],[6.142749661000039,46.37155706100003],[6.125608,46.31722999900006],[5.956067,46.13209549900006],[6.23400104600006,46.19711429600005],[6.219547,46.311877999000046],[6.501303969000048,46.44920676700008],[6.821064,46.42715449900004],[6.81705723500005,46.15744207100005],[7.044886,45.92241299900007],[6.802368500000057,45.77856199900003],[6.980903918000024,45.62728599700006],[7.011856419000026,45.51195977000003],[7.104723,45.468454499000075],[7.163023551000038,45.40355480900007],[7.096512554000071,45.23238481100003],[6.630051,45.109856499000045],[6.432313515000033,45.06386110600005],[6.26057,45.12684399900007],[6.23878508100006,45.04196770600004],[6.327697046000026,44.956881698000075],[6.325838126000065,44.88487689500005],[6.007271475000039,44.82202343300003],[5.80147,44.706777499000054],[5.639170892000038,44.62777151900008],[5.606143234000058,44.48592734700003],[5.451808709000034,44.44699912300007],[5.459264184000062,44.36554730700004],[5.636853132000056,44.30084321900006],[5.681106032000059,44.18990299600006],[5.498786500000051,44.11571649900003],[5.039873048000061,44.309806268000045],[4.983976957000039,44.41037741300005],[4.89877782700006,44.36498013100004],[4.875948612000059,44.246226920000026],[4.650611,44.32980299900004],[4.649227500000052,44.27035999900005],[4.507224922000034,44.32881641500006],[4.197851896000032,44.285765500000025],[4.081408443000043,44.335086646000036],[3.998161500000037,44.459798499000044],[3.862531,44.743865999000036],[4.270905961000039,44.98104996500007],[4.483132,45.23644549900007],[4.268552139000064,45.37859660700008],[3.89740850000004,45.357079999000064],[3.968680147000043,45.51449160300007],[3.718651358000045,45.77657523200003],[3.694015,45.930727999000055],[3.806403572000022,46.00003821100006],[3.80737232000007,46.23120152900003],[3.899538500000062,46.275907999000026],[3.987921222000068,46.17894319200008],[4.284719869000071,46.17069295300007],[4.388074500000073,46.219790499000055],[4.428793970000072,46.28525017700008],[4.650806442000032,46.28783732100004],[4.780208500000072,46.176675999000054],[4.942911882000033,46.49754196500004],[5.152054470000053,46.50533354100003],[5.310563500000058,46.446769999000026]]]}},{"type":"Feature","properties":{"CNTR_CODE":"FR","LEVL_CODE":2,"NUTS_ID":"FRL0","NUTS_NAME":"Provence-Alpes-C\u00f4te d\u2019Azur","NAME_LATN":"Provence-Alpes-C\u00f4te d\u2019Azur"},"geometry":{"type":"Polygon","coordinates":[[[6.26057,45.12684399900007],[6.432313515000033,45.06386110600005],[6.630051,45.109856499000045],[6.779271202000075,44.896757164000064],[7.008916138000075,44.83098541600003],[7.065755,44.713464499000054],[6.948443,44.654741999000066],[6.874576976000071,44.52313876100004],[6.887428,44.36128699900007],[7.036656494000056,44.23342831400004],[7.384291562000044,44.12332477500007],[7.602905948000057,44.142539776000035],[7.714236500000027,44.06151349900006],[7.522078972000031,43.88938936300008],[7.529827,43.78400799900004],[7.439249,43.74901949900004],[7.437358,43.75163249900004],[7.413383,43.73457699900007],[7.412828,43.731712499000025],[7.410282962000053,43.72934965800005],[7.415697,43.725910499000065],[7.171281675000046,43.64404582700007],[6.97736992800003,43.51168672500006],[6.931325500000071,43.48025799900006],[6.900392534000048,43.44171460900003],[6.72264283800007,43.38479552200005],[6.637626241000021,43.177328842000065],[6.29353003500006,43.10802554400004],[5.831116217000044,43.06291480200008],[5.671879500000045,43.179268999000044],[5.399941026000022,43.212265358000025],[5.303586857000028,43.33174108400004],[5.070576313000061,43.33822733300008],[4.89313114600003,43.42130097800003],[4.667335408000042,43.36424636100003],[4.527869184000053,43.44120806800004],[4.230280500000049,43.46018349900004],[4.290254207000032,43.51168672500006],[4.49058138700002,43.68372037900008],[4.614663882000059,43.70103928900005],[4.739059500000053,43.92406199900006],[4.797846238000034,44.02122832900005],[4.649227500000052,44.27035999900005],[4.650611,44.32980299900004],[4.875948612000059,44.246226920000026],[4.89877782700006,44.36498013100004],[4.983976957000039,44.41037741300005],[5.039873048000061,44.309806268000045],[5.498786500000051,44.11571649900003],[5.681106032000059,44.18990299600006],[5.636853132000056,44.30084321900006],[5.459264184000062,44.36554730700004],[5.451808709000034,44.44699912300007],[5.606143234000058,44.48592734700003],[5.639170892000038,44.62777151900008],[5.80147,44.706777499000054],[6.007271475000039,44.82202343300003],[6.325838126000065,44.88487689500005],[6.327697046000026,44.956881698000075],[6.23878508100006,45.04196770600004],[6.26057,45.12684399900007]]]}},{"type":"Feature","properties":{"CNTR_CODE":"FR","LEVL_CODE":2,"NUTS_ID":"FRM0","NUTS_NAME":"Corse","NAME_LATN":"Corse"},"geometry":{"type":"Polygon","coordinates":[[[9.353943843000025,41.62147651300006],[9.206771028000048,41.39770947100004],[8.828202179000073,41.54630675900006],[8.796671654000022,41.62147651300006],[8.854901324000025,41.66825522800008],[8.67425712100004,41.94876999000007],[8.591882486000031,42.37444687300007],[8.761647898000035,42.559055139000066],[8.910089307000021,42.63237665100007],[9.101576597000076,42.71268243600008],[9.290360833000022,42.71962844300003],[9.352071693000028,42.93648458100006],[9.410061263000046,42.964434417000064],[9.464867821000041,42.895769407000046],[9.496018207000077,42.63237665100007],[9.523469617000046,42.40026066400003],[9.543913386000042,42.227397936000045],[9.45629978200003,41.98488940400006],[9.402197500000057,41.85866599900004],[9.380401992000031,41.66825522800008],[9.353943843000025,41.62147651300006]]]}},{"type":"Feature","properties":{"CNTR_CODE":"FR","LEVL_CODE":2,"NUTS_ID":"FRY1","NUTS_NAME":"Guadeloupe","NAME_LATN":"Guadeloupe"},"geometry":{"type":"MultiPolygon","coordinates":[[[[-61.19761952299996,15.898548263000066],[-61.28064386999995,15.860111010000026],[-61.34470924799996,15.940017264000062],[-61.277502683999955,16.014048156000058],[-61.19112504999998,15.940017264000062],[-61.19761952299996,15.898548263000066]]],[[[-61.25896231699994,16.301613494000037],[-61.255530921999934,16.25378530100005],[-61.46539718899999,16.197857493000072],[-61.58318891999994,16.234407548000036],[-61.556642316999955,16.051984641000047],[-61.61965864899997,15.972294098000077],[-61.70689148399998,15.948978306000072],[-61.76974322999996,16.059368084000027],[-61.78284595799994,16.213905924000073],[-61.809059444999946,16.27197560600007],[-61.74269704999995,16.361357229000077],[-61.596077165999986,16.285917675000064],[-61.493448056999966,16.353696487000036],[-61.535695972999974,16.453059410000037],[-61.47170127299995,16.509958389000076],[-61.412232965999976,16.469389858000056],[-61.376353526999935,16.341522670000074],[-61.25896231699994,16.301613494000037]]],[[[-63.01906848799996,18.056299339000077],[-63.088253116999965,18.046260810000035],[-63.08475959599997,18.081664106000062],[-63.04850032799993,18.105805987000053],[-63.01906848799996,18.056299339000077]]]]}},{"type":"Feature","properties":{"CNTR_CODE":"FR","LEVL_CODE":2,"NUTS_ID":"FRY2","NUTS_NAME":"Martinique","NAME_LATN":"Martinique"},"geometry":{"type":"Polygon","coordinates":[[[-61.030563024999935,14.834763581000061],[-60.956398225999976,14.740444658000058],[-60.902973920999955,14.748651775000042],[-60.88555277699999,14.644314326000028],[-60.806106787999965,14.476566539000032],[-60.87150048199999,14.39112357700003],[-60.90912537899993,14.456889551000074],[-61.083450924999966,14.467323184000065],[-61.089496199999985,14.530830371000036],[-61.017230594999944,14.569019819000061],[-61.15422286199998,14.649292771000034],[-61.183416473999955,14.752031134000049],[-61.23435714599998,14.825946892000047],[-61.141917984999964,14.883694289000061],[-61.030563024999935,14.834763581000061]]]}},{"type":"Feature","properties":{"CNTR_CODE":"FR","LEVL_CODE":2,"NUTS_ID":"FRY3","NUTS_NAME":"Guyane","NAME_LATN":"Guyane"},"geometry":{"type":"Polygon","coordinates":[[[-51.655462,4.055989500000067],[-52.31843886699994,3.179212499000073],[-52.555461658999945,2.535950505000073],[-52.66422034899995,2.387416811000037],[-52.93755393699996,2.184785229000056],[-53.21340874899994,2.206676336000044],[-53.31414036999996,2.321576616000073],[-53.51389529599999,2.26141399100004],[-53.76527347299998,2.355846091000046],[-54.131534786999964,2.126180237000028],[-54.322337396999956,2.161138132000076],[-54.587887,2.32207150000005],[-54.38177867199994,2.486483358000044],[-54.21291407299998,2.784600116000036],[-54.179072445999964,3.192199193000022],[-54.04879267599995,3.351946906000023],[-53.99186202299995,3.568979991000049],[-54.331873117999976,4.030281163000041],[-54.43800358699997,4.427903409000066],[-54.47349013499996,4.864595808000047],[-54.41642263899996,5.063506160000031],[-54.00564749999995,5.602542],[-53.982276077999984,5.711651966000034],[-53.90693634499996,5.735849895000058],[-53.47574052599998,5.571158577000062],[-53.21340874899994,5.534797249000064],[-52.93294760699996,5.435054865000041],[-52.39053659199993,4.952310627000031],[-51.845823096999936,4.651270097000065],[-51.753696684999966,4.427903409000066],[-51.63643786499995,4.203735939000069],[-51.655462,4.055989500000067]]]}},{"type":"Feature","properties":{"CNTR_CODE":"FR","LEVL_CODE":2,"NUTS_ID":"FRY4","NUTS_NAME":"La R\u00e9union","NAME_LATN":"La R\u00e9union"},"geometry":{"type":"Polygon","coordinates":[[[55.64862247800005,-20.91395602299997],[55.70812043400008,-21.025442330999965],[55.83808178600003,-21.183548513999938],[55.804001638000045,-21.261767370999962],[55.810533391000035,-21.334801358999982],[55.776488140000026,-21.366239045999976],[55.64758725000007,-21.390765217999956],[55.46087126700007,-21.343370336999953],[55.33833057500004,-21.28150812299998],[55.29244816800008,-21.231229896999935],[55.285144228000036,-21.16220306499997],[55.21471426000005,-21.038512098999945],[55.27391970100007,-21.000572535999936],[55.28509578400008,-20.923603406999973],[55.32105184900007,-20.932164325999963],[55.450576288000036,-20.869760370999927],[55.64862247800005,-20.91395602299997]]]}},{"type":"Feature","properties":{"CNTR_CODE":"FR","LEVL_CODE":2,"NUTS_ID":"FRY5","NUTS_NAME":"Mayotte","NAME_LATN":"Mayotte"},"geometry":{"type":"Polygon","coordinates":[[[45.221841863000066,-12.872266345999947],[45.15379843100004,-12.994118167999943],[45.10799040100005,-12.986803761999965],[45.13764835000006,-12.890775277999978],[45.09378660700003,-12.852457564999952],[45.10056096100004,-12.76605658699998],[45.04322329800004,-12.722851499999933],[45.095694139000045,-12.67002681899993],[45.15594774500005,-12.735252319999972],[45.235863563000066,-12.752909658999954],[45.221841863000066,-12.872266345999947]]]}},{"type":"Feature","properties":{"CNTR_CODE":"HR","LEVL_CODE":2,"NUTS_ID":"HR03","NUTS_NAME":"Jadranska Hrvatska","NAME_LATN":"Jadranska Hrvatska"},"geometry":{"type":"MultiPolygon","coordinates":[[[[17.833035832000064,42.88596357100005],[18.21110384600007,42.63237665100007],[18.223627604000058,42.62397641300004],[18.438104,42.555704999000056],[18.525213,42.42046299900005],[18.13322164300007,42.63237665100007],[17.882121074000054,42.76812362000004],[17.608112996000045,42.84574142400004],[17.624956645000054,42.88406758700006],[17.630035931000066,42.88186706400006],[17.63550004900003,42.881281940000065],[17.640884740000047,42.88237923500003],[17.645684175000042,42.88505586900004],[17.64915650000006,42.88892349900004],[17.833035832000064,42.88596357100005]]],[[[14.767382263000059,45.51177196900005],[14.84300726600003,45.47163924900008],[14.97723383400006,45.513114845000075],[15.226437500000031,45.42708799900004],[15.15282441200003,45.30592238600008],[14.995777313000076,45.28572186700006],[15.016629500000022,45.123034999000026],[15.228828169000053,45.08889113300006],[15.463731944000074,44.93924404300003],[15.736722,44.93563099900007],[15.759103166000045,44.88632295000008],[15.784712741000021,44.76721203000005],[15.944015790000037,44.706560446000026],[16.09406096600003,44.53134147900005],[16.130552169000055,44.496021693000046],[16.132175,44.454533999000034],[16.201399437000077,44.34416326300004],[16.172449047000043,44.20921792000007],[16.214790265000033,44.21330842500004],[16.26232777200005,44.17788841600003],[16.544348,43.97417849900006],[17.017027720000044,43.573741744000074],[17.162994785000024,43.51168672500006],[17.285207763000074,43.45973028800006],[17.291891029000055,43.336417038000036],[17.45084550000007,43.17686849900008],[17.65791998800006,43.024230998000064],[17.580975550000062,42.93823553000004],[17.578181380000046,42.938015344000064],[17.572949521000055,42.93582622300005],[17.568663124000068,42.93211254800008],[17.56575105400003,42.92724588100003],[17.564504675000023,42.92171314800004],[17.565048690000026,42.91606791700008],[17.567328669000062,42.91087500900005],[17.571116492000044,42.90665399200003],[17.576037231000043,42.90382486000004],[17.54706677200005,42.86303388400006],[17.379074849000062,42.91062067200005],[17.444271293000043,42.98596583500006],[17.35605350000003,43.08416099900006],[16.963862810000023,43.28801085600003],[16.564648032000036,43.300661707000074],[16.546504605000052,43.353991294000025],[16.658285361000026,43.40354850700004],[16.505827083000042,43.487773152000045],[16.016526,43.50190999900008],[15.833735469000032,43.722284830000035],[15.558876500000054,43.87187849900005],[15.389823913000043,43.92531229200006],[15.188067938000074,44.15294658700003],[15.222124189000056,44.25217507700006],[15.352486373000033,44.29871291000006],[15.289482,44.36324249900008],[14.950993926000024,44.55860859900008],[14.881276,45.03114699900004],[14.75813032800005,45.10303072000005],[14.742507875000058,44.99422887900005],[14.537122213000032,45.04287969400008],[14.506542779000029,45.23900514300004],[14.39529458100003,45.31103547400005],[14.303573984000025,45.28583924000003],[14.226404,45.15378049900005],[13.98720067000005,44.83098541600003],[13.94434872200003,44.780429371000025],[13.916933543000027,44.82022804300004],[13.856102540000052,44.83098541600003],[13.596482696000066,45.17254320600006],[13.522559975000036,45.46399114800005],[13.651296,45.45405499900005],[14.111284500000068,45.482335499000044],[14.118196500000067,45.48123899900003],[14.387182851000034,45.499463939000066],[14.570012500000075,45.67294449900004],[14.767382263000059,45.51177196900005]]],[[[17.227720847000057,42.99127892800004],[17.231681932000072,42.957708196000056],[17.15168772000004,42.91302330800005],[16.683063407000077,42.90836311700008],[16.656353695000064,42.95530811700007],[16.681076715000074,42.990669326000045],[16.77974465500006,42.970591908000074],[16.947008264000033,42.971672718000036],[17.056519782000066,43.039495232000036],[17.227720847000057,42.99127892800004]]],[[[16.984238595000022,43.15325419000004],[16.995021388000055,43.11158471600004],[16.801527124000074,43.12146472400008],[16.783051369000077,43.14585629000004],[16.794383620000076,43.16187628600005],[16.984238595000022,43.15325419000004]]],[[[16.656244483000023,43.22005411500004],[16.737319118000073,43.13655560500007],[16.688605223000025,43.118231663000074],[16.43280449200006,43.15945379900006],[16.417677747000027,43.17886463900004],[16.451274821000027,43.209341315000074],[16.567400175000046,43.178186020000055],[16.656244483000023,43.22005411500004]]],[[[16.41153844200005,42.35287017100006],[16.287409705000073,42.34381956500005],[16.246939413000064,42.38441548700007],[16.382321792000027,42.42368258300007],[16.41153844200005,42.35287017100006]]],[[[16.377389830000027,43.36075328000004],[16.339591702000064,43.32684813100008],[16.214331123000022,43.39528952500007],[16.24709066500003,43.42639669400006],[16.338150819000077,43.40432660700003],[16.377389830000027,43.36075328000004]]],[[[16.232110309000063,43.018116776000056],[16.076251797000054,43.00892753900007],[16.056363907000048,43.051800118000074],[16.117143143000078,43.07750565100008],[16.240507060000027,43.07040616200004],[16.232110309000063,43.018116776000056]]],[[[15.329577375000042,43.89158135800005],[15.341400590000035,43.76604602000003],[15.22689017700003,43.82522047300006],[15.225429284000029,43.87041652000005],[15.329577375000042,43.89158135800005]]],[[[15.262837392000051,43.89606619600005],[15.200183431000028,43.85923619000005],[15.101109400000041,43.92649114200003],[15.018765348000045,44.02741701800005],[15.072110182000074,44.08443111300005],[15.122800872000028,44.042131246000054],[15.104736904000049,43.98967140000008],[15.262837392000051,43.89606619600005]]],[[[15.174790142000063,44.396514962000026],[15.181971869000051,44.31687293500005],[15.113001964000034,44.33048525500004],[15.027700332000052,44.42454561400007],[15.046724763000043,44.47773634500004],[15.174790142000063,44.396514962000026]]],[[[14.939884574000075,44.202646376000075],[14.956162694000056,44.07688495300005],[14.866353140000058,44.11157566700007],[14.84139271500004,44.154229067000074],[14.939884574000075,44.202646376000075]]],[[[14.79680637100006,44.77684413900005],[14.726393820000055,44.75348323800006],[14.677350158000024,44.823246710000035],[14.797150403000046,44.86110526400006],[14.79680637100006,44.77684413900005]]],[[[14.638943136000023,44.37066938500004],[14.54966599200003,44.36082563000008],[14.508989911000072,44.43740627300008],[14.56853581100006,44.47532909000006],[14.638943136000023,44.37066938500004]]],[[[14.428223373000037,44.61555584600006],[14.45720162300006,44.53670882500006],[14.324525954000023,44.55511495400003],[14.374271595000039,44.64088714600007],[14.31745752200004,44.91220300600003],[14.394479928000067,44.932286816000044],[14.395852303000026,44.98565279700006],[14.455074406000051,44.95709162600008],[14.46209519000007,44.830549132000044],[14.502909387000045,44.62353983500003],[14.428223373000037,44.61555584600006]]],[[[14.376743442000077,45.14949037400004],[14.357918882000035,45.04595657400006],[14.266580030000057,45.12221190100007],[14.321429153000054,45.18342529000006],[14.376743442000077,45.14949037400004]]]]}},{"type":"Feature","properties":{"CNTR_CODE":"HR","LEVL_CODE":2,"NUTS_ID":"HR02","NUTS_NAME":"Panonska Hrvatska","NAME_LATN":"Panonska Hrvatska"},"geometry":{"type":"Polygon","coordinates":[[[17.294325,45.98854449900006],[17.555519823000054,45.931189234000044],[17.651499,45.84783549900004],[17.912089500000036,45.79078049900005],[18.438624503000028,45.75378896500007],[18.66145988100004,45.89841249800003],[18.821306,45.914382999000054],[18.889734,45.92118049900006],[18.952133760000038,45.65695145800004],[18.922776820000024,45.580158795000045],[19.065421859000026,45.52144145600005],[19.033942,45.48682149900003],[19.005262,45.434630499000036],[18.99751684000006,45.386407503000044],[19.131754192000074,45.292476703000034],[19.39102321100006,45.22952987200006],[19.425167500000043,45.167692499000054],[19.11096739100003,45.13392433000007],[19.12975155600003,44.95339914900006],[19.00105119500006,44.88632295000008],[19.022069500000043,44.855353999000044],[18.86043707600004,44.85518641200008],[18.79705474000008,44.88632295000008],[18.75220690200007,45.01881083100005],[18.529673,45.08750899900008],[18.25464288300003,45.121039402000065],[18.150779123000063,45.083234547000075],[18.017824406000045,45.13265647800006],[17.832578213000033,45.05946686400006],[17.682551356000033,45.119567063000034],[17.141193,45.16328799900003],[16.944251215000065,45.245883872000036],[16.799507308000045,45.19603906800006],[16.555818204000047,45.22037125700007],[16.297583961000043,45.00287376500006],[16.014528089000066,45.19505154500007],[15.840023,45.22447199900006],[15.736722,44.93563099900007],[15.463731944000074,44.93924404300003],[15.228828169000053,45.08889113300006],[15.016629500000022,45.123034999000026],[14.995777313000076,45.28572186700006],[15.15282441200003,45.30592238600008],[15.226437500000031,45.42708799900004],[15.359371963000058,45.485262688000034],[15.294762940000055,45.590522211000064],[15.28446064600007,45.72598060800004],[15.331290500000023,45.76285499900007],[15.550467526000034,45.606029884000066],[15.679376078000075,45.60313699300008],[15.778140672000063,45.53542427900004],[15.88912732700004,45.52818509300005],[15.922112,45.47858749900007],[16.06782917700002,45.485146437000026],[16.14521214000007,45.62163209900007],[16.490944050000053,45.585282207000034],[16.609920500000044,45.67035599900004],[16.515713896000022,45.76399480400005],[16.686574278000023,45.85186311700005],[16.702198,45.92312099900005],[16.73440871300005,46.030743193000035],[16.845115708000037,46.06970239700007],[16.99596725400005,45.968201313000066],[17.122053,45.88336399900004],[17.294325,45.98854449900006]]]}},{"type":"Feature","properties":{"CNTR_CODE":"HU","LEVL_CODE":2,"NUTS_ID":"HU11","NUTS_NAME":"Budapest","NAME_LATN":"Budapest"},"geometry":{"type":"Polygon","coordinates":[[[18.924850007000032,47.523335874000054],[18.92673760400004,47.57304034900005],[19.098732093000024,47.61485830300006],[19.19364814900007,47.53912744200005],[19.321231256000033,47.51578458100005],[19.337609244000078,47.46288231300008],[19.238313495000057,47.424356311000054],[19.140804614000047,47.34751528800007],[19.08113269200004,47.40342630200007],[18.977550277000034,47.38227524300004],[18.976717004000022,47.468546],[18.924850007000032,47.523335874000054]]]}},{"type":"Feature","properties":{"CNTR_CODE":"HU","LEVL_CODE":2,"NUTS_ID":"HU12","NUTS_NAME":"Pest","NAME_LATN":"Pest"},"geometry":{"type":"Polygon","coordinates":[[[19.395224964000022,47.81356965200007],[19.483385603000045,47.720701948000055],[19.570937,47.73489949900005],[19.607179104000068,47.66731240200005],[19.666329500000074,47.58854949900007],[19.985503492000078,47.335830900000076],[20.080373328000064,47.192426011000066],[20.094687,47.00740749900007],[19.792203478000033,46.95454437300003],[19.551849229000027,47.11562286700007],[19.34062158000006,47.02846391500003],[19.246415945000024,47.119522062000044],[18.96590750000007,47.02896449900004],[18.885283568000034,47.124210524000034],[18.896602227000074,47.28373782800003],[18.68843350000003,47.577067499000066],[18.863021614000047,47.66731240200005],[18.90549311600006,47.75994741100004],[18.848478,47.818227999000044],[18.779729049000025,47.87550223100004],[18.782448376000048,47.96073851400007],[18.928392,48.05683249900005],[18.98219412700007,48.015245564000054],[18.966113105000034,47.93555721800004],[19.049451198000042,47.87914249600004],[19.395224964000022,47.81356965200007]],[[18.924850007000032,47.523335874000054],[18.976717004000022,47.468546],[18.977550277000034,47.38227524300004],[19.08113269200004,47.40342630200007],[19.140804614000047,47.34751528800007],[19.238313495000057,47.424356311000054],[19.337609244000078,47.46288231300008],[19.321231256000033,47.51578458100005],[19.19364814900007,47.53912744200005],[19.098732093000024,47.61485830300006],[18.92673760400004,47.57304034900005],[18.924850007000032,47.523335874000054]]]}},{"type":"Feature","properties":{"CNTR_CODE":"HU","LEVL_CODE":2,"NUTS_ID":"HU21","NUTS_NAME":"K\u00f6z\u00e9p-Dun\u00e1nt\u00fal","NAME_LATN":"K\u00f6z\u00e9p-Dun\u00e1nt\u00fal"},"geometry":{"type":"Polygon","coordinates":[[[18.90549311600006,47.75994741100004],[18.863021614000047,47.66731240200005],[18.68843350000003,47.577067499000066],[18.896602227000074,47.28373782800003],[18.885283568000034,47.124210524000034],[18.96590750000007,47.02896449900004],[18.925097,46.85716849900007],[18.66163896000006,46.703795754000055],[18.556789752000043,46.77008605900005],[18.210897500000044,46.77816099900008],[18.20524850000004,46.971632499000066],[17.41906750000004,46.75065649900006],[17.22412808400003,46.96724928900005],[17.074528500000042,47.04871349900003],[17.20757781900005,47.11002852900003],[17.234548129000075,47.33622009900006],[17.172392,47.432483999000056],[17.707456369000056,47.45603676700006],[17.76578858700003,47.32771062000006],[17.883888,47.389586499000075],[17.898474100000044,47.66731240200005],[17.893923,47.739456999000026],[18.315269451000063,47.73710908600003],[18.848478,47.818227999000044],[18.90549311600006,47.75994741100004]]]}},{"type":"Feature","properties":{"CNTR_CODE":"HU","LEVL_CODE":2,"NUTS_ID":"HU22","NUTS_NAME":"Nyugat-Dun\u00e1nt\u00fal","NAME_LATN":"Nyugat-Dun\u00e1nt\u00fal"},"geometry":{"type":"Polygon","coordinates":[[[17.893923,47.739456999000026],[17.898474100000044,47.66731240200005],[17.883888,47.389586499000075],[17.76578858700003,47.32771062000006],[17.707456369000056,47.45603676700006],[17.172392,47.432483999000056],[17.234548129000075,47.33622009900006],[17.20757781900005,47.11002852900003],[17.074528500000042,47.04871349900003],[17.22412808400003,46.96724928900005],[17.41906750000004,46.75065649900006],[17.24677495700007,46.69850402000003],[17.180089476000035,46.43897641400008],[16.998469756000077,46.31716766800008],[16.876043500000037,46.320602499000074],[16.854755,46.35044099900006],[16.596805,46.47590249900003],[16.370793500000048,46.72224349900006],[16.30953420000003,46.85006210700004],[16.113849,46.86906799900004],[16.300927449000028,46.99434835500006],[16.438596682000025,47.01618188300006],[16.48289259200004,47.10935580700004],[16.43376150000006,47.352918499000054],[16.64622,47.446596999000064],[16.665499889000046,47.59777122200006],[16.421542500000044,47.665297999000074],[16.599286063000022,47.74224424500005],[16.802128653000068,47.690882696000074],[17.033397724000054,47.71361531400004],[17.160797500000058,48.00665649900003],[17.24742750000007,48.012008999000045],[17.705436500000076,47.758992499000044],[17.893923,47.739456999000026]]]}},{"type":"Feature","properties":{"CNTR_CODE":"IT","LEVL_CODE":2,"NUTS_ID":"ITF6","NUTS_NAME":"Calabria","NAME_LATN":"Calabria"},"geometry":{"type":"Polygon","coordinates":[[[16.60967708900006,39.95148392100003],[16.50106451700003,39.803417368000055],[16.534114980000027,39.67718674500003],[17.025064500000042,39.48357849900003],[17.139428719000023,39.388995944000044],[17.14040145200005,39.18798245900007],[17.14740185200003,38.94066528600007],[16.890732,38.92712849900005],[16.570595480000065,38.76028110900006],[16.582084500000065,38.469790499000055],[16.211430603000053,38.176890197000034],[16.068680520000044,37.94237162400003],[15.744588423000039,37.92817650100005],[15.646059062000063,38.01572603400007],[15.648793901000033,38.207958235000035],[15.811022542000046,38.308865731000026],[15.918956,38.50676149900005],[15.860656634000065,38.65617496600004],[16.134658148000028,38.72948753500003],[16.213753500000053,38.81043999900004],[16.205409469000074,38.91181790100006],[16.093153,39.04874299900007],[16.062081154000055,39.18798245900007],[16.008907316000034,39.40717854500008],[15.829136324000046,39.653607169000054],[15.755958500000077,39.92349599900007],[15.878548068000043,40.00039338500005],[16.06790722200003,39.906344182000055],[16.29854428300007,39.93075773700008],[16.398881,40.05539999900003],[16.44282842900003,40.13096651200004],[16.644317,40.11909599900008],[16.60967708900006,39.95148392100003]]]}},{"type":"Feature","properties":{"CNTR_CODE":"IT","LEVL_CODE":2,"NUTS_ID":"ITG1","NUTS_NAME":"Sicilia","NAME_LATN":"Sicilia"},"geometry":{"type":"MultiPolygon","coordinates":[[[[15.541329587000064,38.14594939500006],[15.258082500000057,37.80722399900003],[15.095531137000023,37.47542899200005],[15.091499,37.35770849900007],[15.225743186000045,37.26173543300007],[15.204330821000042,37.18079338000007],[15.297818002000042,37.049249444000054],[15.124956227000041,36.856880501000035],[15.116609723000067,36.68094427600005],[15.000358,36.70284749900003],[14.527877172000046,36.793069622000075],[14.337594500000023,37.00197999900007],[14.036207,37.10602799900005],[13.685783443000048,37.18877162900003],[12.896496,37.57711849900005],[12.677187520000075,37.575972775000025],[12.493726937000076,37.68834819500006],[12.44171250900007,37.79523122000006],[12.51029621400005,38.01359783800007],[12.752261543000031,38.15318440400006],[12.877465802000074,38.04372702100005],[12.977262500000052,38.04020599900008],[13.09705427700004,38.17131703300004],[13.302888688000053,38.20947879300007],[13.72887527100005,37.98173442500007],[14.183486,38.01939649900004],[14.378693922000025,38.01870674000003],[14.760333023000044,38.15547098600007],[15.104117483000039,38.131079045000035],[15.562728538000044,38.278890337000064],[15.541329587000064,38.14594939500006]]],[[[14.896071880000022,38.608687445000044],[14.894771124000044,38.53287986300006],[14.973534696000058,38.53318419200008],[14.952516185000036,38.44195479700005],[14.784634646000029,38.56329773400006],[14.821404204000032,38.60823566700003],[14.896071880000022,38.608687445000044]]],[[[12.912189332000025,35.90690858600004],[12.924967580000043,35.82055019200004],[12.834468453000056,35.82127696600003],[12.787921382000036,35.87721346100005],[12.912189332000025,35.90690858600004]]],[[[12.052278009000077,36.747923429000025],[11.993284935000077,36.733870015000036],[11.921238233000054,36.81720804200006],[11.950738394000041,36.84242070500005],[12.054544614000065,36.79968421600006],[12.052278009000077,36.747923429000025]]]]}},{"type":"Feature","properties":{"CNTR_CODE":"ES","LEVL_CODE":2,"NUTS_ID":"ES11","NUTS_NAME":"Galicia","NAME_LATN":"Galicia"},"geometry":{"type":"Polygon","coordinates":[[[-6.824167,42.915012499000056],[-7.010484398999949,42.686152357000026],[-7.076834,42.50812399900008],[-6.841968564999945,42.47862045900007],[-6.821880466999971,42.44875659000007],[-6.752502788999948,42.345616617000076],[-6.784308,42.25360849900005],[-6.816637374999971,42.232478393000065],[-6.968189913999936,42.13342540700006],[-6.985800499999925,41.97144699900008],[-7.159132773999943,41.97323650000004],[-7.200464499999953,41.87974949900007],[-7.416297006999969,41.82755275900007],[-7.734527950999961,41.90198864000007],[-8.05186249999997,41.820613999000045],[-8.165075499999944,41.81830199900003],[-8.196292029999938,41.92518447500004],[-8.104500905999942,42.03778333400004],[-8.199000499999954,42.15441899900003],[-8.60835721199993,42.051533781000046],[-8.863186,41.87206649900003],[-8.866046537999978,42.08649577800003],[-8.788980179999953,42.232478393000065],[-8.829625445999966,42.27709319000007],[-8.78513380499993,42.37155753400003],[-8.83519176699997,42.44875659000007],[-8.726749499999926,42.688251499000046],[-9.004555401999937,42.56618924600008],[-9.012057502999937,42.70065096700006],[-8.985230067999964,42.76376050500005],[-9.148590826999964,42.801857160000054],[-9.135465469999929,42.89773805100003],[-9.247499876999939,42.98967699600007],[-9.13595427599995,43.172530462000054],[-8.860290340999939,43.311668299000075],[-8.27812967999995,43.37328501800005],[-8.296346311999969,43.50286332300004],[-8.240617603999965,43.56789588100003],[-7.91273407999995,43.73815796500003],[-7.699736499999972,43.735114999000075],[-7.46230645199995,43.71544861800004],[-7.259473720999949,43.58379513400007],[-7.031837,43.54447149900005],[-7.16281881499998,43.39074521600003],[-6.944978163999963,43.15887640900007],[-6.852663538999934,43.14577894900003],[-6.937793358999954,43.04134809200008],[-6.824167,42.915012499000056]]]}},{"type":"Feature","properties":{"CNTR_CODE":"ES","LEVL_CODE":2,"NUTS_ID":"ES12","NUTS_NAME":"Principado de Asturias","NAME_LATN":"Principado de Asturias"},"geometry":{"type":"Polygon","coordinates":[[[-4.512301,43.393203999000036],[-4.543418180999936,43.29450191400008],[-4.841038499999968,43.180709499000045],[-4.92143402399995,43.21973639500004],[-5.143378884999947,43.09814691200006],[-5.696574450999947,43.03491689100008],[-5.811156977999929,42.97034104100004],[-6.019390743999963,43.06698873700003],[-6.292144823999934,43.03179708300007],[-6.375875917999963,43.038569291000044],[-6.525656846999937,42.92310835600006],[-6.824167,42.915012499000056],[-6.937793358999954,43.04134809200008],[-6.852663538999934,43.14577894900003],[-6.944978163999963,43.15887640900007],[-7.16281881499998,43.39074521600003],[-7.031837,43.54447149900005],[-6.292144823999934,43.56991312500003],[-5.842845534999981,43.64157703300003],[-5.659813197999938,43.550314496000055],[-5.386460129999932,43.55022598000005],[-5.180438978999973,43.47383628100005],[-4.512301,43.393203999000036]]]}},{"type":"Feature","properties":{"CNTR_CODE":"ES","LEVL_CODE":2,"NUTS_ID":"ES13","NUTS_NAME":"Cantabria","NAME_LATN":"Cantabria"},"geometry":{"type":"Polygon","coordinates":[[[-3.153338,43.35322199900003],[-3.266109323999956,43.25573314400003],[-3.421626140999933,43.24224623500004],[-3.417681499999958,43.133369499000025],[-3.651123106999933,43.15403063800005],[-3.880481122999925,43.031155209000076],[-3.941441698999938,42.95312602000007],[-3.902027663999945,42.89773805100003],[-3.840879884999936,42.81180796800004],[-3.99967,42.76893249900007],[-3.99748352499995,42.801857160000054],[-4.030072717999928,42.801857160000054],[-4.04593,42.76656699900008],[-4.081359,42.76141749900006],[-4.16520094699996,42.801857160000054],[-4.223924193999949,42.89773805100003],[-4.252315652999926,42.94409445200006],[-4.425902169999972,43.041482993000045],[-4.737023,43.02092349900005],[-4.841038499999968,43.180709499000045],[-4.543418180999936,43.29450191400008],[-4.512301,43.393203999000036],[-3.860867324999958,43.482105569000055],[-3.788849719999973,43.43806271600005],[-3.589388528999962,43.50305598800003],[-3.153338,43.35322199900003]]]}},{"type":"Feature","properties":{"CNTR_CODE":"ES","LEVL_CODE":2,"NUTS_ID":"ES21","NUTS_NAME":"Pa\u00eds Vasco","NAME_LATN":"Pa\u00eds Vasco"},"geometry":{"type":"Polygon","coordinates":[[[-2.412847,43.321082999000055],[-2.173186381999926,43.29299140400008],[-2.093750417999956,43.30478500900006],[-1.785978,43.350478999000075],[-1.728903,43.29608899900006],[-2.250807,42.89569099900007],[-2.323995329999946,42.68583101400003],[-2.41559431099995,42.63237665100007],[-2.437602925999954,42.60342518300007],[-2.420719,42.489269499000045],[-2.51435455799998,42.49071047700005],[-2.584358102999943,42.49178777700007],[-2.637846511999953,42.49261092200004],[-2.712272997999946,42.59944718300005],[-2.780276195999932,42.61750184600004],[-2.858117499999935,42.63816849900007],[-2.954997793999951,42.70065096700006],[-3.203665069999943,42.86102769900003],[-3.153163006999932,42.89773805100003],[-3.036989499999947,42.982185499000025],[-3.089023499999939,43.00158299900005],[-3.141396,43.16148349900004],[-3.266027943999973,43.18772341600004],[-3.417681499999958,43.133369499000025],[-3.421626140999933,43.24224623500004],[-3.266109323999956,43.25573314400003],[-3.153338,43.35322199900003],[-2.761132801999963,43.44162675000007],[-2.584358102999943,43.380443994000075],[-2.51435455799998,43.35621535800004],[-2.412847,43.321082999000055]],[[-2.766934270999968,42.667090890000054],[-2.594263810999962,42.65322083800004],[-2.584358102999943,42.69613746600004],[-2.575449509999942,42.734734082000045],[-2.584358102999943,42.738031945000046],[-2.73166664699994,42.79256393500003],[-2.833219540999949,42.794856949000064],[-2.865580147999935,42.739582358000064],[-2.766934270999968,42.667090890000054]]]}},{"type":"Feature","properties":{"CNTR_CODE":"ES","LEVL_CODE":2,"NUTS_ID":"ES22","NUTS_NAME":"Comunidad Foral de Navarra","NAME_LATN":"Comunidad Foral de Navarra"},"geometry":{"type":"MultiPolygon","coordinates":[[[[-1.439704986999971,43.04835926000004],[-1.389270171999954,43.035567858000036],[-1.310213201999943,43.07692469800003],[-1.125289988999953,43.02742989600006],[-0.724501,42.92015849900008],[-0.794247895999945,42.89773805100003],[-0.901080499999978,42.74269099900005],[-1.124003732999938,42.638684417000036],[-1.130172494999954,42.63237665100007],[-1.29636284399993,42.46244144100007],[-1.384766604999925,42.274703783000064],[-1.384999955999945,42.232478393000065],[-1.371598997999968,42.02150474200005],[-1.452008331999934,41.950971623000044],[-1.847183499999971,42.00798799900008],[-1.753373991999979,42.15997401800007],[-1.770753344999946,42.232478393000065],[-1.966790218999961,42.346385198000064],[-2.093750417999956,42.38634877800007],[-2.420719,42.489269499000045],[-2.437602925999954,42.60342518300007],[-2.41559431099995,42.63237665100007],[-2.323995329999946,42.68583101400003],[-2.250807,42.89569099900007],[-1.728903,43.29608899900006],[-1.389270171999954,43.258120391000034],[-1.389270171999954,43.186491071000034],[-1.41898423799995,43.12699502600003],[-1.469002688999979,43.083069624000075],[-1.439704986999971,43.04835926000004]]],[[[-1.037887022999939,42.46276132400004],[-1.061684982999964,42.41416361600005],[-1.175898221999944,42.42710963500008],[-1.105875931999947,42.519690740000044],[-1.037887022999939,42.46276132400004]]]]}},{"type":"Feature","properties":{"CNTR_CODE":"ES","LEVL_CODE":2,"NUTS_ID":"ES23","NUTS_NAME":"La Rioja","NAME_LATN":"La Rioja"},"geometry":{"type":"Polygon","coordinates":[[[-2.584358102999943,42.49178777700007],[-2.51435455799998,42.49071047700005],[-2.420719,42.489269499000045],[-2.093750417999956,42.38634877800007],[-1.966790218999961,42.346385198000064],[-1.770753344999946,42.232478393000065],[-1.753373991999979,42.15997401800007],[-1.847183499999971,42.00798799900008],[-1.85653949999994,41.96638849900006],[-2.053562347999957,41.94178515700003],[-2.093750417999956,41.99327606700007],[-2.169472111999937,42.09029438300007],[-2.350124066999967,42.13629610700008],[-2.486033198999962,42.11362967500003],[-2.51435455799998,42.085351166000066],[-2.584358102999943,42.01545353700004],[-2.775578916999962,42.08663551500007],[-2.913637499999936,42.022838499000045],[-3.092209647999937,42.18653390700007],[-3.064081214999931,42.44875659000007],[-3.089329053999961,42.53558945900005],[-3.059848786999964,42.61750184600004],[-3.026806875999966,42.63490180100007],[-2.858117499999935,42.63816849900007],[-2.780276195999932,42.61750184600004],[-2.712272997999946,42.59944718300005],[-2.637846511999953,42.49261092200004],[-2.584358102999943,42.49178777700007]]]}},{"type":"Feature","properties":{"CNTR_CODE":"ES","LEVL_CODE":2,"NUTS_ID":"ES24","NUTS_NAME":"Arag\u00f3n","NAME_LATN":"Arag\u00f3n"},"geometry":{"type":"Polygon","coordinates":[[[-0.690925462999928,42.89773805100003],[-0.569423024999935,42.81660340900004],[-0.313342,42.849364999000045],[-0.012159521999934,42.699866221000036],[0.261888675000023,42.69995224100006],[0.477755500000058,42.70001999900006],[0.660127,42.69095249900005],[0.71631024200002,42.63237665100007],[0.746826501000044,42.60056083400008],[0.706591634000063,42.48684133300003],[0.730750577000038,42.40026066400003],[0.753377449000027,42.31917062400004],[0.720226634000028,42.232478393000065],[0.578687071000047,41.87796049900004],[0.36855954400005,41.696082095000065],[0.414922342000068,41.55028269700006],[0.335948500000029,41.40743249900004],[0.385724,41.27883949900007],[0.261888675000023,41.12347126000003],[0.220409500000073,41.07142999900003],[0.25578336500007,40.854577891000076],[0.170789500000069,40.73283699900003],[0.059479134000071,40.704132970000046],[-0.182900057999973,40.767509509000035],[-0.354874731999928,40.65654937900007],[-0.298303112999974,40.56567575100007],[-0.316466239999954,40.351321264000035],[-0.40543674099996,40.26119316300003],[-0.538523877999978,40.22952623400005],[-0.627548120999961,40.09007229200006],[-0.843460550999964,39.94552611800003],[-0.797643,39.88107649900007],[-0.870223610999972,39.87549341700003],[-0.976835282999957,39.967973302000075],[-1.142361499999936,39.97185549900007],[-1.165154,40.01010899900007],[-1.15154617099995,40.08954873700003],[-1.285601178999968,40.17801863500006],[-1.448831499999926,40.145358499000054],[-1.806344,40.39824699900004],[-1.676652951999927,40.562780658000065],[-1.555228369999952,40.61296538500005],[-1.617433499999947,40.943740999000056],[-1.829529554999965,41.09796580300008],[-2.05169,41.146857999000076],[-2.093750417999956,41.138024048000034],[-2.133389823999948,41.35288356600006],[-2.083743885999979,41.41364343500004],[-1.975738001999957,41.423482756000055],[-1.958601195999961,41.56778277400008],[-1.81925255799996,41.715204139000036],[-1.85653949999994,41.96638849900006],[-1.847183499999971,42.00798799900008],[-1.452008331999934,41.950971623000044],[-1.371598997999968,42.02150474200005],[-1.384999955999945,42.232478393000065],[-1.384766604999925,42.274703783000064],[-1.29636284399993,42.46244144100007],[-1.130172494999954,42.63237665100007],[-1.124003732999938,42.638684417000036],[-0.901080499999978,42.74269099900005],[-0.794247895999945,42.89773805100003],[-0.724501,42.92015849900008],[-0.690925462999928,42.89773805100003]],[[-1.175898221999944,42.42710963500008],[-1.061684982999964,42.41416361600005],[-1.037887022999939,42.46276132400004],[-1.105875931999947,42.519690740000044],[-1.175898221999944,42.42710963500008]]]}},{"type":"Feature","properties":{"CNTR_CODE":"ES","LEVL_CODE":2,"NUTS_ID":"ES30","NUTS_NAME":"Comunidad de Madrid","NAME_LATN":"Comunidad de Madrid"},"geometry":{"type":"MultiPolygon","coordinates":[[[[-3.166232329999957,40.29360173100008],[-3.067689,40.15788499900003],[-3.161419499999965,40.06489699900004],[-3.353320618999931,40.07408370300004],[-3.696245782999938,39.95456012100004],[-3.717891749999978,39.99073745100003],[-3.625787030999959,40.06064502800007],[-3.622877770999935,40.109660732000066],[-4.049327153999968,40.255812486000025],[-4.184813618999954,40.28518281200007],[-4.309799705999978,40.22763036600003],[-4.385501467999973,40.280418643000075],[-4.503661359999967,40.21121656300005],[-4.579076,40.21719599900007],[-4.336673391999966,40.42282252900003],[-4.30733325999995,40.55691204900006],[-4.160293499999966,40.68985349900004],[-3.983231460999946,40.80500437000006],[-3.90360045999995,40.95166579200003],[-3.539573,41.16499349900005],[-3.407891569999947,41.016737275000025],[-3.483035197999925,40.777092664000065],[-3.215646584999945,40.51482702100003],[-3.150104772999953,40.40126957800004],[-3.166232329999957,40.29360173100008]]],[[[-3.738510221999945,39.94176474000005],[-3.819479350999927,39.85832156600003],[-3.870460808999951,39.90814130500007],[-3.808580206999977,39.98341289000007],[-3.738510221999945,39.94176474000005]]]]}},{"type":"Feature","properties":{"CNTR_CODE":"ES","LEVL_CODE":2,"NUTS_ID":"ES41","NUTS_NAME":"Castilla y Le\u00f3n","NAME_LATN":"Castilla y Le\u00f3n"},"geometry":{"type":"MultiPolygon","coordinates":[[[[-4.841038499999968,43.180709499000045],[-4.737023,43.02092349900005],[-4.425902169999972,43.041482993000045],[-4.252315652999926,42.94409445200006],[-4.223924193999949,42.89773805100003],[-4.16520094699996,42.801857160000054],[-4.081359,42.76141749900006],[-4.04593,42.76656699900008],[-4.030072717999928,42.801857160000054],[-3.99748352499995,42.801857160000054],[-3.99967,42.76893249900007],[-3.840879884999936,42.81180796800004],[-3.902027663999945,42.89773805100003],[-3.941441698999938,42.95312602000007],[-3.880481122999925,43.031155209000076],[-3.651123106999933,43.15403063800005],[-3.417681499999958,43.133369499000025],[-3.266027943999973,43.18772341600004],[-3.141396,43.16148349900004],[-3.089023499999939,43.00158299900005],[-3.036989499999947,42.982185499000025],[-3.153163006999932,42.89773805100003],[-3.203665069999943,42.86102769900003],[-2.954997793999951,42.70065096700006],[-2.858117499999935,42.63816849900007],[-3.026806875999966,42.63490180100007],[-3.059848786999964,42.61750184600004],[-3.089329053999961,42.53558945900005],[-3.064081214999931,42.44875659000007],[-3.092209647999937,42.18653390700007],[-2.913637499999936,42.022838499000045],[-2.775578916999962,42.08663551500007],[-2.584358102999943,42.01545353700004],[-2.51435455799998,42.085351166000066],[-2.486033198999962,42.11362967500003],[-2.350124066999967,42.13629610700008],[-2.169472111999937,42.09029438300007],[-2.093750417999956,41.99327606700007],[-2.053562347999957,41.94178515700003],[-1.85653949999994,41.96638849900006],[-1.81925255799996,41.715204139000036],[-1.958601195999961,41.56778277400008],[-1.975738001999957,41.423482756000055],[-2.083743885999979,41.41364343500004],[-2.133389823999948,41.35288356600006],[-2.093750417999956,41.138024048000034],[-2.40879401199993,41.07185543500003],[-2.51435455799998,41.14030453400005],[-2.584358102999943,41.185697247000064],[-2.700397910999925,41.260941460000026],[-3.207373,41.30424499900005],[-3.539573,41.16499349900005],[-3.90360045999995,40.95166579200003],[-3.983231460999946,40.80500437000006],[-4.160293499999966,40.68985349900004],[-4.30733325999995,40.55691204900006],[-4.336673391999966,40.42282252900003],[-4.579076,40.21719599900007],[-4.728188737999972,40.263031203000025],[-4.967335227999968,40.12748940400007],[-5.336016499999971,40.115855999000075],[-5.365475884999967,40.25194102100005],[-5.55264415299996,40.20663058800005],[-5.73760249999998,40.29416299900004],[-5.810593062999942,40.33987527700003],[-5.971620005999966,40.29929590800003],[-6.197747024999956,40.46952660800008],[-6.34427253399997,40.442105595000044],[-6.608746571999973,40.276987967000025],[-6.865144,40.27069449900006],[-6.800723395999967,40.36111742300005],[-6.812963117999971,40.83497444300008],[-6.929903499999966,41.02946649900008],[-6.808964068999956,41.05535228800005],[-6.689786,41.20524149900007],[-6.479713,41.29437999900006],[-6.444774729999949,41.30352172700003],[-6.415567428999964,41.344960857000046],[-6.34427253399997,41.38045182800005],[-6.206086998999979,41.562923365000074],[-6.309195422999949,41.65699488000007],[-6.519029273999934,41.70671393500004],[-6.603419268999971,41.93173649800008],[-6.985800499999925,41.97144699900008],[-6.968189913999936,42.13342540700006],[-6.816637374999971,42.232478393000065],[-6.784308,42.25360849900005],[-6.752502788999948,42.345616617000076],[-6.821880466999971,42.44875659000007],[-6.841968564999945,42.47862045900007],[-7.076834,42.50812399900008],[-7.010484398999949,42.686152357000026],[-6.824167,42.915012499000056],[-6.525656846999937,42.92310835600006],[-6.375875917999963,43.038569291000044],[-6.292144823999934,43.03179708300007],[-6.019390743999963,43.06698873700003],[-5.811156977999929,42.97034104100004],[-5.696574450999947,43.03491689100008],[-5.143378884999947,43.09814691200006],[-4.92143402399995,43.21973639500004],[-4.841038499999968,43.180709499000045]]],[[[-2.584358102999943,42.69613746600004],[-2.594263810999962,42.65322083800004],[-2.766934270999968,42.667090890000054],[-2.865580147999935,42.739582358000064],[-2.833219540999949,42.794856949000064],[-2.73166664699994,42.79256393500003],[-2.584358102999943,42.738031945000046],[-2.575449509999942,42.734734082000045],[-2.584358102999943,42.69613746600004]]]]}},{"type":"Feature","properties":{"CNTR_CODE":"ES","LEVL_CODE":2,"NUTS_ID":"ES42","NUTS_NAME":"Castilla-La Mancha","NAME_LATN":"Castilla-La Mancha"},"geometry":{"type":"Polygon","coordinates":[[[-2.51435455799998,41.14030453400005],[-2.40879401199993,41.07185543500003],[-2.093750417999956,41.138024048000034],[-2.05169,41.146857999000076],[-1.829529554999965,41.09796580300008],[-1.617433499999947,40.943740999000056],[-1.555228369999952,40.61296538500005],[-1.676652951999927,40.562780658000065],[-1.806344,40.39824699900004],[-1.448831499999926,40.145358499000054],[-1.381719259999954,40.03442853000007],[-1.315943551999965,40.01212981500004],[-1.165154,40.01010899900007],[-1.142361499999936,39.97185549900007],[-1.206563410999934,39.94552611800003],[-1.21867122499998,39.81642640000007],[-1.315943551999965,39.671361114000035],[-1.49228517499995,39.55638430300007],[-1.505146499999967,39.41801449900004],[-1.195562407999944,39.28227607400004],[-1.218018067999935,39.04907153900007],[-1.125289988999953,38.94007386800007],[-0.955167963999941,38.924093447000075],[-0.928884499999924,38.783839999000065],[-0.940015948999928,38.69739639000005],[-1.02687,38.65550949900006],[-1.125289988999953,38.71054637800006],[-1.179208327999959,38.740697744000045],[-1.315943551999965,38.69259993600008],[-1.434000093999941,38.64768911300007],[-1.530953816999954,38.34596721100007],[-1.639295462999939,38.31444245900008],[-1.756662795999944,38.365026698000065],[-2.049718952999967,38.28956276800005],[-2.093750417999956,38.24980652200003],[-2.341602,38.02601999900003],[-2.51435455799998,38.07388799300003],[-2.551274,38.08411799900006],[-2.51435455799998,38.13144134400005],[-2.447911474999955,38.22355501100003],[-2.491088833999925,38.37250489400003],[-2.51435455799998,38.40214304300008],[-2.584358102999943,38.47658698200007],[-2.762069,38.53277949900007],[-2.893074572999978,38.46213046100007],[-3.348006253999927,38.46674064000007],[-3.460458978999952,38.410879496000064],[-4.214013387999955,38.39396172600004],[-4.268895,38.34721299900008],[-5.046996,38.729133499000056],[-4.850005591999945,38.90782192200004],[-4.944213275999971,39.03994563300006],[-4.728304631999947,39.22248442100005],[-4.687733,39.45033649900006],[-4.755411,39.415759999000045],[-4.940783499999952,39.39516449900003],[-4.952554499999962,39.395038499000066],[-5.184073914999942,39.59249315100004],[-5.163410554999928,39.77069068700007],[-5.287461838999945,39.769076479000034],[-5.382560568999963,39.94552611800003],[-5.336016499999971,40.115855999000075],[-4.967335227999968,40.12748940400007],[-4.728188737999972,40.263031203000025],[-4.579076,40.21719599900007],[-4.503661359999967,40.21121656300005],[-4.385501467999973,40.280418643000075],[-4.309799705999978,40.22763036600003],[-4.184813618999954,40.28518281200007],[-4.049327153999968,40.255812486000025],[-3.622877770999935,40.109660732000066],[-3.625787030999959,40.06064502800007],[-3.717891749999978,39.99073745100003],[-3.696245782999938,39.95456012100004],[-3.353320618999931,40.07408370300004],[-3.161419499999965,40.06489699900004],[-3.067689,40.15788499900003],[-3.166232329999957,40.29360173100008],[-3.150104772999953,40.40126957800004],[-3.215646584999945,40.51482702100003],[-3.483035197999925,40.777092664000065],[-3.407891569999947,41.016737275000025],[-3.539573,41.16499349900005],[-3.207373,41.30424499900005],[-2.700397910999925,41.260941460000026],[-2.584358102999943,41.185697247000064],[-2.51435455799998,41.14030453400005]],[[-3.738510221999945,39.94176474000005],[-3.808580206999977,39.98341289000007],[-3.870460808999951,39.90814130500007],[-3.819479350999927,39.85832156600003],[-3.738510221999945,39.94176474000005]]]}},{"type":"Feature","properties":{"CNTR_CODE":"ES","LEVL_CODE":2,"NUTS_ID":"ES43","NUTS_NAME":"Extremadura","NAME_LATN":"Extremadura"},"geometry":{"type":"Polygon","coordinates":[[[-6.197747024999956,40.46952660800008],[-5.971620005999966,40.29929590800003],[-5.810593062999942,40.33987527700003],[-5.73760249999998,40.29416299900004],[-5.55264415299996,40.20663058800005],[-5.365475884999967,40.25194102100005],[-5.336016499999971,40.115855999000075],[-5.382560568999963,39.94552611800003],[-5.287461838999945,39.769076479000034],[-5.163410554999928,39.77069068700007],[-5.184073914999942,39.59249315100004],[-4.952554499999962,39.395038499000066],[-4.940783499999952,39.39516449900003],[-4.755411,39.415759999000045],[-4.687733,39.45033649900006],[-4.728304631999947,39.22248442100005],[-4.944213275999971,39.03994563300006],[-4.850005591999945,38.90782192200004],[-5.046996,38.729133499000056],[-5.163197674999935,38.71171944300005],[-5.547784471999933,38.436986958000034],[-5.534566687999927,38.214601035000044],[-5.584845499999972,38.13175199900007],[-5.694235317999926,38.103283340000075],[-5.717348002999927,38.18213302200007],[-5.820868460999975,38.17092030800006],[-5.964463952999949,38.00907635800007],[-6.180307499999969,37.94107799900007],[-6.34427253399997,38.002142106000065],[-6.561083878999966,38.02828107700003],[-6.931738499999938,38.20837799900005],[-7.107952499999953,38.18812149900003],[-7.308408654999937,38.45817209200004],[-7.203135,38.751017499000056],[-7.06796765699994,38.84592828900003],[-6.967525686999977,39.03183290000004],[-7.126447189999965,39.12279748800006],[-7.231467,39.27843099900008],[-7.314887160999945,39.45588890500005],[-7.542929,39.662814999000034],[-7.023889292999968,39.68647085900005],[-6.878291647999959,39.97527314900003],[-7.005429124999978,40.160101448000034],[-6.95129849999995,40.257445999000026],[-6.865144,40.27069449900006],[-6.608746571999973,40.276987967000025],[-6.34427253399997,40.442105595000044],[-6.197747024999956,40.46952660800008]]]}},{"type":"Feature","properties":{"CNTR_CODE":"SE","LEVL_CODE":2,"NUTS_ID":"SE12","NUTS_NAME":"\u00d6stra Mellansverige","NAME_LATN":"\u00d6stra Mellansverige"},"geometry":{"type":"Polygon","coordinates":[[[17.576802333000046,60.629242763000036],[17.67401181400004,60.55006519600005],[17.96189363900004,60.61365371100004],[18.083550556000034,60.45673543700008],[18.32428268700005,60.36152672400004],[18.443855,60.47546617800003],[18.613972055000033,60.31095560800003],[18.513265500000045,60.14808899900004],[18.371819172000073,59.87609932400005],[18.247526879000077,59.83396193500005],[18.144311421000054,59.82109505300008],[18.05839506800004,59.744257677000064],[17.60289539300004,59.67364064900005],[17.533615412000074,59.62183005700007],[17.542275678000067,59.53866988400006],[17.479033239000046,59.50552832300008],[17.489673930000038,59.44707211600007],[17.444820967000055,59.44371938200004],[17.416126500000075,59.38413999900007],[17.268497547000038,59.21127881100006],[17.346089574000075,59.024159663000034],[17.444820967000055,58.99012972400004],[17.572396,58.950852499000064],[17.58207873300006,58.86297005900008],[17.505017079000027,58.76200393800008],[17.216100663000077,58.71873512800005],[17.217061858000022,58.632205154000076],[17.070904892000044,58.67117256600005],[16.75066350000003,58.62693199900008],[16.904966321000074,58.52162280400006],[16.972452755000063,58.410650401000055],[16.921428259000038,58.34256532900008],[16.999466126000073,58.23402613400003],[16.666683500000033,57.99607649900008],[16.392909874000054,58.12489982400007],[16.087736437000046,58.08201941400006],[16.01467748300007,58.034437396000044],[16.053380635000053,57.90702628200006],[16.017710616000045,57.83448004400003],[15.630625204000069,57.84929803300008],[15.421051,57.70487949900007],[15.150116904000072,57.72204128900006],[15.075537315000076,57.83476095200007],[15.007365955000068,57.91378698400007],[15.053367526000045,58.00805958900003],[14.985996189000048,58.12560342800003],[14.64082815100005,58.097086895000075],[14.485942765000061,58.12819947600008],[14.41671,58.18724049900004],[14.778936500000043,58.645992499000045],[14.64082815100005,58.73761031600003],[14.494907071000057,58.717302833000076],[14.295995,59.01277949900003],[14.305534592000072,59.26408303000005],[14.44577507300005,59.43682388900004],[14.420089258000075,59.877890611000055],[14.375589289000061,59.929473544000075],[14.437155500000074,60.02616099900007],[14.698914841000033,60.01291663000006],[14.863672629000064,60.08197951200003],[15.186535283000069,59.99555950100006],[15.422092500000076,59.85474749900004],[15.689852398000028,59.97510123900008],[15.823411080000028,60.165315511000074],[16.28353314800006,60.085314820000065],[16.703831,60.19572049900006],[17.16302313500006,60.29691880100006],[17.370218,60.654461499000035],[17.576802333000046,60.629242763000036]]]}},{"type":"Feature","properties":{"CNTR_CODE":"SE","LEVL_CODE":2,"NUTS_ID":"SE21","NUTS_NAME":"Sm\u00e5land med \u00f6arna","NAME_LATN":"Sm\u00e5land med \u00f6arna"},"geometry":{"type":"MultiPolygon","coordinates":[[[[19.354846055000053,57.930898408000076],[19.258275969000067,57.905086708000056],[19.231279250000057,57.95905292400005],[19.318230175000053,58.022039035000034],[19.354846055000053,57.930898408000076]]],[[[19.300741205000065,58.32819724900003],[19.200144342000044,58.32769467300005],[19.170146928000065,58.37921540900004],[19.19210100600003,58.40690342100004],[19.31431291800004,58.37548523700008],[19.300741205000065,58.32819724900003]]],[[[19.180238361000022,57.94157725600007],[19.11645304700005,57.83462493700006],[18.789401268000063,57.64895997000008],[18.77523542800003,57.494053877000056],[18.89950572600003,57.417984313000034],[18.36568955000007,57.09297409900006],[18.329539117000024,56.964578853000035],[18.215221624000037,56.917990290000034],[18.16871096600005,56.940142466000054],[18.20573573400003,57.106946297000036],[18.151424227000064,57.16763201500004],[18.11775009300004,57.26729944900006],[18.17404109900008,57.36971258400007],[18.120096465000074,57.52357149200003],[18.44911428300003,57.79939455400006],[18.704593885000065,57.91147744700004],[18.797936136000033,57.87688021000008],[19.160418734000075,57.96820173000003],[19.180238361000022,57.94157725600007]]],[[[16.502249904000053,56.273218909000036],[16.418602752000027,56.211649857000054],[16.377914572000066,56.51649775200008],[16.534588378000024,56.76423284200007],[16.72008330700004,56.90480648600004],[16.91867715500007,57.167354929000055],[16.977749050000057,57.296759835000046],[17.066181353000047,57.34784950100004],[17.092352670000025,57.31377828800004],[17.042112745000054,57.167354929000055],[16.634385589000033,56.51649775200008],[16.502249904000053,56.273218909000036]]],[[[14.485942765000061,58.12819947600008],[14.64082815100005,58.097086895000075],[14.985996189000048,58.12560342800003],[15.053367526000045,58.00805958900003],[15.007365955000068,57.91378698400007],[15.075537315000076,57.83476095200007],[15.150116904000072,57.72204128900006],[15.421051,57.70487949900007],[15.630625204000069,57.84929803300008],[16.017710616000045,57.83448004400003],[16.053380635000053,57.90702628200006],[16.01467748300007,58.034437396000044],[16.087736437000046,58.08201941400006],[16.392909874000054,58.12489982400007],[16.666683500000033,57.99607649900008],[16.806809327000053,57.93376944400006],[16.72751623100004,57.781489072000056],[16.737615711000046,57.523918078000065],[16.488959273000035,57.190216459000055],[16.551485988000024,57.11052976700006],[16.448194469000043,56.979792478000036],[16.35372859100005,56.68628344000007],[16.064293505000023,56.328602431000036],[15.882541982000077,56.318120417000046],[15.573235041000032,56.48524436000008],[15.363503500000036,56.482375999000055],[14.885337178000043,56.375099660000046],[14.514669500000025,56.46003699900007],[14.09333188100004,56.51679631500008],[13.46263650000003,56.42818849900004],[13.31376049000005,56.81165118900003],[13.63831250100003,56.910927980000054],[13.681201,56.97211449900004],[13.436828521000052,57.10453754900004],[13.12858245600006,57.04681745700003],[13.100760500000035,57.145515499000055],[13.652162003000058,57.55227465200005],[13.773645791000035,58.01293906700005],[14.009894648000056,58.02698331700003],[14.171326513000054,58.13655669900004],[14.41671,58.18724049900004],[14.485942765000061,58.12819947600008]]]]}},{"type":"Feature","properties":{"CNTR_CODE":"SE","LEVL_CODE":2,"NUTS_ID":"SE22","NUTS_NAME":"Sydsverige","NAME_LATN":"Sydsverige"},"geometry":{"type":"MultiPolygon","coordinates":[[[[14.514669500000025,56.46003699900007],[14.885337178000043,56.375099660000046],[15.363503500000036,56.482375999000055],[15.573235041000032,56.48524436000008],[15.882541982000077,56.318120417000046],[16.064293505000023,56.328602431000036],[16.018407980000063,56.22753938100004],[15.79052043300004,56.065264038000066],[15.604585343000053,56.18577920300004],[15.34556191200005,56.12726303100004],[14.761312648000057,56.140180290000046],[14.683370989000025,56.011201766000056],[14.546399500000064,56.06131749900004],[14.23449461100006,55.83141563000004],[14.222006670000042,55.73255913200006],[14.321701355000073,55.55523358100004],[14.20152209500003,55.41363316400003],[13.715765882000028,55.41811785900006],[13.340418060000047,55.34822520600005],[13.024135907000073,55.40745341300004],[12.927694698000039,55.54001716700003],[13.014289703000031,55.70490251500007],[12.548190692000048,56.22503391200007],[12.77585562400003,56.24344544200005],[12.704153176000034,56.41591078200008],[12.899313,56.44900449900007],[12.98293661100007,56.37116732800007],[13.18680772700003,56.336715963000074],[13.46263650000003,56.42818849900004],[14.09333188100004,56.51679631500008],[14.514669500000025,56.46003699900007]]],[[[12.904016119000062,55.37422569800003],[12.831499760000042,55.35351304300008],[12.789361778000057,55.410444694000034],[12.888872669000023,55.47615487100006],[12.904016119000062,55.37422569800003]]]]}},{"type":"Feature","properties":{"CNTR_CODE":"SE","LEVL_CODE":2,"NUTS_ID":"SE23","NUTS_NAME":"V\u00e4stsverige","NAME_LATN":"V\u00e4stsverige"},"geometry":{"type":"Polygon","coordinates":[[[12.196982396000067,59.25369077100004],[12.534687487000042,59.12183969700004],[12.692684788000065,59.16176595400003],[12.903795755000033,58.824813653000035],[13.245178535000036,58.731577575000074],[13.358313133000024,58.74840984700006],[13.416028358000062,58.938897878000034],[13.593226136000055,59.05129011100007],[14.295995,59.01277949900003],[14.494907071000057,58.717302833000076],[14.64082815100005,58.73761031600003],[14.778936500000043,58.645992499000045],[14.41671,58.18724049900004],[14.171326513000054,58.13655669900004],[14.009894648000056,58.02698331700003],[13.773645791000035,58.01293906700005],[13.652162003000058,57.55227465200005],[13.100760500000035,57.145515499000055],[13.12858245600006,57.04681745700003],[13.436828521000052,57.10453754900004],[13.681201,56.97211449900004],[13.63831250100003,56.910927980000054],[13.31376049000005,56.81165118900003],[13.46263650000003,56.42818849900004],[13.18680772700003,56.336715963000074],[12.98293661100007,56.37116732800007],[12.899313,56.44900449900007],[12.90292497400003,56.619135595000046],[12.734285210000053,56.67084805700006],[12.567285523000066,56.84103329700008],[12.377520294000021,56.92605273100003],[12.225770634000071,57.16136943400005],[12.13498136000004,57.23710492300006],[12.093112119000068,57.410791188000076],[11.93204068800003,57.37759255600008],[11.922900500000026,57.56222299900003],[11.85449557800007,57.61909140700004],[11.760844582000061,57.56828290800007],[11.731760743000052,57.723511390000056],[11.582104634000075,57.72816243600005],[11.655997187000025,57.857443802000034],[11.503370645000075,57.99487679400005],[11.395420645000058,58.25715643800004],[11.232388780000065,58.397921702000076],[11.223451708000027,58.72883538100007],[11.131906351000055,58.971667772000046],[11.285869447000039,59.075266371000055],[11.460827,58.98865849900005],[11.483573179000075,58.89209632900008],[11.636160855000071,58.910987764000026],[11.779877295000063,59.18539418900008],[11.826196500000037,59.23784999900005],[11.929909202000033,59.22688907600008],[12.067206830000032,59.196800461000066],[12.196982396000067,59.25369077100004]]]}},{"type":"Feature","properties":{"CNTR_CODE":"SE","LEVL_CODE":2,"NUTS_ID":"SE31","NUTS_NAME":"Norra Mellansverige","NAME_LATN":"Norra Mellansverige"},"geometry":{"type":"Polygon","coordinates":[[[17.35677469700005,61.85951977800005],[17.485802985000078,61.671145945000035],[17.429274957000075,61.638042202000065],[17.259918479000078,61.68796176700005],[17.113986734000036,61.54367328700005],[17.178885367000078,61.07045929000003],[17.370218,60.654461499000035],[17.16302313500006,60.29691880100006],[16.703831,60.19572049900006],[16.28353314800006,60.085314820000065],[15.823411080000028,60.165315511000074],[15.689852398000028,59.97510123900008],[15.422092500000076,59.85474749900004],[15.186535283000069,59.99555950100006],[14.863672629000064,60.08197951200003],[14.698914841000033,60.01291663000006],[14.437155500000074,60.02616099900007],[14.375589289000061,59.929473544000075],[14.420089258000075,59.877890611000055],[14.44577507300005,59.43682388900004],[14.305534592000072,59.26408303000005],[14.295995,59.01277949900003],[13.593226136000055,59.05129011100007],[13.416028358000062,58.938897878000034],[13.358313133000024,58.74840984700006],[13.245178535000036,58.731577575000074],[12.903795755000033,58.824813653000035],[12.692684788000065,59.16176595400003],[12.534687487000042,59.12183969700004],[12.196982396000067,59.25369077100004],[12.067206830000032,59.196800461000066],[11.929909202000033,59.22688907600008],[11.826196500000037,59.23784999900005],[11.723438830000077,59.574394658000074],[11.906997733000026,59.69097567600005],[11.926970500000039,59.79047599900008],[11.839729,59.84076699900004],[12.203635854000026,59.91316586800008],[12.475059103000035,60.101479081000036],[12.587783784000067,60.496012248000056],[12.26890300100007,60.99077621200007],[12.670176500000025,61.05597649900005],[12.841196769000021,61.27867562800003],[12.844670429000075,61.368724874000065],[12.615453682000066,61.53535788000005],[12.401988750000044,61.577236363000054],[12.155789999000035,61.72852776900004],[12.29937,62.26749399900007],[12.795557763000033,62.21245918200003],[13.047940484000037,62.05441217900005],[13.280072843000028,62.03968261400007],[13.275654719000045,61.90919241100005],[13.555044144000021,61.65682067800003],[14.447561500000063,61.594947999000055],[14.537421374000076,61.78728225900005],[14.64082815100005,61.87134140200004],[15.082387304000065,61.84299024000006],[15.115255765000029,61.99619925300004],[15.408290561000058,62.12366201600008],[15.32733950000005,62.272083499000075],[15.60900246400007,62.340029051000045],[16.174377466000067,62.24098638300006],[17.448433926000064,62.141587135000066],[17.489299500000072,62.13695049900008],[17.35677469700005,61.85951977800005]]]}},{"type":"Feature","properties":{"CNTR_CODE":"HU","LEVL_CODE":2,"NUTS_ID":"HU23","NUTS_NAME":"D\u00e9l-Dun\u00e1nt\u00fal","NAME_LATN":"D\u00e9l-Dun\u00e1nt\u00fal"},"geometry":{"type":"Polygon","coordinates":[[[18.556789752000043,46.77008605900005],[18.66163896000006,46.703795754000055],[18.925097,46.85716849900007],[18.98602642000003,46.703095028000064],[18.896634265000046,46.62440585000007],[18.91101624500004,46.29441523600008],[18.802291,46.10876499900007],[18.757288518000053,46.05438186400005],[18.846203399000046,46.01095466600003],[18.821306,45.914382999000054],[18.66145988100004,45.89841249800003],[18.438624503000028,45.75378896500007],[17.912089500000036,45.79078049900005],[17.651499,45.84783549900004],[17.555519823000054,45.931189234000044],[17.294325,45.98854449900006],[17.151848464000068,46.160329080000054],[16.876043500000037,46.320602499000074],[16.998469756000077,46.31716766800008],[17.180089476000035,46.43897641400008],[17.24677495700007,46.69850402000003],[17.41906750000004,46.75065649900006],[18.20524850000004,46.971632499000066],[18.210897500000044,46.77816099900008],[18.556789752000043,46.77008605900005]]]}},{"type":"Feature","properties":{"CNTR_CODE":"HU","LEVL_CODE":2,"NUTS_ID":"HU31","NUTS_NAME":"\u00c9szak-Magyarorsz\u00e1g","NAME_LATN":"\u00c9szak-Magyarorsz\u00e1g"},"geometry":{"type":"Polygon","coordinates":[[[21.424652714000047,48.57472258800004],[21.606909444000053,48.49457625200006],[21.747119476000023,48.353145045000076],[22.12107750000007,48.37831149900006],[21.919981160000077,48.25072795800003],[21.493993974000034,48.17295752100006],[21.39181702600007,48.03867975500003],[21.128785391000065,48.03062782500007],[21.122181,47.96182699900004],[21.032119585000032,47.77035947000007],[20.829964086000075,47.66731240200005],[20.77169850000007,47.654475999000056],[20.412959770000043,47.45003762500005],[19.968949045000045,47.663359686000035],[19.666329500000074,47.58854949900007],[19.607179104000068,47.66731240200005],[19.570937,47.73489949900005],[19.483385603000045,47.720701948000055],[19.395224964000022,47.81356965200007],[19.049451198000042,47.87914249600004],[18.966113105000034,47.93555721800004],[18.98219412700007,48.015245564000054],[18.928392,48.05683249900005],[19.01432250000005,48.077736499000025],[19.45106339000006,48.10077748900005],[19.613230799000064,48.23544227000008],[19.913020302000064,48.14550817000003],[20.051879,48.167703999000025],[20.299381899000025,48.286521924000056],[20.463937,48.463966999000036],[20.540580138000053,48.53625740600006],[20.775816125000063,48.573506604000045],[21.125558485000056,48.50518557400005],[21.424652714000047,48.57472258800004]]]}},{"type":"Feature","properties":{"CNTR_CODE":"HU","LEVL_CODE":2,"NUTS_ID":"HU32","NUTS_NAME":"\u00c9szak-Alf\u00f6ld","NAME_LATN":"\u00c9szak-Alf\u00f6ld"},"geometry":{"type":"Polygon","coordinates":[[[22.041073100000062,47.52208987300003],[22.01472075600003,47.39794173300004],[21.658955,47.02213149900007],[21.505820278000044,46.95246395800007],[21.30255054500003,47.00027224400003],[21.25081861500007,47.04071298500003],[21.28098701500005,47.139625841000054],[20.992097500000057,47.23228749900005],[20.727005320000046,47.023320881000075],[20.693080472000076,46.930540955000026],[20.468866779000052,46.89783977600007],[20.424265500000047,46.80347049900007],[20.222998654000037,46.79367549800003],[20.061162500000023,46.80639049900003],[20.136036914000044,46.92648120300004],[20.094687,47.00740749900007],[20.080373328000064,47.192426011000066],[19.985503492000078,47.335830900000076],[19.666329500000074,47.58854949900007],[19.968949045000045,47.663359686000035],[20.412959770000043,47.45003762500005],[20.77169850000007,47.654475999000056],[20.829964086000075,47.66731240200005],[21.032119585000032,47.77035947000007],[21.122181,47.96182699900004],[21.128785391000065,48.03062782500007],[21.39181702600007,48.03867975500003],[21.493993974000034,48.17295752100006],[21.919981160000077,48.25072795800003],[22.12107750000007,48.37831149900006],[22.155306,48.40339649900005],[22.505401584000026,48.23160599800008],[22.616683504000036,48.10838246700007],[22.827004102000046,48.09717445300004],[22.89627050000007,47.954120499000055],[22.667929489000073,47.79513943100005],[22.466854351000052,47.78862331000005],[22.22183771500005,47.66731240200005],[22.180837500000052,47.60009449900008],[22.12832,47.598089499000025],[22.041073100000062,47.52208987300003]]]}},{"type":"Feature","properties":{"CNTR_CODE":"HU","LEVL_CODE":2,"NUTS_ID":"HU33","NUTS_NAME":"D\u00e9l-Alf\u00f6ld","NAME_LATN":"D\u00e9l-Alf\u00f6ld"},"geometry":{"type":"Polygon","coordinates":[[[21.30255054500003,47.00027224400003],[21.505820278000044,46.95246395800007],[21.658955,47.02213149900007],[21.441398,46.651466999000036],[21.315651528000046,46.59908536900008],[21.29705473200005,46.43146230900004],[21.16051967800007,46.31083094500008],[21.036237819000064,46.251000144000045],[20.7756,46.27590999900008],[20.70530350000007,46.160937499000056],[20.264296,46.12637349900007],[20.222998654000037,46.13130878900006],[19.86539,46.15033449900005],[19.698099,46.18793099900006],[19.571725179000055,46.16713494500004],[19.30270950000005,45.99155049900003],[19.11429428200006,46.01724137700006],[19.02890545500003,45.93916060400005],[18.889734,45.92118049900006],[18.821306,45.914382999000054],[18.846203399000046,46.01095466600003],[18.757288518000053,46.05438186400005],[18.802291,46.10876499900007],[18.91101624500004,46.29441523600008],[18.896634265000046,46.62440585000007],[18.98602642000003,46.703095028000064],[18.925097,46.85716849900007],[18.96590750000007,47.02896449900004],[19.246415945000024,47.119522062000044],[19.34062158000006,47.02846391500003],[19.551849229000027,47.11562286700007],[19.792203478000033,46.95454437300003],[20.094687,47.00740749900007],[20.136036914000044,46.92648120300004],[20.061162500000023,46.80639049900003],[20.222998654000037,46.79367549800003],[20.424265500000047,46.80347049900007],[20.468866779000052,46.89783977600007],[20.693080472000076,46.930540955000026],[20.727005320000046,47.023320881000075],[20.992097500000057,47.23228749900005],[21.28098701500005,47.139625841000054],[21.25081861500007,47.04071298500003],[21.30255054500003,47.00027224400003]]]}},{"type":"Feature","properties":{"CNTR_CODE":"IE","LEVL_CODE":2,"NUTS_ID":"IE04","NUTS_NAME":"Northern and Western","NAME_LATN":"Northern and Western"},"geometry":{"type":"MultiPolygon","coordinates":[[[[-7.057171747999973,55.24813246800005],[-7.256068499999969,55.06703499900004],[-7.613178853999955,54.75471984700005],[-7.81935679399993,54.70082011400007],[-7.703411499999959,54.60828799900003],[-8.00160718199993,54.532042180000076],[-8.132261244999938,54.44416445500008],[-8.102827109999964,54.40931488200005],[-7.847085935999928,54.228213234000066],[-7.611773009999979,54.14701449900008],[-7.301324019999981,54.13238808500006],[-7.16405475199997,54.23726336700008],[-7.18851049999995,54.33768099900004],[-7.023680297999931,54.40623325900003],[-6.864229499999965,54.33016549900003],[-6.79000393299998,54.213241518000075],[-6.643909,54.18001949900008],[-6.65434516199997,54.09137306000008],[-6.594991,54.044673999000054],[-6.592351546999964,53.97589237500006],[-6.904359114999977,53.87722226800008],[-6.986596566999935,53.780664830000035],[-7.343828499999972,53.79906249900006],[-7.44068062599996,53.79681709700003],[-7.611773009999979,53.93729445400004],[-7.803608094999959,53.82565225700006],[-7.918767,53.82148599900006],[-7.908244990999947,53.75158211000007],[-8.001718324999956,53.631050145000074],[-7.944478643999958,53.39723834000006],[-8.02171044299996,53.20252254400003],[-8.081456499999945,53.16688449900005],[-8.362905782999974,52.97988485500008],[-8.586766092999937,53.03575255900006],[-8.743042526999943,53.001905624000074],[-8.855604037999967,52.98148011200004],[-8.894857369999954,53.06144070700003],[-9.009308499999975,53.140817499000036],[-9.003816222999944,53.20252254400003],[-9.04736907299997,53.25951592000007],[-9.71415940199995,53.24504488700006],[-9.847894356999973,53.31331037600006],[-9.875069310999947,53.40425111600007],[-10.086539737999942,53.42153922500006],[-10.13832969699996,53.497800805000054],[-10.068964237999978,53.58334539400005],[-9.909424404999982,53.62067929800003],[-9.88806408399995,53.75209001200005],[-9.684064831999933,53.827683395000065],[-9.731014074999962,53.88578589100007],[-9.938730979999946,53.880386215000044],[-10.062915862999944,53.95912648500007],[-10.038752124999974,54.00014349800006],[-9.870666592999953,53.99280439100005],[-9.964420252999957,54.19364568300006],[-10.055881137999961,54.21714259300006],[-10.039590486999941,54.25870976700003],[-9.69483280199995,54.321793365000076],[-9.348637588999964,54.31177682900005],[-9.132258499999978,54.162360499000044],[-8.98049348099994,54.270388153000056],[-8.665670173999956,54.283537902000035],[-8.58659597299993,54.38432526100007],[-8.271361127999967,54.54106283500005],[-8.283115244999976,54.607527032000064],[-8.624585202999981,54.62594694000006],[-8.748207485999956,54.68720297300007],[-8.464471279999941,54.84587538000005],[-8.418809580999948,55.00042933800006],[-8.27949502499996,55.12615919000007],[-7.681623813999977,55.23078763600006],[-7.526508965999938,55.07197530600007],[-7.480316974999937,55.24583797400004],[-7.376332487999946,55.31587537100006],[-7.057171747999973,55.24813246800005]]],[[[-8.467845610999973,54.99410865200008],[-8.547347629999933,54.93943636300003],[-8.603095116999953,55.04214538700006],[-8.545104660999925,55.05797034300008],[-8.467845610999973,54.99410865200008]]],[[[-10.117817757999944,54.030045561000065],[-10.135028588999944,53.927875921000066],[-10.223766336999972,53.98067867900005],[-10.214056697999979,54.04338512100003],[-10.117817757999944,54.030045561000065]]]]}},{"type":"Feature","properties":{"CNTR_CODE":"IE","LEVL_CODE":2,"NUTS_ID":"IE05","NUTS_NAME":"Southern","NAME_LATN":"Southern"},"geometry":{"type":"MultiPolygon","coordinates":[[[[-7.935817325999949,53.08486393800007],[-8.011766264999949,52.88352703000004],[-7.759200152999938,52.959563477000074],[-7.674081,52.78129399900007],[-7.198364614999946,52.87639984600003],[-7.000094161999925,52.81631604900008],[-6.939413,52.88005449900004],[-6.586240462999967,52.873774524000055],[-6.563790755999946,52.83357651700004],[-6.63716919899997,52.765884553000035],[-6.554197384999952,52.70633531000004],[-6.283510772999932,52.77681777600003],[-6.144516499999952,52.73769649900004],[-6.292144823999934,52.46621295800003],[-6.347841324999933,52.412407391000045],[-6.364139975999933,52.37343740600005],[-6.430304327999977,52.32189645400007],[-6.336784893999948,52.23783246100004],[-6.376116431999947,52.18437382600007],[-6.96142638799995,52.21465112200008],[-7.027926437999952,52.14338429400004],[-7.417821710999931,52.12548893600007],[-7.574865357999954,52.08147288600003],[-7.628545971999927,51.98749089800003],[-7.842156,51.954218499000035],[-8.690802736999956,51.604475285000035],[-9.32683263499996,51.49265299700005],[-9.590504924999948,51.54616691600006],[-9.651708724999935,51.678208479000034],[-10.00575817999993,51.64433439800007],[-10.023413342999959,51.77153047100006],[-10.290261132999944,51.864402580000046],[-10.061886242999947,52.08056502100004],[-10.297012243999973,52.145656720000034],[-10.289876014999948,52.21511689400006],[-9.936112954999942,52.26618194400004],[-9.795253693999939,52.47224380700004],[-9.59796829499993,52.555468191000045],[-9.365192,52.57212449900004],[-9.658310577999941,52.65324039600006],[-9.298711654999977,53.07907374200005],[-9.009308499999975,53.140817499000036],[-8.894857369999954,53.06144070700003],[-8.855604037999967,52.98148011200004],[-8.743042526999943,53.001905624000074],[-8.586766092999937,53.03575255900006],[-8.362905782999974,52.97988485500008],[-8.081456499999945,53.16688449900005],[-7.935817325999949,53.08486393800007]]],[[[-9.683718117999945,51.46999949600007],[-9.768662372999927,51.44632260800006],[-9.81648247499993,51.48306172400004],[-9.756516975999943,51.53630364900005],[-9.693881722999947,51.53467599600003],[-9.683718117999945,51.46999949600007]]]]}},{"type":"Feature","properties":{"CNTR_CODE":"IE","LEVL_CODE":2,"NUTS_ID":"IE06","NUTS_NAME":"Eastern and Midland","NAME_LATN":"Eastern and Midland"},"geometry":{"type":"Polygon","coordinates":[[[-6.253014474999929,53.82613802800006],[-6.214899499999945,53.633406999000044],[-6.096966245999965,53.55160871000004],[-6.170843326999943,53.329773500000044],[-6.102773,53.21077299900003],[-6.030545013999927,52.95651584600006],[-6.144516499999952,52.73769649900004],[-6.283510772999932,52.77681777600003],[-6.554197384999952,52.70633531000004],[-6.63716919899997,52.765884553000035],[-6.563790755999946,52.83357651700004],[-6.586240462999967,52.873774524000055],[-6.939413,52.88005449900004],[-7.000094161999925,52.81631604900008],[-7.198364614999946,52.87639984600003],[-7.674081,52.78129399900007],[-7.759200152999938,52.959563477000074],[-8.011766264999949,52.88352703000004],[-7.935817325999949,53.08486393800007],[-8.081456499999945,53.16688449900005],[-8.02171044299996,53.20252254400003],[-7.944478643999958,53.39723834000006],[-8.001718324999956,53.631050145000074],[-7.908244990999947,53.75158211000007],[-7.918767,53.82148599900006],[-7.803608094999959,53.82565225700006],[-7.611773009999979,53.93729445400004],[-7.44068062599996,53.79681709700003],[-7.343828499999972,53.79906249900006],[-6.986596566999935,53.780664830000035],[-6.904359114999977,53.87722226800008],[-6.592351546999964,53.97589237500006],[-6.594991,54.044673999000054],[-6.268015499999933,54.102336999000045],[-6.19078292599994,54.016743648000045],[-6.358645299999978,53.948967964000076],[-6.253014474999929,53.82613802800006]]]}},{"type":"Feature","properties":{"CNTR_CODE":"IT","LEVL_CODE":2,"NUTS_ID":"ITC1","NUTS_NAME":"Piemonte","NAME_LATN":"Piemonte"},"geometry":{"type":"Polygon","coordinates":[[[8.84291550000006,45.393840999000076],[8.694472867000059,45.30663252100004],[8.585793066000065,45.34981176800005],[8.51356,45.313278499000035],[8.547797500000058,45.16814749900004],[8.674460544000056,45.04578940300007],[8.900284198000065,45.01266987100007],[9.200074,44.68609949900008],[9.202995500000043,44.61347649900006],[9.134520917000032,44.575176499000065],[8.945225939000068,44.66790072800006],[8.889633667000055,44.56981415700005],[8.644384084000023,44.57841901900008],[8.576182,44.50920599900007],[8.261596,44.51942449900008],[8.252819500000044,44.52874049900004],[8.015629500000045,44.11067649900008],[7.771223081000073,44.13028884600004],[7.714236500000027,44.06151349900006],[7.602905948000057,44.142539776000035],[7.384291562000044,44.12332477500007],[7.036656494000056,44.23342831400004],[6.887428,44.36128699900007],[6.874576976000071,44.52313876100004],[6.948443,44.654741999000066],[7.065755,44.713464499000054],[7.008916138000075,44.83098541600003],[6.779271202000075,44.896757164000064],[6.630051,45.109856499000045],[7.096512554000071,45.23238481100003],[7.163023551000038,45.40355480900007],[7.104723,45.468454499000075],[7.518334825000068,45.58312911400003],[7.895811,45.59002799900003],[7.936649,45.72434049900005],[7.864076500000067,45.916750499000045],[7.87713750000006,45.92695499900003],[8.137053372000025,46.15367662600005],[8.109307792000038,46.26351071300007],[8.384717,46.45215849900006],[8.45770335800006,46.41959829900003],[8.463692503000061,46.25177830200005],[8.713936,46.09727199900004],[8.593811,45.82822499900004],[8.706896500000028,45.55831599900006],[8.84291550000006,45.393840999000076]]]}},{"type":"Feature","properties":{"CNTR_CODE":"IT","LEVL_CODE":2,"NUTS_ID":"ITC2","NUTS_NAME":"Valle d\u2019Aosta/Vall\u00e9e d\u2019Aoste","NAME_LATN":"Valle d\u2019Aosta/Vall\u00e9e d\u2019Aoste"},"geometry":{"type":"Polygon","coordinates":[[[7.864076500000067,45.916750499000045],[7.936649,45.72434049900005],[7.895811,45.59002799900003],[7.518334825000068,45.58312911400003],[7.104723,45.468454499000075],[7.011856419000026,45.51195977000003],[6.980903918000024,45.62728599700006],[6.802368500000057,45.77856199900003],[7.044886,45.92241299900007],[7.153809005000028,45.86263154000005],[7.582431863000068,45.96836509700006],[7.864076500000067,45.916750499000045]]]}},{"type":"Feature","properties":{"CNTR_CODE":"IT","LEVL_CODE":2,"NUTS_ID":"ITC3","NUTS_NAME":"Liguria","NAME_LATN":"Liguria"},"geometry":{"type":"Polygon","coordinates":[[[8.945225939000068,44.66790072800006],[9.134520917000032,44.575176499000065],[9.202995500000043,44.61347649900006],[9.493363,44.555858999000066],[9.479059500000062,44.40924049900008],[9.593380497000055,44.42448342900008],[9.686725500000023,44.36592199900008],[10.042801266000026,44.08751769500003],[10.018769500000076,44.04453599900006],[9.79990024700004,44.07143090200003],[9.511344,44.216675499000075],[9.134520917000032,44.36176935000003],[8.767808364000075,44.41939501100006],[8.63301,44.37980349900005],[8.274528437000072,44.12814546000004],[8.135351,43.93894049900007],[7.961853511000072,43.85355232400008],[7.529827,43.78400799900004],[7.522078972000031,43.88938936300008],[7.714236500000027,44.06151349900006],[7.771223081000073,44.13028884600004],[8.015629500000045,44.11067649900008],[8.252819500000044,44.52874049900004],[8.261596,44.51942449900008],[8.576182,44.50920599900007],[8.644384084000023,44.57841901900008],[8.889633667000055,44.56981415700005],[8.945225939000068,44.66790072800006]]]}},{"type":"Feature","properties":{"CNTR_CODE":"IT","LEVL_CODE":2,"NUTS_ID":"ITC4","NUTS_NAME":"Lombardia","NAME_LATN":"Lombardia"},"geometry":{"type":"Polygon","coordinates":[[[10.574305968000033,46.263417951000065],[10.466935184000022,45.99955462200006],[10.523249178000071,45.82106408800007],[10.840176500000041,45.83275849900008],[10.644357039000056,45.61092384300008],[10.654655500000047,45.415826999000046],[10.725780555000028,45.31283116700007],[11.042849483000055,45.122475148000035],[11.205502500000023,45.10948749900007],[11.207680616000061,45.05328071200006],[11.426765500000045,44.950075999000035],[11.246231500000022,44.95142799900003],[10.887909500000035,44.914265999000065],[10.698593307000067,44.969152429000076],[10.504344,44.92241799900006],[10.464030500000035,44.937171499000044],[10.083503,45.04395849900004],[9.891101500000048,45.13089799900007],[9.73058119500007,45.06642308600004],[9.548684500000036,45.13264849900003],[9.411635076000039,45.07107890300006],[9.311009872000056,44.94024123100007],[9.354794772000048,44.83098541600003],[9.296088213000075,44.70840604000006],[9.200074,44.68609949900008],[8.900284198000065,45.01266987100007],[8.674460544000056,45.04578940300007],[8.547797500000058,45.16814749900004],[8.51356,45.313278499000035],[8.585793066000065,45.34981176800005],[8.694472867000059,45.30663252100004],[8.84291550000006,45.393840999000076],[8.706896500000028,45.55831599900006],[8.593811,45.82822499900004],[8.713936,46.09727199900004],[8.829183034000039,46.06675776700007],[8.912147,45.830444999000065],[9.03837212600007,45.870540205000054],[9.029458326000054,46.021116203000076],[9.159377500000062,46.16960099900007],[9.24853150000007,46.233767999000065],[9.263467225000056,46.45321716500007],[9.317291698000076,46.49633010900004],[9.437979550000023,46.47947256200007],[9.566549596000073,46.305723853000075],[9.91198259500004,46.36999667900005],[10.094413261000057,46.240586360000066],[10.155469887000038,46.272071450000055],[10.129639791000045,46.400405619000026],[10.051469969000038,46.466916655000034],[10.106749462000039,46.58164222900007],[10.218221476000053,46.620700646000046],[10.452801,46.53068299900008],[10.622145500000045,46.44810199900007],[10.515751500000022,46.34322449900003],[10.574305968000033,46.263417951000065]]]}},{"type":"Feature","properties":{"CNTR_CODE":"IT","LEVL_CODE":2,"NUTS_ID":"ITF1","NUTS_NAME":"Abruzzo","NAME_LATN":"Abruzzo"},"geometry":{"type":"Polygon","coordinates":[[[14.686983711000039,41.98488940400006],[14.485359,41.759622999000044],[14.378693922000025,41.868828292000046],[14.229757500000062,41.87705649900005],[14.135032555000066,41.752392892000046],[13.941038500000047,41.68794399900003],[13.424165628000026,41.82520409600005],[13.296299500000032,41.94858849900004],[13.192751420000036,41.98488940400006],[13.069663778000063,42.02804030300007],[13.030574500000057,42.11535299900004],[13.331387053000071,42.170019136000064],[13.297447333000036,42.219320777000064],[13.172886590000076,42.40026066400003],[13.14075839000003,42.44693084900007],[13.190687097000023,42.570643276000055],[13.39403150000004,42.59123399900005],[13.379525791000049,42.63237665100007],[13.357774500000062,42.69406999900008],[13.546640354000033,42.80375031700004],[13.91573150000005,42.89457699900004],[14.082262854000021,42.63237665100007],[14.146906500000057,42.53059649900007],[14.253960500000062,42.44479849900006],[14.326291165000043,42.40026066400003],[14.620142501000032,42.219320777000064],[14.692021386000022,42.17506112700005],[14.767382263000059,42.074715163000064],[14.686983711000039,41.98488940400006]]]}},{"type":"Feature","properties":{"CNTR_CODE":"IT","LEVL_CODE":2,"NUTS_ID":"ITF2","NUTS_NAME":"Molise","NAME_LATN":"Molise"},"geometry":{"type":"Polygon","coordinates":[[[15.138178500000038,41.92700749900007],[15.109710088000043,41.70411660700006],[15.057220459000064,41.66825522800008],[14.988751328000035,41.62147651300006],[14.953545062000046,41.597423280000044],[15.007655500000055,41.486356999000066],[14.5051,41.382461499000044],[14.378693922000025,41.44408425900008],[14.15087260200005,41.50091899600005],[14.057795819000034,41.40592987500003],[13.977928,41.46245399900005],[14.001038793000077,41.562744948000045],[13.941038500000047,41.68794399900003],[14.135032555000066,41.752392892000046],[14.229757500000062,41.87705649900005],[14.378693922000025,41.868828292000046],[14.485359,41.759622999000044],[14.686983711000039,41.98488940400006],[14.767382263000059,42.074715163000064],[14.920697106000034,42.017288747000066],[14.998744922000071,41.98488940400006],[15.138178500000038,41.92700749900007]]]}},{"type":"Feature","properties":{"CNTR_CODE":"IT","LEVL_CODE":2,"NUTS_ID":"ITF3","NUTS_NAME":"Campania","NAME_LATN":"Campania"},"geometry":{"type":"MultiPolygon","coordinates":[[[[14.378693922000025,41.44408425900008],[14.5051,41.382461499000044],[15.007655500000055,41.486356999000066],[15.149196500000073,41.28041249900008],[15.242373834000034,41.24293201100005],[15.265405604000023,41.11360151300005],[15.542921,41.05582349900004],[15.519173995000074,40.91176345700006],[15.335024500000031,40.83484399900004],[15.580868172000066,40.46252042000003],[15.78996496600007,40.26439505400003],[15.644945500000063,40.042790499000034],[15.564165480000042,40.069553625000026],[15.424239693000061,40.00313588900008],[15.348504760000026,40.006305971000074],[15.286818390000064,40.031013882000025],[15.248488549000058,40.08494114200005],[15.146223348000035,40.15571117400003],[15.039039769000055,40.17803718400006],[14.942275926000036,40.23018776600003],[14.926337256000068,40.271567384000036],[14.986442827000076,40.36264908700008],[14.987169523000034,40.401808380000034],[14.881647828000041,40.575598409000065],[14.78657275200004,40.65865078200005],[14.550611701000037,40.61552890300004],[14.46862,40.620201499000075],[14.396662549000041,40.74693819000004],[14.03213050000005,40.89883899900008],[13.760795500000029,41.223167999000054],[13.873718500000052,41.33829399900003],[13.977928,41.46245399900005],[14.057795819000034,41.40592987500003],[14.15087260200005,41.50091899600005],[14.378693922000025,41.44408425900008]]],[[[13.973993194000059,40.74871585500006],[13.93066820200005,40.68485723600003],[13.830026492000059,40.70448492700007],[13.845334343000047,40.770745230000045],[13.973993194000059,40.74871585500006]]]]}},{"type":"Feature","properties":{"CNTR_CODE":"IT","LEVL_CODE":2,"NUTS_ID":"ITF4","NUTS_NAME":"Puglia","NAME_LATN":"Puglia"},"geometry":{"type":"MultiPolygon","coordinates":[[[[16.542302500000062,41.229440999000076],[17.068666609000047,41.06954626000004],[17.388981,40.89186349900007],[17.981549426000072,40.65440986500005],[18.097453,40.515377999000066],[18.39357685500005,40.316198867000026],[18.496927842000048,40.145542814000066],[18.37106782500007,39.81376559700004],[18.06550694300006,39.92348330400006],[17.95831529000003,40.164282650000075],[17.763504500000067,40.295506999000054],[17.478771494000057,40.30919464300007],[17.110962624000024,40.51125799700003],[16.867264,40.39784549900003],[16.722480450000035,40.503736960000026],[16.72499,40.71381449900008],[16.554822562000027,40.758080945000074],[16.41225094600003,40.72174772900007],[16.244098500000064,40.83800849900007],[16.202532,40.91751099900006],[16.052839628000072,40.931612474000076],[16.011344660000077,41.05772003800007],[15.870311,41.13989999900008],[15.542921,41.05582349900004],[15.265405604000023,41.11360151300005],[15.242373834000034,41.24293201100005],[15.149196500000073,41.28041249900008],[15.007655500000055,41.486356999000066],[14.953545062000046,41.597423280000044],[14.988751328000035,41.62147651300006],[15.057220459000064,41.66825522800008],[15.109710088000043,41.70411660700006],[15.138178500000038,41.92700749900007],[16.129286587000024,41.91215790200005],[16.169950034000067,41.77293981300005],[16.02277179300006,41.66825522800008],[15.957004622000056,41.62147651300006],[15.905264228000021,41.584674730000074],[16.02473850000007,41.425590499000066],[16.542302500000062,41.229440999000076]]],[[[15.602049837000038,42.15499392800007],[15.511567440000022,42.08880159700004],[15.469721509000067,42.176720972000055],[15.542237539000041,42.20573072800005],[15.602049837000038,42.15499392800007]]]]}},{"type":"Feature","properties":{"CNTR_CODE":"IT","LEVL_CODE":2,"NUTS_ID":"ITF5","NUTS_NAME":"Basilicata","NAME_LATN":"Basilicata"},"geometry":{"type":"Polygon","coordinates":[[[16.244098500000064,40.83800849900007],[16.41225094600003,40.72174772900007],[16.554822562000027,40.758080945000074],[16.72499,40.71381449900008],[16.722480450000035,40.503736960000026],[16.867264,40.39784549900003],[16.644317,40.11909599900008],[16.44282842900003,40.13096651200004],[16.398881,40.05539999900003],[16.29854428300007,39.93075773700008],[16.06790722200003,39.906344182000055],[15.878548068000043,40.00039338500005],[15.755958500000077,39.92349599900007],[15.644945500000063,40.042790499000034],[15.78996496600007,40.26439505400003],[15.580868172000066,40.46252042000003],[15.335024500000031,40.83484399900004],[15.519173995000074,40.91176345700006],[15.542921,41.05582349900004],[15.870311,41.13989999900008],[16.011344660000077,41.05772003800007],[16.052839628000072,40.931612474000076],[16.202532,40.91751099900006],[16.244098500000064,40.83800849900007]]]}},{"type":"Feature","properties":{"CNTR_CODE":"ES","LEVL_CODE":2,"NUTS_ID":"ES53","NUTS_NAME":"Illes Balears","NAME_LATN":"Illes Balears"},"geometry":{"type":"MultiPolygon","coordinates":[[[[4.257760989000076,39.96462597900006],[4.306523555000069,39.86678373600006],[4.273286062000068,39.80883085800008],[4.207565481000074,39.82539866400003],[4.020609810000053,39.92166598000006],[3.957004436000034,39.93852641900003],[3.819616476000022,39.927920148000055],[3.828048327000033,39.99368857700006],[3.791048143000069,40.01768992900003],[3.821407585000031,40.050460946000044],[3.934490861000029,40.06197951900003],[4.170689024000069,40.06103095200007],[4.257760989000076,39.96462597900006]]],[[[3.071163583000043,39.919015983000065],[3.124021722000066,39.86530652700003],[3.165371966000066,39.90283922000003],[3.21035439700006,39.879664379000076],[3.144971531000067,39.77390311700003],[3.252603552000039,39.729881602000034],[3.347323600000038,39.788235652000026],[3.456841079000071,39.744512351000026],[3.455868277000036,39.657476866000025],[3.40381013800004,39.63540703000007],[3.402083151000056,39.58274707600003],[3.296552538000071,39.49898883900005],[3.229569326000046,39.36008221000003],[3.050571128000058,39.265941965000025],[2.958747995000067,39.36169013400007],[2.787583454000071,39.36333343900003],[2.722544390000053,39.47570750600005],[2.751142812000069,39.50371017800006],[2.63017609700006,39.56717252400006],[2.539187887000026,39.52255668200007],[2.518705925000063,39.45838166800007],[2.443140087000074,39.52253611000003],[2.330468234000023,39.57737996700007],[2.586805382000023,39.71761818500005],[2.669393384000045,39.79243338600003],[2.778912347000073,39.855421325000066],[2.843948552000029,39.86200666600007],[2.949469961000034,39.91864344700008],[3.071163583000043,39.919015983000065]]],[[[1.443128582000043,38.76328540500003],[1.519217299000047,38.689504810000074],[1.577973974000031,38.73062308800007],[1.619424551000066,38.64934848000007],[1.528947174000052,38.62004482700007],[1.470886238000048,38.68508568200008],[1.382773771000075,38.630379136000045],[1.375931791000028,38.68573278900004],[1.443128582000043,38.76328540500003]]],[[[1.43712449700007,38.91642408800004],[1.40386776500003,38.83802076300003],[1.34529279100002,38.87267517200007],[1.251486035000028,38.86048982700004],[1.195348912000043,38.95879660300005],[1.304495290000034,38.969676364000065],[1.294662318000064,39.02756132400003],[1.363737170000036,39.07170220200004],[1.537777551000033,39.112545631000046],[1.588704071000052,39.093364490000056],[1.613309789000027,39.03192501400008],[1.523424361000025,38.94682908500005],[1.43712449700007,38.91642408800004]]]]}},{"type":"Feature","properties":{"CNTR_CODE":"ES","LEVL_CODE":2,"NUTS_ID":"ES61","NUTS_NAME":"Andaluc\u00eda","NAME_LATN":"Andaluc\u00eda"},"geometry":{"type":"Polygon","coordinates":[[[-5.046996,38.729133499000056],[-4.268895,38.34721299900008],[-4.214013387999955,38.39396172600004],[-3.460458978999952,38.410879496000064],[-3.348006253999927,38.46674064000007],[-2.893074572999978,38.46213046100007],[-2.762069,38.53277949900007],[-2.584358102999943,38.47658698200007],[-2.51435455799998,38.40214304300008],[-2.491088833999925,38.37250489400003],[-2.447911474999955,38.22355501100003],[-2.51435455799998,38.13144134400005],[-2.551274,38.08411799900006],[-2.51435455799998,38.07388799300003],[-2.341602,38.02601999900003],[-2.207631499999934,37.91658799900006],[-2.093750417999956,37.88131360400007],[-2.00956457999996,37.855237240000065],[-1.999030239999968,37.671340979000036],[-1.884248996999929,37.50704961100007],[-1.630033,37.37518299900006],[-1.81547411899993,37.18990958100005],[-1.910271207999926,36.94641813800007],[-2.093750417999956,36.780721045000064],[-2.141853451999964,36.737279976000025],[-2.361896199999933,36.82927919000008],[-2.51435455799998,36.81977332200006],[-2.584358102999943,36.78339274100006],[-2.751629279999975,36.69646253600007],[-3.128691,36.75088799900004],[-3.439904733999981,36.70179207500007],[-3.777457499999969,36.737926499000025],[-4.396126000999971,36.71069199200008],[-4.655479535999973,36.51020574300003],[-4.946663306999938,36.48772146600004],[-5.158319209999945,36.414122374000044],[-5.252405,36.31127549900003],[-5.339225,36.15203499900008],[-5.344010499999968,36.152633499000046],[-5.35152249999993,36.15256899900004],[-5.59908199399996,36.02270494800007],[-6.026009989999977,36.19277329500005],[-6.206870637999941,36.39655692600007],[-6.243476597999972,36.57321569000004],[-6.34427253399997,36.62566031400007],[-6.392275881999979,36.644015885000044],[-6.431910706999929,36.72939931700006],[-6.345561,36.798766999000065],[-6.542482904999929,36.98501900400004],[-6.996933309999974,37.18990958100005],[-7.046542834999968,37.206593146000046],[-7.139898807999941,37.20736498500003],[-7.332397399999934,37.18990958100005],[-7.40191649999997,37.17482749900006],[-7.51269149999996,37.526256499000056],[-7.236406944999942,37.96403325500006],[-7.012678035999954,38.039935298000046],[-6.931738499999938,38.20837799900005],[-6.561083878999966,38.02828107700003],[-6.34427253399997,38.002142106000065],[-6.180307499999969,37.94107799900007],[-5.964463952999949,38.00907635800007],[-5.820868460999975,38.17092030800006],[-5.717348002999927,38.18213302200007],[-5.694235317999926,38.103283340000075],[-5.584845499999972,38.13175199900007],[-5.534566687999927,38.214601035000044],[-5.547784471999933,38.436986958000034],[-5.163197674999935,38.71171944300005],[-5.046996,38.729133499000056]]]}},{"type":"Feature","properties":{"CNTR_CODE":"ES","LEVL_CODE":2,"NUTS_ID":"ES62","NUTS_NAME":"Regi\u00f3n de Murcia","NAME_LATN":"Regi\u00f3n de Murcia"},"geometry":{"type":"Polygon","coordinates":[[[-1.02687,38.65550949900006],[-1.008048500999962,38.59337533100006],[-1.079650395999977,38.40121808200007],[-0.980604863999929,38.272962187000076],[-1.02141011599997,38.091179529000044],[-0.762135499999943,37.84700799900003],[-0.840946970999937,37.722655796000026],[-0.74020478999995,37.66373659300007],[-0.759429330999978,37.599786721000044],[-1.125289988999953,37.57513629300007],[-1.315943551999965,37.56229071300004],[-1.630033,37.37518299900006],[-1.884248996999929,37.50704961100007],[-1.999030239999968,37.671340979000036],[-2.00956457999996,37.855237240000065],[-2.093750417999956,37.88131360400007],[-2.207631499999934,37.91658799900006],[-2.341602,38.02601999900003],[-2.093750417999956,38.24980652200003],[-2.049718952999967,38.28956276800005],[-1.756662795999944,38.365026698000065],[-1.639295462999939,38.31444245900008],[-1.530953816999954,38.34596721100007],[-1.434000093999941,38.64768911300007],[-1.315943551999965,38.69259993600008],[-1.179208327999959,38.740697744000045],[-1.125289988999953,38.71054637800006],[-1.02687,38.65550949900006]]]}},{"type":"Feature","properties":{"CNTR_CODE":"ES","LEVL_CODE":2,"NUTS_ID":"ES63","NUTS_NAME":"Ciudad de Ceuta","NAME_LATN":"Ciudad de Ceuta"},"geometry":{"type":"Polygon","coordinates":[[[-5.339367492999941,35.876148398000055],[-5.34337063199996,35.87087626600004],[-5.38193549999994,35.913023499000076],[-5.377675090999958,35.915968974000066],[-5.364974637999978,35.91667742800007],[-5.348897416999932,35.90782137900004],[-5.340897040999948,35.899756472000036],[-5.337821590999965,35.89560658700003],[-5.336049750999962,35.890785282000024],[-5.335717595999938,35.88565945900007],[-5.336852384999929,35.88064980300004],[-5.339367492999941,35.876148398000055]]]}},{"type":"Feature","properties":{"CNTR_CODE":"ES","LEVL_CODE":2,"NUTS_ID":"ES64","NUTS_NAME":"Ciudad de Melilla","NAME_LATN":"Ciudad de Melilla"},"geometry":{"type":"Polygon","coordinates":[[[-2.92812349999997,35.27308149900006],[-2.970089,35.28942999900005],[-2.952486499999964,35.319768999000075],[-2.92812349999997,35.27308149900006]]]}},{"type":"Feature","properties":{"CNTR_CODE":"ES","LEVL_CODE":2,"NUTS_ID":"ES70","NUTS_NAME":"Canarias","NAME_LATN":"Canarias"},"geometry":{"type":"MultiPolygon","coordinates":[[[[-13.739988965999942,28.902985968000053],[-13.788615751999941,28.837746457000037],[-13.883242965999955,28.885725405000073],[-13.832004389999952,28.92775955700006],[-13.831095151999932,29.007901281000045],[-13.753372655999954,29.079108793000046],[-13.603969104999976,29.136011892000056],[-13.523197535999941,29.145329925000055],[-13.513497375999975,29.255342115000076],[-13.48294156199995,29.26661325200007],[-13.418013556999938,29.202884356000027],[-13.462666309999975,29.128871678000053],[-13.46380714399993,29.019419783000046],[-13.54113788799998,28.958420019000073],[-13.739988965999942,28.902985968000053]]],[[[-14.222725543999957,28.161030769000035],[-14.333103595999944,28.04213945600003],[-14.420444717999942,28.082900448000032],[-14.313119351999944,28.145093512000074],[-14.21685832399993,28.226758646000064],[-14.201985093999951,28.33072912500006],[-14.146484046999944,28.439204216000064],[-14.101320210999972,28.476399896000032],[-14.033226788999968,28.597848687000067],[-14.01521989899993,28.718201974000067],[-13.886309853999933,28.760207023000078],[-13.84099983799996,28.729383906000066],[-13.820800303999931,28.593506047000062],[-13.865216785999962,28.48177420500008],[-13.84846420699995,28.420967380000036],[-13.913452340999982,28.256761399000027],[-14.010875116999955,28.206815825000035],[-14.222725543999957,28.161030769000035]]],[[[-15.441845727999976,27.80012905600006],[-15.600289068999928,27.73564013200007],[-15.672991422999928,27.749948388000064],[-15.78790562499995,27.83581932100003],[-15.83331364399993,27.912130538000042],[-15.83387268399997,27.97145050900008],[-15.709124885999927,28.08657376800005],[-15.696982643999945,28.150792843000033],[-15.525322009999968,28.153865721000045],[-15.411904811999932,28.100303869000072],[-15.414959773999954,28.04667098500005],[-15.369292652999945,27.99224418500006],[-15.386187804999963,27.858049274000052],[-15.441845727999976,27.80012905600006]]],[[[-16.157448073999944,28.588459589000024],[-16.126050685999928,28.533107594000057],[-16.234634468999957,28.486057472000027],[-16.35971935599997,28.378666784000075],[-16.362292191999927,28.304655997000054],[-16.423925057999952,28.20513361500008],[-16.426622083999973,28.151377242000024],[-16.54069709099997,28.030838294000034],[-16.707500873999948,28.010057079000035],[-16.738768069999935,28.08721348800003],[-16.836236176999932,28.207328645000075],[-16.83893670699996,28.25714153800004],[-16.906706733999954,28.347517157000027],[-16.83024278499994,28.392431318000035],[-16.751555069999938,28.371693437000033],[-16.67395149999993,28.400407097000027],[-16.52321184699997,28.417727735000028],[-16.383764620999955,28.546389371000032],[-16.31981235799998,28.57810339100007],[-16.22373774099998,28.566112729000054],[-16.157448073999944,28.588459589000024]]],[[[-17.200234803999933,28.021063699000024],[-17.245957104999945,28.01743467600005],[-17.35211028799995,28.099273270000026],[-17.31994231599998,28.206951537000066],[-17.261686822999934,28.22028628000004],[-17.11559017999997,28.15243818400006],[-17.095598502999962,28.094208227000024],[-17.200234803999933,28.021063699000024]]],[[[-17.75937369199994,28.573696263000045],[-17.833762718999935,28.457510241000023],[-17.96354576999994,28.667627805000052],[-18.006835104999936,28.77532388800006],[-17.920584589999976,28.856790458000035],[-17.777947681999933,28.838890485000036],[-17.72445506899993,28.741180275000033],[-17.770181604999948,28.676032166000027],[-17.75937369199994,28.573696263000045]]],[[[-17.877136100999962,27.815559929000074],[-17.954052885999943,27.718801851000023],[-17.98805852199996,27.632853045000047],[-18.052814833999946,27.689883274000067],[-18.167520885999977,27.723536956000032],[-18.135532884999975,27.772354630000052],[-18.07154379399998,27.75405889600006],[-17.918121454999948,27.854453412000055],[-17.877136100999962,27.815559929000074]]]]}},{"type":"Feature","properties":{"CNTR_CODE":"FI","LEVL_CODE":2,"NUTS_ID":"FI19","NUTS_NAME":"L\u00e4nsi-Suomi","NAME_LATN":"L\u00e4nsi-Suomi"},"geometry":{"type":"MultiPolygon","coordinates":[[[[23.69177152700007,63.39191163600003],[24.359008,63.116434499000036],[24.716023926000048,63.15924148200003],[24.806280645000072,63.373509064000075],[24.856338764000043,63.39191163600003],[25.03632250000004,63.45807799900007],[25.076866489000054,63.48474153900008],[25.14821316700005,63.531662304000065],[25.256433377000064,63.60283275200004],[25.534611855000037,63.531662304000065],[25.718007457000056,63.48474153900008],[25.89485028000007,63.439497266000046],[26.138652,63.457591999000044],[26.12427404500005,63.39191163600003],[26.11093941000007,63.33099729800006],[26.269917410000062,62.979527372000064],[26.126735953000036,62.88882257900008],[26.49158384900005,62.73614750400003],[26.56611327300004,62.621921901000064],[26.559625192000055,62.50502155200007],[26.709129500000074,62.45294899900006],[26.626481289000026,62.25299534100003],[26.32979600400006,62.19605150700005],[26.245906630000036,62.12999874900004],[26.387306378000062,61.98676058400008],[26.381024505000028,61.82375548200008],[26.52041113200005,61.67897985400003],[26.315036,61.608448499000076],[25.89485028000007,61.76356760500005],[25.527910459000054,61.67120386600004],[25.418276640000045,61.49361393500004],[24.97047150000003,61.45070549900004],[24.90140090400007,61.43936201000008],[24.91393350000004,61.32488299900007],[24.309022606000042,61.23613107800003],[24.197446342000035,61.15208813900006],[23.876213145000065,61.06866314700005],[23.79098501900006,60.97780293200003],[23.195350500000075,61.00122299900005],[22.968488500000035,61.04325799900005],[22.857780768000055,61.06174722600008],[22.780935679000038,60.99645196000006],[22.166332328000067,60.888823785000056],[22.004650151000078,60.908977176000064],[21.83831076000007,61.00903511100006],[21.583445204000043,61.009389955000074],[21.419929500000023,61.047442999000054],[21.526141232000043,61.45152537200005],[21.47708396400003,61.613524975000075],[21.558489931000054,61.64578179200004],[21.338738500000034,61.95571199900007],[21.352450202000057,62.30973270700008],[21.18890605400003,62.474793772000055],[21.068247900000074,62.71648305800005],[21.165892996000025,62.96262948700007],[21.333254287000045,62.90771769600008],[21.461984224000048,62.99912363900006],[21.447916579000037,63.12699261400007],[21.535003809000045,63.091044046000036],[21.567191265000076,63.21281535500003],[21.742464176000055,63.28290835300004],[22.041706882000028,63.36568386000005],[22.33264420200004,63.31235157700007],[22.291300161000038,63.39191163600003],[22.258737746000065,63.454572847000065],[22.27861315800004,63.48474153900008],[22.33015090500004,63.56297017600008],[22.607063636000078,63.67918803600003],[22.689375056000074,63.84789008900003],[22.866946,63.838186499000074],[23.558626011000058,63.71741237100008],[23.51638425400006,63.62253967400005],[23.62882478100005,63.531662304000065],[23.64995891600006,63.48474153900008],[23.69177152700007,63.39191163600003]]],[[[21.43528106800005,63.200341209000044],[21.282558235000067,63.168428178000056],[21.13110996000006,63.27783859800007],[21.23229337600003,63.387034619000076],[21.394411055000035,63.35919164100005],[21.374263747000043,63.31829102700004],[21.43528106800005,63.200341209000044]]],[[[20.845715219000056,63.14307560800006],[20.753269320000072,63.03694341000005],[20.70648477800006,63.056207967000034],[20.765364444000056,63.16040837700007],[20.845715219000056,63.14307560800006]]]]}},{"type":"Feature","properties":{"CNTR_CODE":"FI","LEVL_CODE":2,"NUTS_ID":"FI1B","NUTS_NAME":"Helsinki-Uusimaa","NAME_LATN":"Helsinki-Uusimaa"},"geometry":{"type":"Polygon","coordinates":[[[26.20835950000003,60.75799249900007],[26.543591838000054,60.56689934700006],[26.453932,60.487652499000035],[26.38574805500008,60.36742429200007],[26.08720985100007,60.39701732000003],[26.094131450000077,60.298254874000065],[25.938622921000047,60.23612536400003],[25.23332950100007,60.244379894000076],[24.472508739000034,59.99981434800003],[24.07807882000003,60.009526394000034],[23.86360908000006,59.91698928100004],[23.346363117000067,59.90343778200008],[23.161585912000078,59.836336275000065],[22.886446789000047,59.93900338700007],[23.029599459000053,60.100841108000054],[23.62415915200006,60.20956816700004],[23.77408274900006,60.39405903000005],[23.76309439000005,60.48440912500007],[23.888281977000076,60.56705330500006],[23.90049250000004,60.64975849900003],[24.499516511000024,60.55822284800007],[24.64176662400007,60.65363392800003],[25.006712527000047,60.694460942000035],[25.110966,60.81858449900005],[25.463747021000074,60.77548314100005],[25.600687100000073,60.68198157200004],[25.89485028000007,60.73447943200006],[26.128155222000032,60.69592780200003],[26.20835950000003,60.75799249900007]]]}},{"type":"Feature","properties":{"CNTR_CODE":"FI","LEVL_CODE":2,"NUTS_ID":"FI1C","NUTS_NAME":"Etel\u00e4-Suomi","NAME_LATN":"Etel\u00e4-Suomi"},"geometry":{"type":"MultiPolygon","coordinates":[[[[30.143966500000033,61.85223799900007],[29.167986212000073,61.23910148300007],[28.836541714000077,61.12624522400006],[28.750820025000053,61.06459651600005],[28.655238805000067,60.964598901000045],[28.498177829000042,60.938866208000036],[27.991279500000076,60.668978999000046],[27.842598620000047,60.56689934700006],[27.803568,60.54862399900003],[27.396280107000052,60.45394487300007],[27.10961573000003,60.519799860000035],[26.619658336000043,60.420362372000056],[26.453932,60.487652499000035],[26.543591838000054,60.56689934700006],[26.20835950000003,60.75799249900007],[26.128155222000032,60.69592780200003],[25.89485028000007,60.73447943200006],[25.600687100000073,60.68198157200004],[25.463747021000074,60.77548314100005],[25.110966,60.81858449900005],[25.006712527000047,60.694460942000035],[24.64176662400007,60.65363392800003],[24.499516511000024,60.55822284800007],[23.90049250000004,60.64975849900003],[23.888281977000076,60.56705330500006],[23.76309439000005,60.48440912500007],[23.77408274900006,60.39405903000005],[23.62415915200006,60.20956816700004],[23.029599459000053,60.100841108000054],[22.886151580000046,60.03264534500005],[22.44888349400003,60.00570043700003],[22.392462179000063,60.07240024100008],[22.42666688500003,60.22711081300008],[22.211298519000024,60.18641692500006],[22.159937308000053,60.28860843100006],[22.219067110000026,60.36157549900008],[22.140858051000066,60.416031203000045],[21.88482364200007,60.297300386000074],[21.740615367000032,60.55403878300007],[21.57686299900007,60.50264104000007],[21.285189272000025,60.52037602000007],[21.26265410900004,60.58424639000003],[21.35830552500005,60.71001450300008],[21.24976513100006,60.88542727300006],[21.419929500000023,61.047442999000054],[21.583445204000043,61.009389955000074],[21.83831076000007,61.00903511100006],[22.004650151000078,60.908977176000064],[22.166332328000067,60.888823785000056],[22.780935679000038,60.99645196000006],[22.857780768000055,61.06174722600008],[22.968488500000035,61.04325799900005],[23.195350500000075,61.00122299900005],[23.79098501900006,60.97780293200003],[23.876213145000065,61.06866314700005],[24.197446342000035,61.15208813900006],[24.309022606000042,61.23613107800003],[24.91393350000004,61.32488299900007],[24.90140090400007,61.43936201000008],[24.97047150000003,61.45070549900004],[25.418276640000045,61.49361393500004],[25.527910459000054,61.67120386600004],[25.89485028000007,61.76356760500005],[26.315036,61.608448499000076],[26.263481365000075,61.446950436000066],[26.513659500000074,61.274323999000046],[26.700203470000076,61.22880871500007],[26.851051754000025,61.26548825300006],[26.993112281000037,61.172118510000075],[27.205819500000075,61.16246799900006],[27.349677924000048,61.17274757300004],[27.379385841000044,61.20590735900004],[27.36443576700003,61.23910148300007],[27.637443906000044,61.33786565100007],[28.243030059000034,61.381621331000076],[28.455439375000026,61.49446775400003],[28.69396397400004,61.470121187000075],[28.847808524000072,61.53237399900007],[29.238739345000056,61.55793535100008],[29.559279,61.722067999000046],[30.143966500000033,61.85223799900007]]],[[[22.442953492000072,59.811509482000076],[22.389046058000076,59.79960212300006],[22.354212936000067,59.84292388700004],[22.382820598000023,59.914598338000076],[22.438348309000048,59.92134771700006],[22.442953492000072,59.811509482000076]]],[[[22.082293528000037,60.23817676200008],[22.137979302000076,60.18848752200006],[22.12451954200003,60.149175323000065],[21.96728613500005,60.09884878400004],[21.90366070300007,60.132207340000036],[21.934494330000064,60.14255944000007],[21.934494330000064,60.23817676200008],[22.020932892000076,60.206183312000064],[22.082293528000037,60.23817676200008]]],[[[21.857437297000047,60.164014131000044],[21.796404522000046,60.110086927000054],[21.697943358000032,60.134067911000045],[21.729507289000026,60.20142175900003],[21.86295326900006,60.21633601500008],[21.857437297000047,60.164014131000044]]],[[[21.718102775000034,60.244623198000056],[21.560557781000057,60.22627380100005],[21.560557781000057,60.27665486400008],[21.64019386500007,60.30172592000008],[21.629286275000027,60.34087280000006],[21.669994919000032,60.43384269200004],[21.743764155000065,60.36187621600004],[21.68335538200006,60.28690153700006],[21.718102775000034,60.244623198000056]]],[[[21.673109096000076,60.103164512000035],[21.542488981000076,60.092511036000076],[21.504849372000024,60.143832004000046],[21.583225517000074,60.18666050400003],[21.645746063000047,60.17084448400004],[21.673109096000076,60.103164512000035]]],[[[21.20930706000007,60.40583348200005],[21.249908753000057,60.34235326700008],[21.29457575300006,60.38269199400003],[21.326774842000077,60.28479870900003],[21.277356345000044,60.25966601400006],[21.14176926400006,60.311682931000064],[21.134722170000032,60.378693471000076],[21.20930706000007,60.40583348200005]]]]}},{"type":"Feature","properties":{"CNTR_CODE":"FI","LEVL_CODE":2,"NUTS_ID":"FI1D","NUTS_NAME":"Pohjois- ja It\u00e4-Suomi","NAME_LATN":"Pohjois- ja It\u00e4-Suomi"},"geometry":{"type":"MultiPolygon","coordinates":[[[[27.936212647000048,70.08133507000008],[28.383167772000036,69.82963870400005],[28.769692319000058,69.75618866800005],[29.117063219000045,69.69155877300005],[29.313530703000026,69.48692239600007],[28.88892981300006,69.24951991200004],[28.819500805000075,69.12649822500003],[28.92968,69.05190499900004],[28.62465009700003,68.93047142200004],[28.730304370000056,68.83393227700003],[28.488662998000052,68.53350608500006],[28.601945083000032,68.29108236300004],[29.310985435000077,68.06247077200004],[29.956519910000054,67.65343568400004],[29.846187744000076,67.47510761600006],[29.088154880000047,66.94838991100005],[29.126314480000076,66.81238832100007],[29.572938500000078,66.43285599900008],[29.92336632000007,66.11528178100008],[30.120027743000037,65.71594294400006],[29.756422411000074,65.64079539100004],[29.838643638000065,65.55793223900008],[29.754731500000048,65.49736949900006],[29.667557458000033,65.27280303400005],[29.821351185000026,65.16283726200004],[29.66187819000004,65.03666313700006],[29.663085816000034,64.89642116600004],[30.025560407000057,64.72892810900004],[30.084320982000065,64.43209639900005],[30.504052787000035,64.16658942600003],[30.439893437000023,64.00003550000008],[30.30798576400008,63.88053073100008],[29.971917,63.75716549900005],[30.38068318300003,63.531662304000065],[30.465735736000056,63.48474153900008],[30.730386399000054,63.39191163600003],[31.18798312800004,63.23140321600005],[31.543770567000024,62.90598704300004],[31.179621999000062,62.475664334000044],[30.143966500000033,61.85223799900007],[29.559279,61.722067999000046],[29.238739345000056,61.55793535100008],[28.847808524000072,61.53237399900007],[28.69396397400004,61.470121187000075],[28.455439375000026,61.49446775400003],[28.243030059000034,61.381621331000076],[27.637443906000044,61.33786565100007],[27.36443576700003,61.23910148300007],[27.379385841000044,61.20590735900004],[27.349677924000048,61.17274757300004],[27.205819500000075,61.16246799900006],[26.993112281000037,61.172118510000075],[26.851051754000025,61.26548825300006],[26.700203470000076,61.22880871500007],[26.513659500000074,61.274323999000046],[26.263481365000075,61.446950436000066],[26.315036,61.608448499000076],[26.52041113200005,61.67897985400003],[26.381024505000028,61.82375548200008],[26.387306378000062,61.98676058400008],[26.245906630000036,62.12999874900004],[26.32979600400006,62.19605150700005],[26.626481289000026,62.25299534100003],[26.709129500000074,62.45294899900006],[26.559625192000055,62.50502155200007],[26.56611327300004,62.621921901000064],[26.49158384900005,62.73614750400003],[26.126735953000036,62.88882257900008],[26.269917410000062,62.979527372000064],[26.11093941000007,63.33099729800006],[26.12427404500005,63.39191163600003],[26.138652,63.457591999000044],[25.89485028000007,63.439497266000046],[25.718007457000056,63.48474153900008],[25.534611855000037,63.531662304000065],[25.256433377000064,63.60283275200004],[25.14821316700005,63.531662304000065],[25.076866489000054,63.48474153900008],[25.03632250000004,63.45807799900007],[24.856338764000043,63.39191163600003],[24.806280645000072,63.373509064000075],[24.716023926000048,63.15924148200003],[24.359008,63.116434499000036],[23.69177152700007,63.39191163600003],[23.64995891600006,63.48474153900008],[23.62882478100005,63.531662304000065],[23.51638425400006,63.62253967400005],[23.558626011000058,63.71741237100008],[22.866946,63.838186499000074],[22.89485934700008,63.88887492900005],[23.040367498000023,63.87275399200007],[23.349392352000052,63.929054704000066],[23.389817409000045,63.97561567900004],[23.420847008000067,64.06288414600004],[23.617333,64.04877199900005],[23.75323858200005,64.16658942600003],[23.78657355300004,64.19548772700006],[23.84059721400007,64.24232118900005],[23.99758470300003,64.37841465700006],[24.31748583600006,64.53602269200007],[24.59306850200005,64.81297420100003],[25.000550193000038,64.89976648600003],[25.24873957400007,64.89425634900005],[25.345668381000053,64.96615069800004],[25.269191301000035,65.16850979400004],[25.28091266100006,65.45838028300005],[25.08460750000006,65.58894949900008],[24.69014679000003,65.64791884300007],[24.562466046000054,65.72745699900008],[24.175909309000076,65.77364354000008],[24.155129,65.81602699900003],[24.115934812000035,65.92047297700003],[23.909204078000073,66.14601331800003],[23.73481359500005,66.20277841800004],[23.664251599000067,66.28982503900005],[23.675417955000057,66.45976686000006],[23.865476881000063,66.56956613000006],[23.96684266400007,66.83656388700007],[23.56465661900006,67.18822698000008],[23.59438232100007,67.26076115400008],[23.725833683000076,67.30516718700005],[23.73614928300003,67.42483111300004],[23.423482361000026,67.48425888100007],[23.53742231900003,67.59408583000004],[23.485590686000023,67.82657748500003],[23.622192382000037,67.92176470600003],[23.60821290000007,67.97125281500007],[23.29601622100006,68.13762099500008],[23.16627973100003,68.14999273700005],[23.046552709000025,68.30398214600007],[22.358618700000022,68.47398070700007],[22.063687449000042,68.48419561200006],[21.533170367000025,68.68123187500004],[20.93229890500004,68.90439804900006],[20.783064581000076,69.02376514200006],[20.548636500000043,69.05996849900004],[20.72804972800003,69.10500190400006],[21.02000849600006,69.06231332600004],[21.07221779200006,69.11338899500004],[21.012412549000032,69.18400586700005],[21.04059742000004,69.23785457300005],[21.290754659000072,69.30922131500006],[21.533170367000025,69.28517569100006],[21.604961781000043,69.27805457900007],[21.687127153000063,69.23785457300005],[21.983611500000052,69.07289349900003],[22.399051436000036,68.72777895600007],[23.198624233000032,68.63846505200007],[23.645091313000023,68.70745334800006],[23.79079263400007,68.81589780000007],[23.918192952000027,68.83180513400004],[24.865631441000062,68.58070468900007],[25.093995609000046,68.64397184700005],[25.22846839300007,68.83231324800005],[25.659536933000027,68.92575856500008],[25.744274903000075,69.02746836900008],[25.70349023400007,69.23785457300005],[25.754514914000026,69.33097070000008],[25.815110894000043,69.36777054300006],[25.807076685000027,69.43030142200007],[25.91251493900006,69.56500763500003],[25.975653305000037,69.69810362600003],[26.487162227000056,69.93759155800007],[27.06986425100007,69.91742084200007],[27.645246102000044,70.07157596700006],[27.936212647000048,70.08133507000008]]],[[[24.869544449000045,64.98450803600008],[24.783303181000065,64.94357617400004],[24.57840072500005,65.00292003800007],[24.57840072500005,65.04664605300007],[24.84925243400005,65.08962087300006],[24.869544449000045,64.98450803600008]]]]}},{"type":"Feature","properties":{"CNTR_CODE":"FI","LEVL_CODE":2,"NUTS_ID":"FI20","NUTS_NAME":"\u00c5land","NAME_LATN":"\u00c5land"},"geometry":{"type":"MultiPolygon","coordinates":[[[[21.120024620000038,60.53495352900006],[21.100998059000062,60.45517551100005],[21.02064469100003,60.483396044000074],[21.00343184600007,60.53196591400007],[21.019950433000076,60.562217058000044],[21.120024620000038,60.53495352900006]]],[[[21.074947610000038,60.40426224000004],[21.022235628000033,60.328260975000035],[20.957839754000076,60.42725540400005],[20.979242690000035,60.47451888900008],[21.074947610000038,60.40426224000004]]],[[[21.03113252600008,60.68662294600006],[20.998066812000047,60.58346327100003],[20.923870703000034,60.60907474000004],[20.965932232000057,60.71069799000003],[21.03113252600008,60.68662294600006]]],[[[20.809893009000064,60.22557289800005],[20.709265493000032,60.22557289800005],[20.69380154600003,60.25990711800006],[20.75784765000003,60.31278733500005],[20.832189416000062,60.27172410800006],[20.809893009000064,60.22557289800005]]],[[[20.614074712000047,60.044628369000066],[20.515643904000058,59.97230338000003],[20.36919067200006,60.01899543800005],[20.46157196200005,60.09319042200008],[20.466049014000077,60.13218709700004],[20.60685291900006,60.10615566900003],[20.614074712000047,60.044628369000066]]],[[[20.44419610600005,60.31874666500005],[20.422847155000056,60.23020922300003],[20.314224764000073,60.25247015900004],[20.401519028000052,60.34628960500004],[20.44419610600005,60.31874666500005]]],[[[20.24354924200003,60.283703958000046],[20.170852840000066,60.17724207200007],[20.040464420000035,60.19937650800006],[20.048086245000036,60.12736972400006],[20.170852840000066,60.08728237300005],[20.26218957900005,60.16748618200006],[20.29338702700005,60.09719111900006],[20.170852840000066,60.013970646000075],[19.55826299100005,60.19379772000008],[19.545333307000078,60.21201643300003],[19.673817538000037,60.29500443000006],[19.69662643600003,60.369919209000045],[19.82801177600004,60.24874743000004],[19.863902232000044,60.41365524300005],[20.170852840000066,60.348361526000076],[20.24354924200003,60.283703958000046]]]]}},{"type":"Feature","properties":{"CNTR_CODE":"FR","LEVL_CODE":2,"NUTS_ID":"FR10","NUTS_NAME":"Ile-de-France","NAME_LATN":"Ile-de-France"},"geometry":{"type":"Polygon","coordinates":[[[1.704359,49.23219699900005],[1.788417111000058,49.17803840300007],[2.116372473000069,49.19877463700004],[2.296069105000072,49.15363005100005],[2.590528500000062,49.07965399900007],[3.07188,49.11755349900005],[3.485183500000062,48.85191049900004],[3.431340041000055,48.73927409600003],[3.555614,48.62028549900003],[3.427757539000027,48.49708356700006],[3.414789,48.39026849900006],[3.084717301000069,48.35136951000004],[2.936316,48.163391499000056],[2.643011232000049,48.12622659200008],[2.514243725000028,48.17507150000006],[2.402663,48.32071749900007],[2.296069105000072,48.31181230300007],[1.99409,48.28658399900007],[1.922146500000053,48.457599499000025],[1.821994696000047,48.47368457300007],[1.61702972400002,48.66760321700008],[1.501526500000068,48.94105199900008],[1.488822332000041,49.03993662200003],[1.608799,49.077893999000025],[1.704359,49.23219699900005]]]}},{"type":"Feature","properties":{"CNTR_CODE":"PL","LEVL_CODE":2,"NUTS_ID":"PL71","NUTS_NAME":"\u0141\u00f3dzkie","NAME_LATN":"\u0141\u00f3dzkie"},"geometry":{"type":"Polygon","coordinates":[[[19.289184500000033,52.39271249900003],[19.654232087000025,52.261805965000065],[19.936101,52.29973349900007],[20.214842200000078,52.11868964300004],[20.28815504800008,51.959075631000076],[20.572550892000038,51.850285073000066],[20.615729289000058,51.71502972300004],[20.385006,51.64160999900008],[20.41745718900006,51.60538183400007],[20.497118361000048,51.48411043300007],[20.432815,51.33940499900007],[20.261676468000076,51.22492102000007],[20.030296458000066,51.166034282000055],[20.03947050000005,50.99020649900007],[19.881640161000064,51.02586846500003],[19.74706,50.86596999900007],[19.484469717000025,50.90163287400003],[19.342965887000048,51.02411510300004],[19.243142500000033,51.03684449900004],[19.173389601000054,51.00193859500007],[18.918115358000023,51.08769803600006],[18.67295450000006,51.056902499000046],[18.163681500000052,51.17251699900004],[18.098123954000073,51.34469414600005],[18.35845472400007,51.45999732400003],[18.367899544000068,51.65759210400006],[18.471965500000067,51.85100549900005],[18.68824715900007,51.83951911200006],[18.747549957000047,51.912278495000066],[18.73277974000007,52.04794794900005],[18.827809,52.06418799900007],[19.061945813000023,52.230584545000056],[19.04712,52.33280399900008],[19.289184500000033,52.39271249900003]]]}},{"type":"Feature","properties":{"CNTR_CODE":"PL","LEVL_CODE":2,"NUTS_ID":"PL72","NUTS_NAME":"\u015awi\u0119tokrzyskie","NAME_LATN":"\u015awi\u0119tokrzyskie"},"geometry":{"type":"Polygon","coordinates":[[[20.432815,51.33940499900007],[20.769887134000044,51.160129866000034],[20.959141470000077,51.18187733100007],[21.44251992200003,51.02627016500003],[21.630164500000035,51.06338899900004],[21.802998,51.07207899900004],[21.864303500000062,50.80270649900007],[21.794167427000048,50.66863438900003],[21.45014204900008,50.463983778000056],[21.20883150000003,50.35489749900006],[20.82513331800004,50.287924780000026],[20.681539,50.20587549900006],[20.41745718900006,50.19192847700003],[20.332880013000022,50.284367803000066],[20.271858356000052,50.463983778000056],[20.20010815100005,50.49085620500006],[19.949966500000073,50.504782499000044],[19.852671155000053,50.56731219100004],[19.831607942000062,50.68402146500006],[19.712949500000036,50.72915599900006],[19.781637948000025,50.79962173800004],[19.74706,50.86596999900007],[19.881640161000064,51.02586846500003],[20.03947050000005,50.99020649900007],[20.030296458000066,51.166034282000055],[20.261676468000076,51.22492102000007],[20.432815,51.33940499900007]]]}},{"type":"Feature","properties":{"CNTR_CODE":"PL","LEVL_CODE":2,"NUTS_ID":"PL81","NUTS_NAME":"Lubelskie","NAME_LATN":"Lubelskie"},"geometry":{"type":"Polygon","coordinates":[[[23.660006186000032,52.047741157000075],[23.618293513000026,51.79612254700004],[23.545361154000034,51.72328947800003],[23.617443,51.509536999000034],[23.709221,51.277648499000065],[24.09324010000006,50.85862236200006],[23.97949343700003,50.80621240500005],[24.09056875500005,50.64341861200006],[24.04404906800005,50.463983778000056],[23.72402233500003,50.37885022900008],[23.547642,50.25160199900006],[23.349815469000077,50.39570221000008],[23.005540419000056,50.29353461900007],[22.638222,50.30307749900004],[22.472322606000034,50.40112514600003],[22.540894168000023,50.484059753000054],[22.519738,50.58323349900007],[22.23037401600004,50.636274281000055],[22.12893596500004,50.801932728000054],[21.864303500000062,50.80270649900007],[21.802998,51.07207899900004],[21.853299348000064,51.49489894100003],[21.61554250000006,51.61756199900003],[21.875200548000066,51.69744790800007],[21.93995479000006,51.99031867900004],[22.498313918000065,52.05358832600007],[22.62290150000007,52.018744499000036],[22.68027939500007,52.09415377500005],[22.925738180000053,52.102471869000055],[23.128409,52.28784149900008],[23.178338,52.28314099900007],[23.660006186000032,52.047741157000075]]]}},{"type":"Feature","properties":{"CNTR_CODE":"PL","LEVL_CODE":2,"NUTS_ID":"PL82","NUTS_NAME":"Podkarpackie","NAME_LATN":"Podkarpackie"},"geometry":{"type":"Polygon","coordinates":[[[22.638222,50.30307749900004],[23.005540419000056,50.29353461900007],[23.349815469000077,50.39570221000008],[23.547642,50.25160199900006],[22.686149500000056,49.57316549900003],[22.745236703000046,49.234570192000035],[22.83288852100003,49.068794463000074],[22.56684,49.088377499000046],[22.06820484700006,49.220134365000035],[21.879028066000046,49.37594676300006],[21.39771250000007,49.433793999000045],[21.33370801800004,49.695709125000064],[21.241772,49.77610449900004],[21.31921305900005,49.811186244000055],[21.297149500000046,49.84286399900003],[21.167574427000034,49.97402572400006],[21.20883150000003,50.35489749900006],[21.45014204900008,50.463983778000056],[21.794167427000048,50.66863438900003],[21.864303500000062,50.80270649900007],[22.12893596500004,50.801932728000054],[22.23037401600004,50.636274281000055],[22.519738,50.58323349900007],[22.540894168000023,50.484059753000054],[22.472322606000034,50.40112514600003],[22.638222,50.30307749900004]]]}},{"type":"Feature","properties":{"CNTR_CODE":"PL","LEVL_CODE":2,"NUTS_ID":"PL84","NUTS_NAME":"Podlaskie","NAME_LATN":"Podlaskie"},"geometry":{"type":"Polygon","coordinates":[[[23.588702,53.69592849900005],[23.86252584700003,53.20144491500008],[23.916239,52.90481199900006],[23.902948610000067,52.69681581700007],[23.45972334000004,52.54028700500004],[23.178338,52.28314099900007],[23.128409,52.28784149900008],[22.59941434800004,52.401076673000034],[22.408589,52.60968999900007],[22.43173684800007,52.780272652000065],[22.303218757000025,52.78253437300003],[22.264544638000075,52.86276674900006],[22.046593448000067,52.861649681000074],[21.676842887000078,53.20144491500008],[21.612953,53.48083349900003],[21.84691246500006,53.46849163400003],[22.135728,53.54453999900005],[22.71082106800003,53.79132634500007],[22.761377631000073,53.91837054200005],[22.517377315000033,54.19841685000006],[22.792095500000073,54.36335899900007],[22.964955149000048,54.38668116300005],[23.321498500000075,54.253325999000026],[23.496045480000078,54.12555535300004],[23.51465,53.956559999000035],[23.588702,53.69592849900005]]]}},{"type":"Feature","properties":{"CNTR_CODE":"PL","LEVL_CODE":2,"NUTS_ID":"PL91","NUTS_NAME":"Warszawski sto\u0142eczny","NAME_LATN":"Warszawski sto\u0142eczny"},"geometry":{"type":"Polygon","coordinates":[[[21.121797,52.55358799900006],[21.427769702000035,52.47625260900003],[21.596811500000058,52.55323149900005],[21.711038167000027,52.47852061300006],[21.790451132000044,52.282111375000056],[21.914903090000053,52.21712648000005],[21.931733275000056,52.089613427000074],[21.84850983000007,51.98852631900007],[21.56689711300004,52.028024164000044],[21.27580450000005,51.876791999000034],[21.23911,51.901630999000076],[20.627905602000055,51.964552267000045],[20.36292137500004,52.25221288700004],[20.41745718900006,52.389403257000026],[20.76673954200004,52.63425703000007],[20.930469500000072,52.558939999000074],[21.121797,52.55358799900006]]]}},{"type":"Feature","properties":{"CNTR_CODE":"PL","LEVL_CODE":2,"NUTS_ID":"PL92","NUTS_NAME":"Mazowiecki regionalny","NAME_LATN":"Mazowiecki regionalny"},"geometry":{"type":"Polygon","coordinates":[[[21.676842887000078,53.20144491500008],[22.046593448000067,52.861649681000074],[22.264544638000075,52.86276674900006],[22.303218757000025,52.78253437300003],[22.43173684800007,52.780272652000065],[22.408589,52.60968999900007],[22.59941434800004,52.401076673000034],[23.128409,52.28784149900008],[22.925738180000053,52.102471869000055],[22.68027939500007,52.09415377500005],[22.62290150000007,52.018744499000036],[22.498313918000065,52.05358832600007],[21.93995479000006,51.99031867900004],[21.875200548000066,51.69744790800007],[21.61554250000006,51.61756199900003],[21.853299348000064,51.49489894100003],[21.802998,51.07207899900004],[21.630164500000035,51.06338899900004],[21.44251992200003,51.02627016500003],[20.959141470000077,51.18187733100007],[20.769887134000044,51.160129866000034],[20.432815,51.33940499900007],[20.497118361000048,51.48411043300007],[20.41745718900006,51.60538183400007],[20.385006,51.64160999900008],[20.615729289000058,51.71502972300004],[20.572550892000038,51.850285073000066],[20.28815504800008,51.959075631000076],[20.214842200000078,52.11868964300004],[19.936101,52.29973349900007],[19.654232087000025,52.261805965000065],[19.289184500000033,52.39271249900003],[19.49689077100004,52.75096948100003],[19.444664,52.93904249900004],[19.684806,52.96303899900005],[19.670004281000047,53.09092180400006],[19.761595500000055,53.151796499000056],[19.880256892000034,53.19832425800007],[20.24292130200007,53.148225522000075],[20.411137,53.21416499900005],[20.675954,53.26952949900004],[21.55169,53.47812799900004],[21.612953,53.48083349900003],[21.676842887000078,53.20144491500008]],[[20.41745718900006,52.389403257000026],[20.36292137500004,52.25221288700004],[20.627905602000055,51.964552267000045],[21.23911,51.901630999000076],[21.27580450000005,51.876791999000034],[21.56689711300004,52.028024164000044],[21.84850983000007,51.98852631900007],[21.931733275000056,52.089613427000074],[21.914903090000053,52.21712648000005],[21.790451132000044,52.282111375000056],[21.711038167000027,52.47852061300006],[21.596811500000058,52.55323149900005],[21.427769702000035,52.47625260900003],[21.121797,52.55358799900006],[20.930469500000072,52.558939999000074],[20.76673954200004,52.63425703000007],[20.41745718900006,52.389403257000026]]]}},{"type":"Feature","properties":{"CNTR_CODE":"PT","LEVL_CODE":2,"NUTS_ID":"PT11","NUTS_NAME":"Norte","NAME_LATN":"Norte"},"geometry":{"type":"Polygon","coordinates":[[[-8.196292029999938,41.92518447500004],[-8.165075499999944,41.81830199900003],[-8.05186249999997,41.820613999000045],[-7.734527950999961,41.90198864000007],[-7.416297006999969,41.82755275900007],[-7.200464499999953,41.87974949900007],[-7.159132773999943,41.97323650000004],[-6.985800499999925,41.97144699900008],[-6.603419268999971,41.93173649800008],[-6.519029273999934,41.70671393500004],[-6.309195422999949,41.65699488000007],[-6.206086998999979,41.562923365000074],[-6.34427253399997,41.38045182800005],[-6.415567428999964,41.344960857000046],[-6.444774729999949,41.30352172700003],[-6.479713,41.29437999900006],[-6.689786,41.20524149900007],[-6.808964068999956,41.05535228800005],[-6.929903499999966,41.02946649900008],[-7.150922554999966,40.93800302900007],[-7.202001336999956,41.02054557400004],[-7.307167629999981,41.017916753000065],[-7.454204,40.81260799900008],[-7.669481810999969,40.86926747700005],[-7.726478817999975,40.950240887000064],[-7.915681,41.01997399900006],[-8.089172,40.98755549900005],[-8.126666540999963,40.87126111400005],[-8.273369,40.76317349900006],[-8.510689732999936,40.78167843700004],[-8.653119499999946,40.96477849900003],[-8.776428,41.47197149900006],[-8.799327221999931,41.562923365000074],[-8.81157449999995,41.611567499000046],[-8.863186,41.87206649900003],[-8.60835721199993,42.051533781000046],[-8.199000499999954,42.15441899900003],[-8.104500905999942,42.03778333400004],[-8.196292029999938,41.92518447500004]]]}},{"type":"Feature","properties":{"CNTR_CODE":"PT","LEVL_CODE":2,"NUTS_ID":"PT15","NUTS_NAME":"Algarve","NAME_LATN":"Algarve"},"geometry":{"type":"Polygon","coordinates":[[[-7.40191649999997,37.17482749900006],[-7.887699263999934,36.972877571000026],[-8.174125640999932,37.07980899200004],[-8.579201772999966,37.11358208100006],[-8.958035351999968,37.01906775200007],[-8.910820354999942,37.18990958100005],[-8.796321499999976,37.44294799900007],[-8.469942962999937,37.38535776900005],[-8.377926499999944,37.427264999000045],[-8.077433061999955,37.32940661200007],[-7.783332339999959,37.47634020600003],[-7.51269149999996,37.526256499000056],[-7.40191649999997,37.17482749900006]]]}},{"type":"Feature","properties":{"CNTR_CODE":"PT","LEVL_CODE":2,"NUTS_ID":"PT16","NUTS_NAME":"Centro (PT)","NAME_LATN":"Centro (PT)"},"geometry":{"type":"Polygon","coordinates":[[[-6.929903499999966,41.02946649900008],[-6.812963117999971,40.83497444300008],[-6.800723395999967,40.36111742300005],[-6.865144,40.27069449900006],[-6.95129849999995,40.257445999000026],[-7.005429124999978,40.160101448000034],[-6.878291647999959,39.97527314900003],[-7.023889292999968,39.68647085900005],[-7.542929,39.662814999000034],[-7.825104,39.53736499900003],[-7.965000245999931,39.53713369600007],[-7.967274429999975,39.40363924800005],[-8.172599499999933,39.233313499000076],[-8.352287912999941,39.44883781300007],[-8.685621820999927,39.41447980300006],[-8.75938149999996,39.47574149900004],[-8.903421,39.46600749900006],[-8.98785111899997,39.34401942300008],[-8.930277,39.01802499900003],[-9.123066408999932,38.94329920300004],[-9.416455,39.05469699900004],[-9.341222849999951,39.34823565700003],[-9.140281228999982,39.52552864900008],[-9.040260499999931,39.741422999000065],[-8.894933,40.045502999000064],[-8.784029,40.52036499900004],[-8.687300187999938,40.691844323000055],[-8.653119499999946,40.96477849900003],[-8.510689732999936,40.78167843700004],[-8.273369,40.76317349900006],[-8.126666540999963,40.87126111400005],[-8.089172,40.98755549900005],[-7.915681,41.01997399900006],[-7.726478817999975,40.950240887000064],[-7.669481810999969,40.86926747700005],[-7.454204,40.81260799900008],[-7.307167629999981,41.017916753000065],[-7.202001336999956,41.02054557400004],[-7.150922554999966,40.93800302900007],[-6.929903499999966,41.02946649900008]]]}},{"type":"Feature","properties":{"CNTR_CODE":"PT","LEVL_CODE":2,"NUTS_ID":"PT17","NUTS_NAME":"\u00c1rea Metropolitana de Lisboa","NAME_LATN":"\u00c1rea Metropolitana de Lisboa"},"geometry":{"type":"Polygon","coordinates":[[[-8.930277,39.01802499900003],[-8.88273623699996,38.96395818700006],[-8.968466,38.82776499900007],[-8.924881,38.75867399900005],[-8.776840533999973,38.75273630800007],[-8.682108649999975,38.82240387500008],[-8.546797499999968,38.76343599900008],[-8.524935588999938,38.71176551800005],[-8.639114,38.54949099900006],[-8.735063,38.51567249900006],[-9.180165659999943,38.43422593200006],[-9.247103194999966,38.63680497400003],[-9.486994338999978,38.74233811600004],[-9.416455,39.05469699900004],[-9.123066408999932,38.94329920300004],[-8.930277,39.01802499900003]]]}},{"type":"Feature","properties":{"CNTR_CODE":"PT","LEVL_CODE":2,"NUTS_ID":"PT18","NUTS_NAME":"Alentejo","NAME_LATN":"Alentejo"},"geometry":{"type":"Polygon","coordinates":[[[-7.231467,39.27843099900008],[-7.126447189999965,39.12279748800006],[-6.967525686999977,39.03183290000004],[-7.06796765699994,38.84592828900003],[-7.203135,38.751017499000056],[-7.308408654999937,38.45817209200004],[-7.107952499999953,38.18812149900003],[-6.931738499999938,38.20837799900005],[-7.012678035999954,38.039935298000046],[-7.236406944999942,37.96403325500006],[-7.51269149999996,37.526256499000056],[-7.783332339999959,37.47634020600003],[-8.077433061999955,37.32940661200007],[-8.377926499999944,37.427264999000045],[-8.469942962999937,37.38535776900005],[-8.796321499999976,37.44294799900007],[-8.79826279699995,37.85932011400007],[-8.865152792999936,37.977558283000064],[-8.735063,38.51567249900006],[-8.639114,38.54949099900006],[-8.524935588999938,38.71176551800005],[-8.546797499999968,38.76343599900008],[-8.682108649999975,38.82240387500008],[-8.776840533999973,38.75273630800007],[-8.924881,38.75867399900005],[-8.968466,38.82776499900007],[-8.88273623699996,38.96395818700006],[-8.930277,39.01802499900003],[-8.98785111899997,39.34401942300008],[-8.903421,39.46600749900006],[-8.75938149999996,39.47574149900004],[-8.685621820999927,39.41447980300006],[-8.352287912999941,39.44883781300007],[-8.172599499999933,39.233313499000076],[-7.967274429999975,39.40363924800005],[-7.965000245999931,39.53713369600007],[-7.825104,39.53736499900003],[-7.542929,39.662814999000034],[-7.314887160999945,39.45588890500005],[-7.231467,39.27843099900008]]]}},{"type":"Feature","properties":{"CNTR_CODE":"PT","LEVL_CODE":2,"NUTS_ID":"PT20","NUTS_NAME":"Regi\u00e3o Aut\u00f3noma dos A\u00e7ores","NAME_LATN":"Regi\u00e3o Aut\u00f3noma dos A\u00e7ores"},"geometry":{"type":"MultiPolygon","coordinates":[[[[-25.051564664999944,37.01486541100007],[-25.012226905999967,36.92820283400005],[-25.170617127999947,36.94374153600006],[-25.18988135199993,36.98599635900007],[-25.051564664999944,37.01486541100007]]],[[[-25.691902196999933,37.84324117800003],[-25.58585973099997,37.814243942000076],[-25.488030569999978,37.847061739000026],[-25.427489616999935,37.82454777400005],[-25.260434051999937,37.862407318000066],[-25.14769375399993,37.85060206500003],[-25.137143253999966,37.781015825000054],[-25.169263889999968,37.74204806800003],[-25.24865088399997,37.74621973100005],[-25.367980100999944,37.713461824000035],[-25.50988764799996,37.70688024000003],[-25.56635071599993,37.74282090200006],[-25.698151319999965,37.735762142000056],[-25.843257731999984,37.82921144300008],[-25.85591325799993,37.86067257800005],[-25.78586392099993,37.91088267200007],[-25.691902196999933,37.84324117800003]]],[[[-27.04367922299997,38.735894],[-27.079074034999962,38.643552699000054],[-27.277289666999934,38.65252949300003],[-27.352344375999962,38.68714511300004],[-27.38020641099996,38.747667758000034],[-27.333685599999967,38.79386646800003],[-27.25702672999995,38.803036391000035],[-27.102080229999956,38.78546686900006],[-27.04367922299997,38.735894]]],[[[-27.787991014999932,38.563921460000074],[-27.82869597499996,38.53425151400006],[-27.943995565999955,38.58968653000005],[-28.02571544799997,38.60248198000005],[-28.222093997999934,38.680679602000055],[-28.22790977899996,38.70520208500005],[-28.204855545999976,38.72273080200006],[-28.02485490999993,38.67184144700008],[-27.787991014999932,38.563921460000074]]],[[[-27.991624591999937,39.098562782000045],[-27.93064749299998,39.01262023800007],[-28.044020915999965,39.016508213000066],[-28.08960612599998,39.071710739000025],[-27.991624591999937,39.098562782000045]]],[[[-28.046695321999948,38.441890933000025],[-28.043546017999972,38.40493414800005],[-28.451891342999943,38.41836564000005],[-28.526103258999967,38.45207871000008],[-28.55274333099993,38.51231702100006],[-28.52447416399997,38.55231059100004],[-28.39436462499998,38.56252386500006],[-28.185928814999954,38.46288687900005],[-28.046695321999948,38.441890933000025]]],[[[-28.626327042999947,38.524617179000074],[-28.750820749999946,38.52242302700006],[-28.815880532999984,38.59053503300004],[-28.71494962199995,38.64473759700007],[-28.597137763999967,38.592723618000036],[-28.626327042999947,38.524617179000074]]],[[[-31.06361355399997,39.66972590000006],[-31.118986930999938,39.632386506000046],[-31.157605590999935,39.70530542800003],[-31.134966082999938,39.755843620000064],[-31.065542625999967,39.74358564200003],[-31.06361355399997,39.66972590000006]]],[[[-31.123068746999934,39.463798938000025],[-31.174458266999977,39.37186324000004],[-31.250352058999965,39.37269715100007],[-31.271183383999983,39.45239367700003],[-31.23748027099998,39.52472312900005],[-31.123068746999934,39.463798938000025]]]]}},{"type":"Feature","properties":{"CNTR_CODE":"PT","LEVL_CODE":2,"NUTS_ID":"PT30","NUTS_NAME":"Regi\u00e3o Aut\u00f3noma da Madeira","NAME_LATN":"Regi\u00e3o Aut\u00f3noma da Madeira"},"geometry":{"type":"MultiPolygon","coordinates":[[[[-15.845429105999926,30.20349024400008],[-15.810426334999931,30.094225694000045],[-15.92634325499995,30.117473636000057],[-15.90382355099996,30.194402181000044],[-15.845429105999926,30.20349024400008]]],[[[-16.27466809599997,33.053159306000055],[-16.36633408499995,33.025186258000076],[-16.40717938299997,33.053743965000024],[-16.31761885399993,33.125972053000055],[-16.273729582999977,33.115727098000036],[-16.27466809599997,33.053159306000055]]],[[[-17.197131550999927,32.87259100700004],[-17.051850573999957,32.80996055000003],[-16.905288507999956,32.83803966800008],[-16.818782536999947,32.76874440800003],[-16.74424811299997,32.74918377600005],[-16.82854508899993,32.63942048900003],[-16.942319359999942,32.63094712700007],[-17.21566792799996,32.736709001000065],[-17.26976819799995,32.81591181700003],[-17.197131550999927,32.87259100700004]]]]}},{"type":"Feature","properties":{"CNTR_CODE":"RO","LEVL_CODE":2,"NUTS_ID":"RO11","NUTS_NAME":"Nord-Vest","NAME_LATN":"Nord-Vest"},"geometry":{"type":"Polygon","coordinates":[[[23.193141342000047,48.10954608700007],[23.493605,47.96781149900005],[23.569540919000076,48.00715265900004],[24.215330666000057,47.90290394900006],[24.56784286900006,47.955976451000026],[24.947100500000033,47.72912399900008],[25.02210869000004,47.66731240200005],[24.960837500000025,47.596850999000026],[25.075296552000054,47.51239990400006],[25.063383,47.13653849900004],[24.860746979000055,47.08754303900008],[24.709029608000037,46.92625561700004],[24.571143106000022,46.921035747000076],[24.40102433800007,46.76217447500005],[24.179575500000055,46.804696499000045],[24.089070563000064,46.737823330000026],[23.985275,46.43091799900003],[23.623410153000066,46.43273092600003],[23.388519969000072,46.530138297000065],[23.062094456000068,46.481750470000065],[22.811950500000023,46.56885949900004],[22.689849007000078,46.51272268500003],[22.67657550000007,46.40582549900006],[22.429523863000043,46.400250877000076],[22.05608989700005,46.63998312700005],[21.441398,46.651466999000036],[21.658955,47.02213149900007],[22.01472075600003,47.39794173300004],[22.041073100000062,47.52208987300003],[22.12832,47.598089499000025],[22.180837500000052,47.60009449900008],[22.22183771500005,47.66731240200005],[22.466854351000052,47.78862331000005],[22.667929489000073,47.79513943100005],[22.89627050000007,47.954120499000055],[23.193141342000047,48.10954608700007]]]}},{"type":"Feature","properties":{"CNTR_CODE":"RO","LEVL_CODE":2,"NUTS_ID":"RO12","NUTS_NAME":"Centru","NAME_LATN":"Centru"},"geometry":{"type":"Polygon","coordinates":[[[25.396299527000053,47.17304718100007],[25.661582500000065,47.091646499000035],[25.771440079000058,46.99028906400008],[25.82775655200004,46.71813537200006],[25.975159500000075,46.69731249900008],[26.028323999000065,46.42818862100006],[26.24231982200007,46.32388827800003],[26.263439,46.246338499000046],[26.439984500000037,46.038876499000025],[26.39209450000004,45.80238949900007],[26.299790581000025,45.61845819100006],[26.093334500000026,45.51630599900005],[26.072718500000065,45.50578799900006],[25.452539,45.44134199900003],[25.321577500000046,45.38108899900004],[25.106836761000068,45.576393963000044],[24.684925500000077,45.604110999000056],[24.523132,45.58056399900005],[23.703613,45.49677199900003],[23.597270500000036,45.47347149900003],[23.434890628000062,45.60477644500003],[23.243094403000043,45.99716974100005],[23.100674754000067,46.065285895000045],[23.064502599000036,46.19301118100003],[22.912073251000038,46.32033878400006],[22.748716,46.351207499000054],[22.67657550000007,46.40582549900006],[22.689849007000078,46.51272268500003],[22.811950500000023,46.56885949900004],[23.062094456000068,46.481750470000065],[23.388519969000072,46.530138297000065],[23.623410153000066,46.43273092600003],[23.985275,46.43091799900003],[24.089070563000064,46.737823330000026],[24.179575500000055,46.804696499000045],[24.40102433800007,46.76217447500005],[24.571143106000022,46.921035747000076],[24.709029608000037,46.92625561700004],[24.860746979000055,47.08754303900008],[25.063383,47.13653849900004],[25.246710500000063,47.09791899900006],[25.396299527000053,47.17304718100007]]]}},{"type":"Feature","properties":{"CNTR_CODE":"RO","LEVL_CODE":2,"NUTS_ID":"RO21","NUTS_NAME":"Nord-Est","NAME_LATN":"Nord-Est"},"geometry":{"type":"Polygon","coordinates":[[[27.391166500000054,47.58939749900003],[27.84712419400006,47.11680918900004],[28.077996668000026,46.97623346600005],[28.11380550000007,46.838410999000075],[28.239720654000052,46.61637494900003],[28.241329998000026,46.42776222500004],[28.143893082000034,46.25519658800005],[28.115802,46.10782699900005],[27.62016581000006,46.13711748000003],[27.564994511000066,46.02046342400007],[27.503053,46.139620999000044],[27.492818500000055,46.15921299900003],[27.282604289000062,46.19251370400008],[26.928487016000076,46.077307888000064],[26.439984500000037,46.038876499000025],[26.263439,46.246338499000046],[26.24231982200007,46.32388827800003],[26.028323999000065,46.42818862100006],[25.975159500000075,46.69731249900008],[25.82775655200004,46.71813537200006],[25.771440079000058,46.99028906400008],[25.661582500000065,47.091646499000035],[25.396299527000053,47.17304718100007],[25.246710500000063,47.09791899900006],[25.063383,47.13653849900004],[25.075296552000054,47.51239990400006],[24.960837500000025,47.596850999000026],[25.02210869000004,47.66731240200005],[24.947100500000033,47.72912399900008],[25.089718422000033,47.74828608900003],[25.28850595800003,47.906777516000034],[25.89485028000007,47.962098430000026],[26.098827500000027,47.978795999000056],[26.20568912400006,48.01802960400005],[26.350629058000038,48.18417125500008],[26.63056,48.259749999000064],[26.806723272000056,48.24504224900005],[27.019341094000026,48.12084045300003],[27.168729927000072,47.95006217200006],[27.316038675000073,47.64265761200005],[27.391166500000054,47.58939749900003]]]}},{"type":"Feature","properties":{"CNTR_CODE":"RO","LEVL_CODE":2,"NUTS_ID":"RO22","NUTS_NAME":"Sud-Est","NAME_LATN":"Sud-Est"},"geometry":{"type":"Polygon","coordinates":[[[27.503053,46.139620999000044],[27.564994511000066,46.02046342400007],[27.62016581000006,46.13711748000003],[28.115802,46.10782699900005],[28.164582877000043,45.68663931200007],[28.112115147000054,45.596532006000075],[28.21136,45.46727999900003],[28.409533473000067,45.30886852200007],[28.747377388000075,45.24904783000005],[29.433194737000065,45.42780738700003],[29.614706787000046,45.34808444600003],[29.679639500000064,45.21183799900007],[29.61044030000005,44.85355745700008],[29.169947364000052,44.77643092500006],[28.994085,44.67962549900005],[28.644133270000054,44.30977808500006],[28.656857820000027,43.987710020000065],[28.578884,43.73873899900008],[28.22233914800006,43.76519221400008],[28.01229807800007,43.84371279800007],[27.920156532000078,43.98938564700006],[27.69541,43.98734299900008],[27.394570180000073,44.02226028600006],[27.271340500000065,44.12633549900005],[27.923001058000068,44.25807146900007],[28.017374,44.34024899900004],[28.09116573600005,44.45573408900003],[27.881007,44.76307649900008],[27.814788532000023,44.803513070000065],[27.203458500000067,44.78707399900003],[26.605551500000047,44.85699399900005],[26.450381416000027,45.17427579200006],[26.25564312000006,45.22750664800003],[26.072718500000065,45.50578799900006],[26.093334500000026,45.51630599900005],[26.299790581000025,45.61845819100006],[26.39209450000004,45.80238949900007],[26.439984500000037,46.038876499000025],[26.928487016000076,46.077307888000064],[27.282604289000062,46.19251370400008],[27.492818500000055,46.15921299900003],[27.503053,46.139620999000044]]]}},{"type":"Feature","properties":{"CNTR_CODE":"RO","LEVL_CODE":2,"NUTS_ID":"RO31","NUTS_NAME":"Sud-Muntenia","NAME_LATN":"Sud-Muntenia"},"geometry":{"type":"Polygon","coordinates":[[[25.106836761000068,45.576393963000044],[25.321577500000046,45.38108899900004],[25.452539,45.44134199900003],[26.072718500000065,45.50578799900006],[26.25564312000006,45.22750664800003],[26.450381416000027,45.17427579200006],[26.605551500000047,44.85699399900005],[27.203458500000067,44.78707399900003],[27.814788532000023,44.803513070000065],[27.881007,44.76307649900008],[28.09116573600005,44.45573408900003],[28.017374,44.34024899900004],[27.923001058000068,44.25807146900007],[27.271340500000065,44.12633549900005],[26.949046874000032,44.13830561000003],[26.381823,44.03861199900007],[26.358182,44.03716049900004],[26.118640674000062,43.96671281300007],[25.89485028000007,43.80318397800005],[25.672201,43.68814849900008],[25.54453950000004,43.64284549900003],[25.296372500000075,43.65541899900006],[24.654779500000075,43.72358649900008],[24.72102042700004,43.79507486400007],[24.618215813000063,43.99470104000005],[24.833320771000047,44.09732587700006],[24.808558525000024,44.21824181100004],[24.88401950000008,44.38263649900006],[24.764122446000044,44.41308950400003],[24.678971854000054,44.72216264200006],[24.53711545400006,44.84520676000005],[24.438121,44.845375499000056],[24.471694369000033,44.88632295000008],[24.523132,45.58056399900005],[24.684925500000077,45.604110999000056],[25.106836761000068,45.576393963000044]],[[25.919375871000057,44.33829186000003],[26.115401657000064,44.25931267200008],[26.259956500000044,44.29498599900006],[26.41606050000007,44.52168299900006],[26.301818500000024,44.76887499900005],[25.970744,44.71040849900004],[25.89485028000007,44.536879955000074],[25.919375871000057,44.33829186000003]]]}},{"type":"Feature","properties":{"CNTR_CODE":"RO","LEVL_CODE":2,"NUTS_ID":"RO32","NUTS_NAME":"Bucure\u015fti-Ilfov","NAME_LATN":"Bucure\u015fti-Ilfov"},"geometry":{"type":"Polygon","coordinates":[[[26.259956500000044,44.29498599900006],[26.115401657000064,44.25931267200008],[25.919375871000057,44.33829186000003],[25.89485028000007,44.536879955000074],[25.970744,44.71040849900004],[26.301818500000024,44.76887499900005],[26.41606050000007,44.52168299900006],[26.259956500000044,44.29498599900006]]]}},{"type":"Feature","properties":{"CNTR_CODE":"RO","LEVL_CODE":2,"NUTS_ID":"RO41","NUTS_NAME":"Sud-Vest Oltenia","NAME_LATN":"Sud-Vest Oltenia"},"geometry":{"type":"Polygon","coordinates":[[[24.53711545400006,44.84520676000005],[24.678971854000054,44.72216264200006],[24.764122446000044,44.41308950400003],[24.88401950000008,44.38263649900006],[24.808558525000024,44.21824181100004],[24.833320771000047,44.09732587700006],[24.618215813000063,43.99470104000005],[24.72102042700004,43.79507486400007],[24.654779500000075,43.72358649900008],[24.480323200000043,43.75146362000004],[24.323522500000024,43.69768599900004],[24.112043500000027,43.69994599900008],[23.630393,43.79104999900005],[23.409481476000053,43.84984642200004],[22.997171,43.807867499000054],[22.857772977000025,43.87576777500004],[22.895159970000066,43.97530005100003],[23.022876920000044,44.04172940900003],[22.966369,44.098288499000034],[22.67516150000006,44.215662999000074],[22.47829175000004,44.44860465900007],[22.61000295900004,44.53297924900005],[22.730358522000074,44.53509599200004],[22.704918157000066,44.59406940300005],[22.41753228700003,44.69349738500006],[22.14541791700003,44.484223747000044],[22.016132500000026,44.59920249900006],[22.14098090300007,44.611311674000035],[22.209683634000044,44.79931122800008],[22.404193018000058,44.77163769400005],[22.48707807900007,44.88632295000008],[22.512892042000033,44.98437643800003],[22.656632,45.10816699900005],[22.58337537600005,45.16299842600006],[22.68624650000004,45.257960999000034],[23.59064,45.35307249900006],[23.597270500000036,45.47347149900003],[23.703613,45.49677199900003],[24.523132,45.58056399900005],[24.471694369000033,44.88632295000008],[24.438121,44.845375499000056],[24.53711545400006,44.84520676000005]]]}},{"type":"Feature","properties":{"CNTR_CODE":"RO","LEVL_CODE":2,"NUTS_ID":"RO42","NUTS_NAME":"Vest","NAME_LATN":"Vest"},"geometry":{"type":"Polygon","coordinates":[[[22.05608989700005,46.63998312700005],[22.429523863000043,46.400250877000076],[22.67657550000007,46.40582549900006],[22.748716,46.351207499000054],[22.912073251000038,46.32033878400006],[23.064502599000036,46.19301118100003],[23.100674754000067,46.065285895000045],[23.243094403000043,45.99716974100005],[23.434890628000062,45.60477644500003],[23.597270500000036,45.47347149900003],[23.59064,45.35307249900006],[22.68624650000004,45.257960999000034],[22.58337537600005,45.16299842600006],[22.656632,45.10816699900005],[22.512892042000033,44.98437643800003],[22.48707807900007,44.88632295000008],[22.404193018000058,44.77163769400005],[22.209683634000044,44.79931122800008],[22.14098090300007,44.611311674000035],[22.016132500000026,44.59920249900006],[22.012350500000025,44.602318499000035],[21.654559386000074,44.668561616000034],[21.572770384000023,44.75158652600004],[21.35847,44.82161199900003],[21.54713909700007,44.88632295000008],[21.40621421000003,45.00124733300004],[21.503736464000042,45.12989592800005],[21.479178500000046,45.19302749900004],[21.016575,45.32462749900003],[20.818005436000078,45.49155315300004],[20.810317712000028,45.753630145000045],[20.662833,45.79411599900004],[20.264296,46.12637349900007],[20.70530350000007,46.160937499000056],[20.7756,46.27590999900008],[21.036237819000064,46.251000144000045],[21.16051967800007,46.31083094500008],[21.29705473200005,46.43146230900004],[21.315651528000046,46.59908536900008],[21.441398,46.651466999000036],[22.05608989700005,46.63998312700005]]]}},{"type":"Feature","properties":{"CNTR_CODE":"SE","LEVL_CODE":2,"NUTS_ID":"SE11","NUTS_NAME":"Stockholm","NAME_LATN":"Stockholm"},"geometry":{"type":"MultiPolygon","coordinates":[[[[18.759031366000045,60.20412749500008],[18.92511488300005,59.95438030500003],[19.134421623000037,59.836556201000064],[19.12205852900007,59.73564023700004],[18.82179399200004,59.660254026000075],[18.779905075000045,59.34852850700008],[18.826250365000078,59.33309977300007],[18.922152604000075,59.447685077000074],[18.944876158000056,59.363685641000075],[18.531641270000023,59.03858334300003],[18.265143769000076,59.069564709000076],[17.863507885000047,58.84110797500006],[17.572396,58.950852499000064],[17.444820967000055,58.99012972400004],[17.346089574000075,59.024159663000034],[17.268497547000038,59.21127881100006],[17.416126500000075,59.38413999900007],[17.444820967000055,59.44371938200004],[17.489673930000038,59.44707211600007],[17.479033239000046,59.50552832300008],[17.542275678000067,59.53866988400006],[17.533615412000074,59.62183005700007],[17.60289539300004,59.67364064900005],[18.05839506800004,59.744257677000064],[18.144311421000054,59.82109505300008],[18.247526879000077,59.83396193500005],[18.371819172000073,59.87609932400005],[18.513265500000045,60.14808899900004],[18.664963896000074,60.13988468200006],[18.759031366000045,60.20412749500008]]],[[[18.331698879000044,58.91043649800008],[18.205054437000058,58.89712413700005],[18.18852088400007,58.93174090100007],[18.307110771000055,58.99466117600008],[18.331698879000044,58.91043649800008]]]]}},{"type":"Feature","properties":{"CNTR_CODE":"SE","LEVL_CODE":2,"NUTS_ID":"SE32","NUTS_NAME":"Mellersta Norrland","NAME_LATN":"Mellersta Norrland"},"geometry":{"type":"MultiPolygon","coordinates":[[[[15.254014131000076,64.69402711500004],[15.566979082000046,64.47838779300008],[15.689507497000022,64.50027197900005],[16.070179366000048,64.26602009600003],[16.257422158000054,64.24232118900005],[16.358218708000038,64.19548772700006],[16.42041460400003,64.16658942600003],[16.718954,64.02787799900005],[16.967558390000022,63.94419233900004],[17.67191967800005,63.89043600300005],[18.391952767000078,63.97707691000005],[18.53133279800005,63.851199963000056],[18.97843851600004,63.726355623000075],[19.286468,63.469719499000064],[19.229476824000074,63.39191163600003],[19.160887368000033,63.29826908600006],[18.996609988000046,63.21653297300003],[18.740288158000055,63.26630357100004],[18.751984228000026,63.18980445300008],[18.532972218000054,63.08426455300008],[18.39253751700005,62.86500846100006],[18.189116315000035,62.78149897700007],[18.05768674500007,62.61761473300004],[17.474174687000072,62.35942309900008],[17.56762597900007,62.21851419800004],[17.489299500000072,62.13695049900008],[17.448433926000064,62.141587135000066],[16.174377466000067,62.24098638300006],[15.60900246400007,62.340029051000045],[15.32733950000005,62.272083499000075],[15.408290561000058,62.12366201600008],[15.115255765000029,61.99619925300004],[15.082387304000065,61.84299024000006],[14.64082815100005,61.87134140200004],[14.537421374000076,61.78728225900005],[14.447561500000063,61.594947999000055],[13.555044144000021,61.65682067800003],[13.275654719000045,61.90919241100005],[13.280072843000028,62.03968261400007],[13.047940484000037,62.05441217900005],[12.795557763000033,62.21245918200003],[12.29937,62.26749399900007],[12.25465950000006,62.33102449900008],[12.061549456000023,62.61992217200003],[12.123382991000028,62.744803965000074],[12.091166574000056,62.89482475300008],[12.19627944900003,63.00516510500006],[12.052455500000065,63.183444499000075],[12.016697983000029,63.28425393100008],[12.108448343000077,63.39191163600003],[12.187561834000064,63.48474153900008],[12.182367030000023,63.531662304000065],[12.17494157300007,63.59873087900007],[12.687594852000075,63.97561567900004],[13.198546348000036,64.09170621000004],[13.98649406800007,64.03249390000008],[14.112079686000072,64.16658942600003],[14.139144057000067,64.19548772700006],[14.095236400000033,64.43417349600003],[13.704432361000045,64.61180441100004],[14.325985,65.11891599900008],[14.994213592000051,64.81297420100003],[15.254014131000076,64.69402711500004]]],[[[17.795497069000078,62.232964020000054],[17.706463196000072,62.15591096500003],[17.63931645200006,62.20836894800004],[17.677158232000068,62.254634159000034],[17.795497069000078,62.232964020000054]]]]}},{"type":"Feature","properties":{"CNTR_CODE":"SE","LEVL_CODE":2,"NUTS_ID":"SE33","NUTS_NAME":"\u00d6vre Norrland","NAME_LATN":"\u00d6vre Norrland"},"geometry":{"type":"MultiPolygon","coordinates":[[[[24.12728932600004,65.73998001000007],[24.171741922000024,65.66169718100008],[24.093432070000063,65.66521624700005],[24.053090878000035,65.70477279200003],[24.12728932600004,65.73998001000007]]],[[[22.358618700000022,68.47398070700007],[23.046552709000025,68.30398214600007],[23.16627973100003,68.14999273700005],[23.29601622100006,68.13762099500008],[23.60821290000007,67.97125281500007],[23.622192382000037,67.92176470600003],[23.485590686000023,67.82657748500003],[23.53742231900003,67.59408583000004],[23.423482361000026,67.48425888100007],[23.73614928300003,67.42483111300004],[23.725833683000076,67.30516718700005],[23.59438232100007,67.26076115400008],[23.56465661900006,67.18822698000008],[23.96684266400007,66.83656388700007],[23.865476881000063,66.56956613000006],[23.675417955000057,66.45976686000006],[23.664251599000067,66.28982503900005],[23.73481359500005,66.20277841800004],[23.909204078000073,66.14601331800003],[24.115934812000035,65.92047297700003],[24.155129,65.81602699900003],[23.67620387100004,65.81662162800006],[23.132517551000035,65.73487700700008],[22.807068726000068,65.82734540800004],[22.739983584000072,65.73927128000008],[22.40290570800005,65.81832949300008],[22.32649152600004,65.61550232300004],[22.179174861000035,65.47229515200007],[21.97347693200004,65.47775629300003],[21.87388096600006,65.26970399800007],[21.679959245000077,65.31862644500006],[21.51445545400003,65.07438910000008],[21.148262516000045,64.80159753200007],[21.254353687000048,64.62611569200004],[21.46356886600006,64.47489273200006],[21.459012158000064,64.40191550100008],[21.028927659000033,64.16658942600003],[20.553223580000065,63.74764778400004],[20.027167317000078,63.64554944300005],[19.743539870000063,63.48474153900008],[19.70873381000007,63.46500759000003],[19.64558121700003,63.48474153900008],[19.51857504000003,63.524428482000076],[19.494354327000053,63.48474153900008],[19.466753324000024,63.43951580800007],[19.286468,63.469719499000064],[18.97843851600004,63.726355623000075],[18.53133279800005,63.851199963000056],[18.391952767000078,63.97707691000005],[17.67191967800005,63.89043600300005],[16.967558390000022,63.94419233900004],[16.718954,64.02787799900005],[16.42041460400003,64.16658942600003],[16.358218708000038,64.19548772700006],[16.257422158000054,64.24232118900005],[16.070179366000048,64.26602009600003],[15.689507497000022,64.50027197900005],[15.566979082000046,64.47838779300008],[15.254014131000076,64.69402711500004],[14.994213592000051,64.81297420100003],[14.325985,65.11891599900008],[14.379000173000065,65.24742279800006],[14.498012604000053,65.30585400700005],[14.512646699000072,65.57873828500004],[14.611698562000072,65.81306558000006],[14.569467747000033,65.96912183400008],[14.528795,66.09555849900005],[14.51736857700007,66.13242839200007],[14.630473681000069,66.13690055500007],[14.680868371000031,66.13889290100008],[14.872177689000068,66.14675315700003],[14.950520500000039,66.14997199900006],[15.03576557100007,66.15398942600007],[15.305451947000051,66.23268553900004],[15.481666218000044,66.28176723500007],[15.453994500000022,66.34523349900007],[15.400292888000024,66.48339627900003],[15.561373360000061,66.56956613000006],[16.04629699900005,66.91291432300005],[16.37087691100004,67.05084835000008],[16.385777717000053,67.20852525100008],[16.11545153700007,67.45966429800006],[16.452282939000042,67.56869046100007],[16.72581169600005,67.89559163200005],[17.287391703000026,68.10845958800007],[17.650898994000045,68.04136129600005],[17.89982186700007,67.98389111100005],[18.11366150400005,68.16606337300004],[18.125925,68.53651599900007],[18.438482435000026,68.56904600800004],[19.943723823000028,68.37728012000008],[20.119109175000062,68.45890743900003],[20.038779744000067,68.56604849500008],[20.305313647000048,68.80409357500008],[20.20494023300006,69.02478356400007],[20.548636500000043,69.05996849900004],[20.783064581000076,69.02376514200006],[20.93229890500004,68.90439804900006],[21.533170367000025,68.68123187500004],[22.063687449000042,68.48419561200006],[22.358618700000022,68.47398070700007]]],[[[23.791068240000072,65.74331224600007],[23.795030860000054,65.68262942800004],[23.69605894800003,65.68713560000003],[23.671832918000064,65.72848759400006],[23.700843501000065,65.77286772900004],[23.791068240000072,65.74331224600007]]],[[[23.008033186000034,65.68731563600005],[22.977805275000037,65.63721799600006],[22.858481459000075,65.71323208600006],[22.907715659000075,65.75728268100005],[23.008033186000034,65.68731563600005]]],[[[22.767929344000038,65.47834022100005],[22.70850389800006,65.45351691800005],[22.647737335000045,65.50419472500005],[22.531545966000067,65.51657658400006],[22.613446296000063,65.60899154100008],[22.729818427000055,65.54852087500007],[22.767929344000038,65.47834022100005]]],[[[20.946856720000028,63.76259017700005],[20.917510484000047,63.694684763000055],[20.859813789000043,63.697096731000045],[20.842401061000032,63.78476867000006],[20.894652397000073,63.81674772900004],[20.946856720000028,63.76259017700005]]]]}},{"type":"Feature","properties":{"CNTR_CODE":"SI","LEVL_CODE":2,"NUTS_ID":"SI03","NUTS_NAME":"Vzhodna Slovenija","NAME_LATN":"Vzhodna Slovenija"},"geometry":{"type":"Polygon","coordinates":[[[16.370793500000048,46.72224349900006],[16.596805,46.47590249900003],[16.373394339000072,46.534866289000036],[16.24214850000004,46.490075499000056],[16.301549,46.378287999000065],[16.139071256000022,46.39316475600003],[15.87349450000005,46.27931949900005],[15.791475500000047,46.25932749900005],[15.633887619000063,46.18273691400003],[15.627262,46.08595349900003],[15.695919306000064,46.05370236700003],[15.706407500000068,45.975261999000054],[15.65360663000007,45.84181466000007],[15.404425,45.79271699900005],[15.331290500000023,45.76285499900007],[15.28446064600007,45.72598060800004],[15.294762940000055,45.590522211000064],[15.359371963000058,45.485262688000034],[15.226437500000031,45.42708799900004],[14.97723383400006,45.513114845000075],[14.84300726600003,45.47163924900008],[14.767382263000059,45.51177196900005],[14.570012500000075,45.67294449900004],[14.387182851000034,45.499463939000066],[14.118196500000067,45.48123899900003],[14.042371500000058,45.76135899900004],[14.129577500000039,45.86949899900003],[14.481390349000037,45.86859944400004],[14.564807500000029,45.791461999000035],[14.767382263000059,45.75934545400003],[14.948575,45.97861049900007],[14.777352803000042,46.076177252000036],[14.908764500000075,46.20756599900005],[14.866936387000067,46.24227049900003],[14.767382263000059,46.25251281200008],[14.565212,46.36769699900003],[14.565175500000066,46.37245349900007],[14.674580500000047,46.450687499000026],[14.767382263000059,46.504343895000034],[14.896952663000036,46.609742306000044],[15.065120500000035,46.652112499000054],[15.401979500000039,46.65354849900007],[15.497870332000048,46.63122965200006],[15.649988,46.70575699900007],[15.786422,46.70746949900007],[16.014995277000025,46.67256487700007],[15.996236,46.835398499000064],[16.113849,46.86906799900004],[16.30953420000003,46.85006210700004],[16.370793500000048,46.72224349900006]]]}},{"type":"Feature","properties":{"CNTR_CODE":"SI","LEVL_CODE":2,"NUTS_ID":"SI04","NUTS_NAME":"Zahodna Slovenija","NAME_LATN":"Zahodna Slovenija"},"geometry":{"type":"Polygon","coordinates":[[[14.948575,45.97861049900007],[14.767382263000059,45.75934545400003],[14.564807500000029,45.791461999000035],[14.481390349000037,45.86859944400004],[14.129577500000039,45.86949899900003],[14.042371500000058,45.76135899900004],[14.118196500000067,45.48123899900003],[14.111284500000068,45.482335499000044],[13.651296,45.45405499900005],[13.610085274000028,45.51682799400004],[13.722140357000058,45.59496424900004],[13.840285203000064,45.59057028700005],[13.898382670000046,45.63599784000007],[13.776365062000025,45.74910866700003],[13.596243,45.80793749900005],[13.597145,45.81952249900007],[13.622900572000049,45.96372302100008],[13.517212869000048,45.98445095000005],[13.496939,46.05133499900006],[13.64318901200005,46.16533505800004],[13.432450440000025,46.24030066900008],[13.400869882000052,46.313733067000044],[13.684032,46.43747249900008],[13.714185,46.522703499000045],[14.43450050000007,46.44294349900008],[14.565175500000066,46.37245349900007],[14.565212,46.36769699900003],[14.767382263000059,46.25251281200008],[14.866936387000067,46.24227049900003],[14.908764500000075,46.20756599900005],[14.777352803000042,46.076177252000036],[14.948575,45.97861049900007]]]}},{"type":"Feature","properties":{"CNTR_CODE":"SK","LEVL_CODE":2,"NUTS_ID":"SK01","NUTS_NAME":"Bratislavsk\u00fd kraj","NAME_LATN":"Bratislavsk\u00fd kraj"},"geometry":{"type":"Polygon","coordinates":[[[17.24742750000007,48.012008999000045],[17.160797500000058,48.00665649900003],[17.066741,48.11868149900005],[16.976203,48.172244499000044],[16.851106,48.438634999000044],[16.949778,48.535791999000025],[17.350771732000055,48.623865049000074],[17.329244361000065,48.489367584000036],[17.505298888000027,48.22554142700005],[17.24742750000007,48.012008999000045]]]}},{"type":"Feature","properties":{"CNTR_CODE":"SK","LEVL_CODE":2,"NUTS_ID":"SK02","NUTS_NAME":"Z\u00e1padn\u00e9 Slovensko","NAME_LATN":"Z\u00e1padn\u00e9 Slovensko"},"geometry":{"type":"Polygon","coordinates":[[[18.67261708600006,48.94261424200005],[18.826351,48.74405899900006],[18.478677,48.54860399900008],[18.58011173600005,48.36431266200003],[18.767128660000026,48.39186316900003],[18.834698407000076,48.320791187000054],[18.84539514100004,48.185466553000026],[19.041192729000045,48.169363788000055],[19.01432250000005,48.077736499000025],[18.928392,48.05683249900005],[18.782448376000048,47.96073851400007],[18.779729049000025,47.87550223100004],[18.848478,47.818227999000044],[18.315269451000063,47.73710908600003],[17.893923,47.739456999000026],[17.705436500000076,47.758992499000044],[17.24742750000007,48.012008999000045],[17.505298888000027,48.22554142700005],[17.329244361000065,48.489367584000036],[17.350771732000055,48.623865049000074],[16.949778,48.535791999000025],[16.940278,48.617245499000035],[17.172340853000037,48.85478281200005],[17.39672550000006,48.81334999900008],[17.64693,48.85426599900006],[18.068522706000067,49.04944438700005],[18.16977176000006,49.26352139800008],[18.322436,49.31505899900003],[18.558838168000023,49.13314675300006],[18.578012903000058,49.029704809000066],[18.528808514000048,48.960218412000074],[18.67261708600006,48.94261424200005]]]}},{"type":"Feature","properties":{"CNTR_CODE":"SK","LEVL_CODE":2,"NUTS_ID":"SK03","NUTS_NAME":"Stredn\u00e9 Slovensko","NAME_LATN":"Stredn\u00e9 Slovensko"},"geometry":{"type":"Polygon","coordinates":[[[19.657814276000067,49.410398771000075],[19.782321790000026,49.38749108400003],[19.784595589000048,49.21931391600003],[19.883929500000022,49.204176999000026],[20.020451051000066,49.092771062000054],[19.992254500000058,48.90749999900004],[20.267450500000052,48.87407299900008],[20.21972217900003,48.721253379000075],[20.346475828000052,48.49710837300006],[20.463937,48.463966999000036],[20.299381899000025,48.286521924000056],[20.051879,48.167703999000025],[19.913020302000064,48.14550817000003],[19.613230799000064,48.23544227000008],[19.45106339000006,48.10077748900005],[19.01432250000005,48.077736499000025],[19.041192729000045,48.169363788000055],[18.84539514100004,48.185466553000026],[18.834698407000076,48.320791187000054],[18.767128660000026,48.39186316900003],[18.58011173600005,48.36431266200003],[18.478677,48.54860399900008],[18.826351,48.74405899900006],[18.67261708600006,48.94261424200005],[18.528808514000048,48.960218412000074],[18.578012903000058,49.029704809000066],[18.558838168000023,49.13314675300006],[18.322436,49.31505899900003],[18.40359550000005,49.396745499000076],[18.575361950000058,49.49720612800007],[18.851551,49.51718899900004],[18.93812924100007,49.501744521000035],[18.995610445000068,49.40999839600005],[19.16366692400004,49.41851720500006],[19.467386500000032,49.61376699900006],[19.657814276000067,49.410398771000075]]]}},{"type":"Feature","properties":{"CNTR_CODE":"SK","LEVL_CODE":2,"NUTS_ID":"SK04","NUTS_NAME":"V\u00fdchodn\u00e9 Slovensko","NAME_LATN":"V\u00fdchodn\u00e9 Slovensko"},"geometry":{"type":"Polygon","coordinates":[[[21.879028066000046,49.37594676300006],[22.06820484700006,49.220134365000035],[22.56684,49.088377499000046],[22.382817500000044,48.86226399900005],[22.32922447900006,48.694663813000034],[22.169401824000033,48.56906808200006],[22.155306,48.40339649900005],[22.12107750000007,48.37831149900006],[21.747119476000023,48.353145045000076],[21.606909444000053,48.49457625200006],[21.424652714000047,48.57472258800004],[21.125558485000056,48.50518557400005],[20.775816125000063,48.573506604000045],[20.540580138000053,48.53625740600006],[20.463937,48.463966999000036],[20.346475828000052,48.49710837300006],[20.21972217900003,48.721253379000075],[20.267450500000052,48.87407299900008],[19.992254500000058,48.90749999900004],[20.020451051000066,49.092771062000054],[19.883929500000022,49.204176999000026],[20.078031327000076,49.19825037100003],[20.172588533000066,49.325244129000055],[20.41745718900006,49.40494756100003],[20.567006481000078,49.38497262300007],[20.614939500000048,49.41783299900004],[20.937238077000075,49.31244355100006],[21.12230195500007,49.41679664600008],[21.39771250000007,49.433793999000045],[21.879028066000046,49.37594676300006]]]}},{"type":"Feature","properties":{"CNTR_CODE":"NL","LEVL_CODE":2,"NUTS_ID":"NL12","NUTS_NAME":"Friesland (NL)","NAME_LATN":"Friesland (NL)"},"geometry":{"type":"MultiPolygon","coordinates":[[[[5.795148500000039,52.80649949900004],[5.377261500000031,52.764804999000035],[5.164383500000042,53.00091049900004],[5.41122850000005,53.15172449900007],[5.431383793000066,53.20144491500008],[5.824143297000035,53.36800681200003],[6.191301500000066,53.410937999000055],[6.279374725000025,53.31497855200007],[6.211203965000038,53.20144491500008],[6.176817,53.15945049900006],[6.315237,53.094051499000045],[6.404949950000059,52.986324515000035],[6.369053,52.921973499000046],[6.119814,52.85426699900006],[5.819826500000033,52.81731749900007],[5.795148500000039,52.80649949900004]]],[[[5.728429051000035,53.44020556700008],[5.633024715000033,53.402628865000054],[5.562016295000035,53.450180583000076],[5.655600170000071,53.49825985400008],[5.728429051000035,53.44020556700008]]],[[[5.226593052000055,53.423977008000065],[5.260289187000069,53.395131820000074],[5.262884658000075,53.39995062200006],[5.266416821000064,53.404208545000074],[5.271052361000045,53.40722812200005],[5.276378887000021,53.40873915600008],[5.300827991000062,53.41187213200004],[5.306878453000024,53.41161228700008],[5.312496382000063,53.40946463900008],[5.317125272000055,53.40562446900003],[5.32027338000006,53.40049973100008],[5.321606273000043,53.39463484300006],[5.320982353000034,53.38865284900004],[5.318467902000066,53.38318923700007],[5.314316417000043,53.37879257800006],[5.311073624000073,53.37630990300005],[5.30384659300006,53.374450110000055],[5.30037106900005,53.37469314000003],[5.296420813000054,53.371167412000034],[5.292924694000021,53.36966109300005],[5.283503705000044,53.370821146000026],[5.276249721000056,53.372346253000046],[5.273112577000063,53.37284201500006],[5.268149662000042,53.375286508000045],[5.264134372000058,53.379092230000026],[5.261427611000045,53.38391711600008],[5.260272667000038,53.38932749300005],[5.258895778000067,53.37283315800005],[5.232683005000069,53.335492748000036],[5.165878903000021,53.32769394600007],[5.142181190000031,53.365380591000076],[5.156211761000066,53.39544124300005],[5.19674535300004,53.419948254000076],[5.226593052000055,53.423977008000065]]]]}},{"type":"Feature","properties":{"CNTR_CODE":"NL","LEVL_CODE":2,"NUTS_ID":"NL13","NUTS_NAME":"Drenthe","NAME_LATN":"Drenthe"},"geometry":{"type":"Polygon","coordinates":[[[7.092692,52.83820099900004],[7.006229500000074,52.63876299900005],[6.70973250000003,52.627823499000044],[6.629429500000072,52.669658499000036],[6.441348256000026,52.61421378300008],[6.180734203000043,52.68607325500005],[6.119814,52.85426699900006],[6.369053,52.921973499000046],[6.404949950000059,52.986324515000035],[6.315237,53.094051499000045],[6.474937145000069,53.186831522000034],[6.81381,53.07104849900003],[6.935702,52.99336249900006],[7.092692,52.83820099900004]]]}},{"type":"Feature","properties":{"CNTR_CODE":"NL","LEVL_CODE":2,"NUTS_ID":"NL21","NUTS_NAME":"Overijssel","NAME_LATN":"Overijssel"},"geometry":{"type":"Polygon","coordinates":[[[6.180734203000043,52.68607325500005],[6.441348256000026,52.61421378300008],[6.629429500000072,52.669658499000036],[6.70973250000003,52.627823499000044],[6.697865500000034,52.486285999000074],[7.009998916000029,52.43915720700005],[7.065685,52.24137299900008],[6.760465,52.118569499000046],[6.381997500000068,52.24608599900006],[6.166411500000038,52.23104499900006],[6.088828756000055,52.311158112000044],[6.109792500000026,52.440574499000036],[5.864311,52.51816949900007],[5.845522980000055,52.59795871500006],[5.96837677000002,52.666753423000046],[5.795148500000039,52.80649949900004],[5.819826500000033,52.81731749900007],[6.119814,52.85426699900006],[6.180734203000043,52.68607325500005]]]}},{"type":"Feature","properties":{"CNTR_CODE":"NL","LEVL_CODE":2,"NUTS_ID":"NL22","NUTS_NAME":"Gelderland","NAME_LATN":"Gelderland"},"geometry":{"type":"Polygon","coordinates":[[[6.088828756000055,52.311158112000044],[6.166411500000038,52.23104499900006],[6.381997500000068,52.24608599900006],[6.760465,52.118569499000046],[6.730869647000077,52.05062442900004],[6.778588508000041,51.93648995600006],[6.407779500000061,51.82809199900004],[6.167766,51.90080449900006],[6.005513898000061,51.83155995000004],[5.953192,51.74784599900005],[5.865158500000064,51.757407999000066],[5.597879500000033,51.82808299900006],[5.128057500000068,51.73760999900003],[5.000534,51.82093799900008],[5.149456,51.933452499000055],[5.468887558000063,51.97682853900005],[5.606011500000022,51.94324849900005],[5.404633,52.249629999000035],[5.768641994000063,52.41596633100005],[5.864311,52.51816949900007],[6.109792500000026,52.440574499000036],[6.088828756000055,52.311158112000044]]]}},{"type":"Feature","properties":{"CNTR_CODE":"NL","LEVL_CODE":2,"NUTS_ID":"NL23","NUTS_NAME":"Flevoland","NAME_LATN":"Flevoland"},"geometry":{"type":"Polygon","coordinates":[[[5.864311,52.51816949900007],[5.768641994000063,52.41596633100005],[5.404633,52.249629999000035],[5.335462,52.29021849900005],[5.079161,52.388652999000044],[5.163083405000066,52.43140012600003],[5.060426500000062,52.57893749900006],[5.349825157000055,52.69285598400006],[5.377261500000031,52.764804999000035],[5.795148500000039,52.80649949900004],[5.96837677000002,52.666753423000046],[5.845522980000055,52.59795871500006],[5.864311,52.51816949900007]]]}},{"type":"Feature","properties":{"CNTR_CODE":"NL","LEVL_CODE":2,"NUTS_ID":"NL31","NUTS_NAME":"Utrecht","NAME_LATN":"Utrecht"},"geometry":{"type":"Polygon","coordinates":[[[5.335462,52.29021849900005],[5.404633,52.249629999000035],[5.606011500000022,51.94324849900005],[5.468887558000063,51.97682853900005],[5.149456,51.933452499000055],[4.877899500000069,51.93783549900007],[4.809374548000051,52.09784532400005],[4.866292633000057,52.17026946200008],[4.794524,52.22672649900005],[5.021537500000022,52.30249849900008],[5.092544498000052,52.17252413300008],[5.335462,52.29021849900005]]]}},{"type":"Feature","properties":{"CNTR_CODE":"NL","LEVL_CODE":2,"NUTS_ID":"NL32","NUTS_NAME":"Noord-Holland","NAME_LATN":"Noord-Holland"},"geometry":{"type":"Polygon","coordinates":[[[4.79299617700002,52.99538049200004],[4.835162920000073,52.90993332000005],[5.164383500000042,53.00091049900004],[5.377261500000031,52.764804999000035],[5.349825157000055,52.69285598400006],[5.060426500000062,52.57893749900006],[5.163083405000066,52.43140012600003],[5.079161,52.388652999000044],[5.335462,52.29021849900005],[5.092544498000052,52.17252413300008],[5.021537500000022,52.30249849900008],[4.794524,52.22672649900005],[4.728766,52.20981949900005],[4.69266148600002,52.228951592000044],[4.573991314000068,52.227689772000076],[4.574801391000051,52.26640123000004],[4.611684,52.31358699900005],[4.493847500000072,52.32825999900007],[4.560596500000031,52.43742599900003],[4.609676500000035,52.57340099900006],[4.649071,52.756177499000046],[4.729291133000061,53.05567696400004],[4.820447322000064,53.15765599200006],[4.896039923000046,53.11340697500003],[4.79299617700002,52.99538049200004]]]}},{"type":"Feature","properties":{"CNTR_CODE":"NL","LEVL_CODE":2,"NUTS_ID":"NL33","NUTS_NAME":"Zuid-Holland","NAME_LATN":"Zuid-Holland"},"geometry":{"type":"Polygon","coordinates":[[[4.574801391000051,52.26640123000004],[4.573991314000068,52.227689772000076],[4.69266148600002,52.228951592000044],[4.728766,52.20981949900005],[4.794524,52.22672649900005],[4.866292633000057,52.17026946200008],[4.809374548000051,52.09784532400005],[4.877899500000069,51.93783549900007],[5.149456,51.933452499000055],[5.000534,51.82093799900008],[4.67629450000004,51.72491849900007],[4.620420500000023,51.71412649900003],[4.242535500000031,51.64712099900004],[3.979034270000056,51.76244890100003],[3.839083,51.75829699900004],[4.044944444000066,51.853737753000075],[3.998691504000021,51.97247632300008],[4.127788500000065,52.00054249900006],[4.162827788000072,52.02952996300007],[4.198018500000046,52.054144499000074],[4.374232500000062,52.18708999900008],[4.493847500000072,52.32825999900007],[4.611684,52.31358699900005],[4.574801391000051,52.26640123000004]]]}},{"type":"Feature","properties":{"CNTR_CODE":"NL","LEVL_CODE":2,"NUTS_ID":"NL34","NUTS_NAME":"Zeeland","NAME_LATN":"Zeeland"},"geometry":{"type":"MultiPolygon","coordinates":[[[[4.279565,51.376017499000056],[4.243669500000067,51.37472949900007],[3.775373943000034,51.41974024800004],[3.574692132000052,51.49914916100005],[3.635859239000069,51.56847288400007],[3.858159879000027,51.58516683800008],[3.839083,51.75829699900004],[3.979034270000056,51.76244890100003],[4.242535500000031,51.64712099900004],[4.210329315000024,51.595362471000044],[4.279565,51.376017499000056]]],[[[3.549289543000043,51.40120832300005],[3.805013535000057,51.342793579000045],[3.97883138800006,51.388213800000074],[4.234817500000077,51.348253999000065],[3.977666500000055,51.22513199900004],[3.856339500000047,51.21105599900005],[3.750397244000055,51.266527720000056],[3.549289543000043,51.290553799000065],[3.380661,51.27429949900005],[3.365787500000067,51.36983549900003],[3.549289543000043,51.40120832300005]]]]}},{"type":"Feature","properties":{"CNTR_CODE":"NL","LEVL_CODE":2,"NUTS_ID":"NL41","NUTS_NAME":"Noord-Brabant","NAME_LATN":"Noord-Brabant"},"geometry":{"type":"Polygon","coordinates":[[[5.865158500000064,51.757407999000066],[6.012175982000031,51.59569393700008],[5.838077,51.566467499000055],[5.90878473500004,51.395197489000054],[5.840245500000037,51.34692399900007],[5.566283500000054,51.22083649900003],[5.500421073000041,51.28538661500005],[5.237716500000033,51.26160049900005],[5.110783032000029,51.348479904000044],[5.10218,51.42900499900003],[5.040817598000046,51.46673077200006],[4.864001759000075,51.43362119900007],[4.759926,51.50246449900004],[4.669544,51.42638399900005],[4.490048600000023,51.470012686000075],[4.409141115000068,51.44687538900007],[4.391174101000047,51.366223683000044],[4.279565,51.376017499000056],[4.210329315000024,51.595362471000044],[4.242535500000031,51.64712099900004],[4.620420500000023,51.71412649900003],[4.67629450000004,51.72491849900007],[5.000534,51.82093799900008],[5.128057500000068,51.73760999900003],[5.597879500000033,51.82808299900006],[5.865158500000064,51.757407999000066]]]}},{"type":"Feature","properties":{"CNTR_CODE":"NL","LEVL_CODE":2,"NUTS_ID":"NL42","NUTS_NAME":"Limburg (NL)","NAME_LATN":"Limburg (NL)"},"geometry":{"type":"Polygon","coordinates":[[[6.086947500000065,50.91313499900008],[6.020999,50.75429549900008],[5.892073,50.75523749900003],[5.773966918000042,50.774515059000066],[5.682000500000072,50.75744649900008],[5.687622,50.811923999000044],[5.670129720000034,50.87356368800005],[5.766125500000044,51.00871549900006],[5.798274,51.05985349900004],[5.79015204600006,51.16172424000007],[5.566283500000054,51.22083649900003],[5.840245500000037,51.34692399900007],[5.90878473500004,51.395197489000054],[5.838077,51.566467499000055],[6.012175982000031,51.59569393700008],[5.865158500000064,51.757407999000066],[5.953192,51.74784599900005],[6.19519294600002,51.51880602700004],[6.224405,51.36497899900007],[6.072657,51.24258749900008],[6.174812,51.18451349900005],[5.877085,51.03210099900008],[6.086947500000065,50.91313499900008]]]}},{"type":"Feature","properties":{"CNTR_CODE":"PL","LEVL_CODE":2,"NUTS_ID":"PL21","NUTS_NAME":"Ma\u0142opolskie","NAME_LATN":"Ma\u0142opolskie"},"geometry":{"type":"Polygon","coordinates":[[[20.332880013000022,50.284367803000066],[20.41745718900006,50.19192847700003],[20.681539,50.20587549900006],[20.82513331800004,50.287924780000026],[21.20883150000003,50.35489749900006],[21.167574427000034,49.97402572400006],[21.297149500000046,49.84286399900003],[21.31921305900005,49.811186244000055],[21.241772,49.77610449900004],[21.33370801800004,49.695709125000064],[21.39771250000007,49.433793999000045],[21.12230195500007,49.41679664600008],[20.937238077000075,49.31244355100006],[20.614939500000048,49.41783299900004],[20.567006481000078,49.38497262300007],[20.41745718900006,49.40494756100003],[20.172588533000066,49.325244129000055],[20.078031327000076,49.19825037100003],[19.883929500000022,49.204176999000026],[19.784595589000048,49.21931391600003],[19.782321790000026,49.38749108400003],[19.657814276000067,49.410398771000075],[19.467386500000032,49.61376699900006],[19.41495150000003,49.77526499900006],[19.09321,49.95665899900007],[19.253810500000043,50.13419299900005],[19.358934181000052,50.17492030200003],[19.397096771000065,50.299301107000076],[19.509491439000044,50.38938071300004],[19.844537500000058,50.434195499000054],[19.893933248000053,50.463983778000056],[19.949966500000073,50.504782499000044],[20.20010815100005,50.49085620500006],[20.271858356000052,50.463983778000056],[20.332880013000022,50.284367803000066]]]}},{"type":"Feature","properties":{"CNTR_CODE":"PL","LEVL_CODE":2,"NUTS_ID":"PL22","NUTS_NAME":"\u015al\u0105skie","NAME_LATN":"\u015al\u0105skie"},"geometry":{"type":"Polygon","coordinates":[[[18.918115358000023,51.08769803600006],[19.173389601000054,51.00193859500007],[19.243142500000033,51.03684449900004],[19.342965887000048,51.02411510300004],[19.484469717000025,50.90163287400003],[19.74706,50.86596999900007],[19.781637948000025,50.79962173800004],[19.712949500000036,50.72915599900006],[19.831607942000062,50.68402146500006],[19.852671155000053,50.56731219100004],[19.949966500000073,50.504782499000044],[19.893933248000053,50.463983778000056],[19.844537500000058,50.434195499000054],[19.509491439000044,50.38938071300004],[19.397096771000065,50.299301107000076],[19.358934181000052,50.17492030200003],[19.253810500000043,50.13419299900005],[19.09321,49.95665899900007],[19.41495150000003,49.77526499900006],[19.467386500000032,49.61376699900006],[19.16366692400004,49.41851720500006],[18.995610445000068,49.40999839600005],[18.93812924100007,49.501744521000035],[18.851551,49.51718899900004],[18.801791811000044,49.65874690800007],[18.615499818000046,49.75034759000005],[18.575724,49.91042299900005],[18.32693846500007,49.92849747400004],[18.035061,50.06577199900005],[18.059780500000045,50.17465249900005],[18.42586650000004,50.248965499000064],[18.38434691300006,50.463983778000056],[18.465449118000038,50.54058289300008],[18.607473500000026,50.55001099900005],[18.497271814000044,50.68829545800003],[18.615877500000067,50.85358749900007],[18.67295450000006,51.056902499000046],[18.918115358000023,51.08769803600006]]]}},{"type":"Feature","properties":{"CNTR_CODE":"PL","LEVL_CODE":2,"NUTS_ID":"PL41","NUTS_NAME":"Wielkopolskie","NAME_LATN":"Wielkopolskie"},"geometry":{"type":"Polygon","coordinates":[[[17.344061837000027,53.20144491500008],[17.327372767000043,52.99743379100005],[17.512087862000044,52.88871718100006],[17.458523,52.73894799900006],[17.690713835000054,52.62350796000004],[17.836422740000046,52.638129226000046],[18.186361973000032,52.49888651500004],[18.377150500000027,52.53746349900007],[18.755343179000022,52.34850371300007],[19.04712,52.33280399900008],[19.061945813000023,52.230584545000056],[18.827809,52.06418799900007],[18.73277974000007,52.04794794900005],[18.747549957000047,51.912278495000066],[18.68824715900007,51.83951911200006],[18.471965500000067,51.85100549900005],[18.367899544000068,51.65759210400006],[18.35845472400007,51.45999732400003],[18.098123954000073,51.34469414600005],[18.163681500000052,51.17251699900004],[17.939456,51.10886499900005],[17.795269500000074,51.19414599900006],[17.71217905700007,51.376606053000046],[17.54047801100006,51.44587963100008],[17.53415935000004,51.58485380500008],[17.257433,51.64284299900004],[17.138965212000073,51.57860019000003],[16.828372,51.57218799900005],[16.613561399000048,51.75240486900003],[16.416191,51.784864999000035],[16.341508617000045,51.87308333500005],[16.172184498000036,51.89041932400005],[15.862916376000044,52.10610842300008],[15.880810500000052,52.29042949900003],[15.880582332000074,52.45506155400005],[15.792434412000034,52.660411278000026],[15.946907,52.75489599900004],[15.96249750000004,53.04138099900007],[16.22133493000007,53.03743399700005],[16.536740683000062,53.20144491500008],[16.65754058600004,53.30030327800006],[16.494292791000078,53.39459763000008],[16.485283194000033,53.455233760000056],[16.66353496200003,53.500986916000045],[16.770685528000058,53.61695468600004],[16.892248,53.65586899900006],[16.990410647000033,53.53209914100006],[17.390653,53.49096399900003],[17.287115593000067,53.38167180700003],[17.43879350000003,53.26751449900007],[17.344061837000027,53.20144491500008]]]}},{"type":"Feature","properties":{"CNTR_CODE":"PL","LEVL_CODE":2,"NUTS_ID":"PL42","NUTS_NAME":"Zachodniopomorskie","NAME_LATN":"Zachodniopomorskie"},"geometry":{"type":"Polygon","coordinates":[[[16.792764500000033,53.985550499000055],[16.982053500000063,53.90490949900004],[16.88846692000004,53.85223765000006],[16.892248,53.65586899900006],[16.770685528000058,53.61695468600004],[16.66353496200003,53.500986916000045],[16.485283194000033,53.455233760000056],[16.494292791000078,53.39459763000008],[16.65754058600004,53.30030327800006],[16.536740683000062,53.20144491500008],[16.22133493000007,53.03743399700005],[15.96249750000004,53.04138099900007],[15.958645456000056,53.09784839400004],[15.883676791000028,53.110680726000055],[15.748639748000073,53.00065925100006],[15.498146698000028,52.99348053300008],[15.14076153700006,52.84831804100003],[14.910676884000054,52.86965537300006],[14.767382263000059,52.674124058000075],[14.565063,52.62449699900003],[14.436438,52.67990049900004],[14.15437257700006,52.83887581400006],[14.156692,52.895590999000035],[14.143658,52.96136849900006],[14.342189020000035,53.06349634800006],[14.377725916000031,53.20144491500008],[14.430958340000075,53.260491295000065],[14.412157,53.32963599900006],[14.269118727000034,53.698693277000075],[14.503843865000022,53.69137862600007],[14.577801832000034,53.81984394800003],[14.464560180000035,53.855740584000046],[14.21406822800003,53.84244186800004],[14.213077500000054,53.866479499000036],[14.226302,53.928652999000064],[14.386527928000078,53.91889167700003],[14.64082815100005,53.99744063500003],[14.740284638000048,53.94125472600007],[14.849176055000044,54.04551273100003],[15.388074500000073,54.15890699900007],[16.109188438000047,54.280527197000026],[16.491512401000023,54.518814906000046],[16.699085,54.56924699900003],[16.841792374000022,54.40616604600007],[16.843840881000062,54.27270103400008],[16.73956276900003,54.20176854500005],[16.792764500000033,53.985550499000055]]]}},{"type":"Feature","properties":{"CNTR_CODE":"PL","LEVL_CODE":2,"NUTS_ID":"PL43","NUTS_NAME":"Lubuskie","NAME_LATN":"Lubuskie"},"geometry":{"type":"Polygon","coordinates":[[[15.96249750000004,53.04138099900007],[15.946907,52.75489599900004],[15.792434412000034,52.660411278000026],[15.880582332000074,52.45506155400005],[15.880810500000052,52.29042949900003],[15.862916376000044,52.10610842300008],[16.172184498000036,51.89041932400005],[16.341508617000045,51.87308333500005],[16.416191,51.784864999000035],[16.27566740800006,51.680397560000074],[16.018915237000044,51.77296239700007],[15.885320915000023,51.71362275000007],[15.71403250000003,51.51739699900003],[15.608752116000062,51.476468768000075],[15.41114974800007,51.52194881200006],[15.317405305000023,51.42668249900004],[15.169838679000065,51.449872482000046],[14.974183,51.363949999000056],[14.932977534000031,51.46513991100005],[14.767382263000059,51.51908593700006],[14.729862,51.581776999000056],[14.740611450000074,51.66494066200005],[14.614158025000052,51.826395509000065],[14.716716,52.00118799900008],[14.755227,52.070024999000054],[14.695763792000037,52.22866335500004],[14.600891500000046,52.27205199900004],[14.534362,52.39500799900003],[14.629749920000052,52.52212171300005],[14.565063,52.62449699900003],[14.767382263000059,52.674124058000075],[14.910676884000054,52.86965537300006],[15.14076153700006,52.84831804100003],[15.498146698000028,52.99348053300008],[15.748639748000073,53.00065925100006],[15.883676791000028,53.110680726000055],[15.958645456000056,53.09784839400004],[15.96249750000004,53.04138099900007]]]}},{"type":"Feature","properties":{"CNTR_CODE":"PL","LEVL_CODE":2,"NUTS_ID":"PL51","NUTS_NAME":"Dolno\u015bl\u0105skie","NAME_LATN":"Dolno\u015bl\u0105skie"},"geometry":{"type":"Polygon","coordinates":[[[16.613561399000048,51.75240486900003],[16.828372,51.57218799900005],[17.138965212000073,51.57860019000003],[17.257433,51.64284299900004],[17.53415935000004,51.58485380500008],[17.54047801100006,51.44587963100008],[17.71217905700007,51.376606053000046],[17.795269500000074,51.19414599900006],[17.59328384400004,51.165424734000055],[17.22814470800006,50.63445939800005],[17.164896,50.613462999000035],[17.058446332000074,50.48798456000003],[16.907924500000036,50.44945399900007],[16.88712151800007,50.40624949100004],[16.995293588000038,50.268520842000044],[16.86327,50.19812299900008],[16.714115958000036,50.116167465000046],[16.58029,50.14278799900006],[16.259126012000024,50.45442123200007],[16.38797209200004,50.543129735000036],[16.391873806000035,50.603324118000046],[16.107318,50.66207299900003],[16.047915110000076,50.63020808500005],[15.798259410000071,50.74235859500004],[15.535267500000032,50.77937599900008],[15.376942270000029,50.80168472300005],[15.242935954000075,50.98354304600008],[15.062420796000026,51.01062514200004],[14.97733071700003,50.87812196200008],[14.823362,50.870550499000046],[14.997341547000076,51.13754173600006],[15.022820756000044,51.27576794000004],[14.974183,51.363949999000056],[15.169838679000065,51.449872482000046],[15.317405305000023,51.42668249900004],[15.41114974800007,51.52194881200006],[15.608752116000062,51.476468768000075],[15.71403250000003,51.51739699900003],[15.885320915000023,51.71362275000007],[16.018915237000044,51.77296239700007],[16.27566740800006,51.680397560000074],[16.416191,51.784864999000035],[16.613561399000048,51.75240486900003]]]}},{"type":"Feature","properties":{"CNTR_CODE":"PL","LEVL_CODE":2,"NUTS_ID":"PL52","NUTS_NAME":"Opolskie","NAME_LATN":"Opolskie"},"geometry":{"type":"Polygon","coordinates":[[[17.795269500000074,51.19414599900006],[17.939456,51.10886499900005],[18.163681500000052,51.17251699900004],[18.67295450000006,51.056902499000046],[18.615877500000067,50.85358749900007],[18.497271814000044,50.68829545800003],[18.607473500000026,50.55001099900005],[18.465449118000038,50.54058289300008],[18.38434691300006,50.463983778000056],[18.42586650000004,50.248965499000064],[18.059780500000045,50.17465249900005],[18.035061,50.06577199900005],[17.84550292700004,49.98936843400003],[17.65172024000003,50.14034149300005],[17.73530257400006,50.21247630900007],[17.72970100400005,50.28539818300004],[17.429605,50.25451299900004],[16.907924500000036,50.44945399900007],[17.058446332000074,50.48798456000003],[17.164896,50.613462999000035],[17.22814470800006,50.63445939800005],[17.59328384400004,51.165424734000055],[17.795269500000074,51.19414599900006]]]}},{"type":"Feature","properties":{"CNTR_CODE":"PL","LEVL_CODE":2,"NUTS_ID":"PL61","NUTS_NAME":"Kujawsko-pomorskie","NAME_LATN":"Kujawsko-pomorskie"},"geometry":{"type":"Polygon","coordinates":[[[19.12927650000006,53.58826049900006],[19.307031619000043,53.40707658000008],[19.672466721000035,53.31387377500005],[19.761595500000055,53.151796499000056],[19.670004281000047,53.09092180400006],[19.684806,52.96303899900005],[19.444664,52.93904249900004],[19.49689077100004,52.75096948100003],[19.289184500000033,52.39271249900003],[19.04712,52.33280399900008],[18.755343179000022,52.34850371300007],[18.377150500000027,52.53746349900007],[18.186361973000032,52.49888651500004],[17.836422740000046,52.638129226000046],[17.690713835000054,52.62350796000004],[17.458523,52.73894799900006],[17.512087862000044,52.88871718100006],[17.327372767000043,52.99743379100005],[17.344061837000027,53.20144491500008],[17.43879350000003,53.26751449900007],[17.287115593000067,53.38167180700003],[17.390653,53.49096399900003],[17.45602954800006,53.59263385400004],[17.659377033000055,53.581800946000044],[17.764047323000057,53.67759456200008],[18.072036500000024,53.781074999000055],[18.319396667000035,53.69457230300003],[18.702822507000064,53.68855459800005],[18.761577500000044,53.60488199900004],[19.12927650000006,53.58826049900006]]]}},{"type":"Feature","properties":{"CNTR_CODE":"PL","LEVL_CODE":2,"NUTS_ID":"PL62","NUTS_NAME":"Warmi\u0144sko-mazurskie","NAME_LATN":"Warmi\u0144sko-mazurskie"},"geometry":{"type":"Polygon","coordinates":[[[20.313503,54.402201999000056],[21.559322,54.32250399900005],[22.792095500000073,54.36335899900007],[22.517377315000033,54.19841685000006],[22.761377631000073,53.91837054200005],[22.71082106800003,53.79132634500007],[22.135728,53.54453999900005],[21.84691246500006,53.46849163400003],[21.612953,53.48083349900003],[21.55169,53.47812799900004],[20.675954,53.26952949900004],[20.411137,53.21416499900005],[20.24292130200007,53.148225522000075],[19.880256892000034,53.19832425800007],[19.761595500000055,53.151796499000056],[19.672466721000035,53.31387377500005],[19.307031619000043,53.40707658000008],[19.12927650000006,53.58826049900006],[19.32803675300005,53.795837411000036],[19.463964790000034,53.81073996200007],[19.542099164000035,53.91158791600003],[19.401204096000072,53.944077406000076],[19.217688500000065,54.11612149900003],[19.30280297300004,54.20446203900008],[19.256953,54.27846049900006],[19.40970958500003,54.27597702400004],[19.803768500000047,54.44241049900006],[20.313503,54.402201999000056]]]}},{"type":"Feature","properties":{"CNTR_CODE":"PL","LEVL_CODE":2,"NUTS_ID":"PL63","NUTS_NAME":"Pomorskie","NAME_LATN":"Pomorskie"},"geometry":{"type":"Polygon","coordinates":[[[18.616047254000023,54.423436699000035],[18.950029500000028,54.35831049900003],[19.341813495000054,54.37011145900004],[19.639032,54.45829449900003],[19.647946664000074,54.45304369000007],[19.26158531300007,54.33697815000005],[19.256953,54.27846049900006],[19.30280297300004,54.20446203900008],[19.217688500000065,54.11612149900003],[19.401204096000072,53.944077406000076],[19.542099164000035,53.91158791600003],[19.463964790000034,53.81073996200007],[19.32803675300005,53.795837411000036],[19.12927650000006,53.58826049900006],[18.761577500000044,53.60488199900004],[18.702822507000064,53.68855459800005],[18.319396667000035,53.69457230300003],[18.072036500000024,53.781074999000055],[17.764047323000057,53.67759456200008],[17.659377033000055,53.581800946000044],[17.45602954800006,53.59263385400004],[17.390653,53.49096399900003],[16.990410647000033,53.53209914100006],[16.892248,53.65586899900006],[16.88846692000004,53.85223765000006],[16.982053500000063,53.90490949900004],[16.792764500000033,53.985550499000055],[16.73956276900003,54.20176854500005],[16.843840881000062,54.27270103400008],[16.841792374000022,54.40616604600007],[16.699085,54.56924699900003],[17.256854345000022,54.73035777700005],[17.666607,54.78323149900007],[18.32950902700003,54.82797180600005],[18.54172650000004,54.58447999900005],[18.616047254000023,54.423436699000035]]]}},{"type":"Feature","properties":{"CNTR_CODE":"HR","LEVL_CODE":2,"NUTS_ID":"HR05","NUTS_NAME":"Grad Zagreb","NAME_LATN":"Grad Zagreb"},"geometry":{"type":"Polygon","coordinates":[[[16.211419196000065,45.80685899300005],[15.894153139000025,45.633020859000055],[15.793844318000026,45.70947454100008],[15.856765236000058,45.754846943000075],[15.839781754000057,45.83539598400006],[15.956769,45.901593999000056],[16.154813500000046,45.968773999000064],[16.211419196000065,45.80685899300005]]]}},{"type":"Feature","properties":{"CNTR_CODE":"HR","LEVL_CODE":2,"NUTS_ID":"HR06","NUTS_NAME":"Sjeverna Hrvatska","NAME_LATN":"Sjeverna Hrvatska"},"geometry":{"type":"Polygon","coordinates":[[[17.294325,45.98854449900006],[17.122053,45.88336399900004],[16.99596725400005,45.968201313000066],[16.845115708000037,46.06970239700007],[16.73440871300005,46.030743193000035],[16.702198,45.92312099900005],[16.686574278000023,45.85186311700005],[16.515713896000022,45.76399480400005],[16.609920500000044,45.67035599900004],[16.490944050000053,45.585282207000034],[16.14521214000007,45.62163209900007],[16.06782917700002,45.485146437000026],[15.922112,45.47858749900007],[15.88912732700004,45.52818509300005],[15.778140672000063,45.53542427900004],[15.679376078000075,45.60313699300008],[15.550467526000034,45.606029884000066],[15.331290500000023,45.76285499900007],[15.404425,45.79271699900005],[15.65360663000007,45.84181466000007],[15.706407500000068,45.975261999000054],[15.695919306000064,46.05370236700003],[15.627262,46.08595349900003],[15.633887619000063,46.18273691400003],[15.791475500000047,46.25932749900005],[15.87349450000005,46.27931949900005],[16.139071256000022,46.39316475600003],[16.301549,46.378287999000065],[16.24214850000004,46.490075499000056],[16.373394339000072,46.534866289000036],[16.596805,46.47590249900003],[16.854755,46.35044099900006],[16.876043500000037,46.320602499000074],[17.151848464000068,46.160329080000054],[17.294325,45.98854449900006]],[[15.793844318000026,45.70947454100008],[15.894153139000025,45.633020859000055],[16.211419196000065,45.80685899300005],[16.154813500000046,45.968773999000064],[15.956769,45.901593999000056],[15.839781754000057,45.83539598400006],[15.856765236000058,45.754846943000075],[15.793844318000026,45.70947454100008]]]}}]}