namespace,track,namespace_label,country_code,country_name,region_level,regions,rows,year_min,year_max,latest_li_year,li_rows,ili_rows,hli_rows,ihli_rows,source_bundle,method_flag,quality_flag,evidence_tier,input_method,source_evidence_badges,limitation_note,latest_ili_year,latest_hli_year,latest_ihli_year
gdl_shdi_afg_levelx_v3,modelled_hale_experimental,Afghanistan / GDL SHDI level x,AFG,Afghanistan,gdl_level_x,8,272,1990,2023,2023.0,272,0,0,0,gdl_shdi_lgnic_lifexp_v9,gdl_lgnic_income_proxy_plus_gdl_lifexp,proxy_observed_gdl_income_proxy,proxy_observed,gdl_shdi_lgnic_lifexp,GDL income proxy,income is GDL lgnic rather than source-country GDPpc; life expectancy is GDL harmonized regional life expectancy,,,
gdl_shdi_afg_levelx_v3,official_clean,Afghanistan / GDL SHDI level x,AFG,Afghanistan,gdl_level_x,8,272,1990,2023,2023.0,272,0,0,0,gdl_shdi_lgnic_lifexp_v9,gdl_lgnic_income_proxy_plus_gdl_lifexp,proxy_observed_gdl_income_proxy,proxy_observed,gdl_shdi_lgnic_lifexp,GDL income proxy,income is GDL lgnic rather than source-country GDPpc; life expectancy is GDL harmonized regional life expectancy,,,
gdl_shdi_alb_levelx_v3,modelled_hale_experimental,Albania / GDL SHDI level x,ALB,Albania,gdl_level_x,12,408,1990,2023,2023.0,408,0,0,0,gdl_shdi_lgnic_lifexp_v9,gdl_lgnic_income_proxy_plus_gdl_lifexp,proxy_observed_gdl_income_proxy,proxy_observed,gdl_shdi_lgnic_lifexp,GDL income proxy,income is GDL lgnic rather than source-country GDPpc; life expectancy is GDL harmonized regional life expectancy,,,
gdl_shdi_alb_levelx_v3,official_clean,Albania / GDL SHDI level x,ALB,Albania,gdl_level_x,12,408,1990,2023,2023.0,408,0,0,0,gdl_shdi_lgnic_lifexp_v9,gdl_lgnic_income_proxy_plus_gdl_lifexp,proxy_observed_gdl_income_proxy,proxy_observed,gdl_shdi_lgnic_lifexp,GDL income proxy,income is GDL lgnic rather than source-country GDPpc; life expectancy is GDL harmonized regional life expectancy,,,
gdl_shdi_dza_levelx_v3,modelled_hale_experimental,Algeria / GDL SHDI level x,DZA,Algeria,gdl_level_x,7,238,1990,2023,2023.0,238,0,0,0,gdl_shdi_lgnic_lifexp_v9,gdl_lgnic_income_proxy_plus_gdl_lifexp,proxy_observed_gdl_income_proxy,proxy_observed,gdl_shdi_lgnic_lifexp,GDL income proxy,income is GDL lgnic rather than source-country GDPpc; life expectancy is GDL harmonized regional life expectancy,,,
gdl_shdi_dza_levelx_v3,official_clean,Algeria / GDL SHDI level x,DZA,Algeria,gdl_level_x,7,238,1990,2023,2023.0,238,0,0,0,gdl_shdi_lgnic_lifexp_v9,gdl_lgnic_income_proxy_plus_gdl_lifexp,proxy_observed_gdl_income_proxy,proxy_observed,gdl_shdi_lgnic_lifexp,GDL income proxy,income is GDL lgnic rather than source-country GDPpc; life expectancy is GDL harmonized regional life expectancy,,,
gdl_shdi_ago_levelx_v3,modelled_hale_experimental,Angola / GDL SHDI level x,AGO,Angola,gdl_level_x,18,450,1999,2023,2023.0,450,0,0,0,gdl_shdi_lgnic_lifexp_v9,gdl_lgnic_income_proxy_plus_gdl_lifexp,proxy_observed_gdl_income_proxy,proxy_observed,gdl_shdi_lgnic_lifexp,GDL income proxy,income is GDL lgnic rather than source-country GDPpc; life expectancy is GDL harmonized regional life expectancy,,,
gdl_shdi_ago_levelx_v3,official_clean,Angola / GDL SHDI level x,AGO,Angola,gdl_level_x,18,450,1999,2023,2023.0,450,0,0,0,gdl_shdi_lgnic_lifexp_v9,gdl_lgnic_income_proxy_plus_gdl_lifexp,proxy_observed_gdl_income_proxy,proxy_observed,gdl_shdi_lgnic_lifexp,GDL income proxy,income is GDL lgnic rather than source-country GDPpc; life expectancy is GDL harmonized regional life expectancy,,,
arg_dnap_province_v3,extended_experimental,Argentina / DNAP provinces and CABA,ARG,Argentina,province_caba,24,312,2010,2022,2022.0,312,165,0,0,arg_dnap_province_pbgpc_lexp_gini,dnap_pbgpc_constant_2004_pesos_plus_sex_average_lexp_and_eph_family_income_gini,official_observed_local_currency_pbgpc_sex_average_lexp_total_urbano_gini,official_observed|labelled_local_currency,argentina_dnap_province_ili,official local-currency GDPpc|official LEXP sex-average|observed Gini,"PBG per capita is in constant 2004 Argentine pesos, so values are best interpreted within Argentina rather than as PPP-comparable cross-country levels; life expectancy is the arithmetic average of female and male DNAP values; Gini is EPH Total Urbano household per-capita family-income Gini",2022.0,,
arg_dnap_province_v3,modelled_hale_experimental,Argentina / DNAP provinces and CABA,ARG,Argentina,province_caba,24,312,2010,2022,2022.0,312,165,0,0,arg_dnap_province_pbgpc_lexp_gini,dnap_pbgpc_constant_2004_pesos_plus_sex_average_lexp_and_eph_family_income_gini,official_observed_local_currency_pbgpc_sex_average_lexp_total_urbano_gini,official_observed|labelled_local_currency,argentina_dnap_province_ili,official local-currency GDPpc|official LEXP sex-average|observed Gini,"PBG per capita is in constant 2004 Argentine pesos, so values are best interpreted within Argentina rather than as PPP-comparable cross-country levels; life expectancy is the arithmetic average of female and male DNAP values; Gini is EPH Total Urbano household per-capita family-income Gini",2022.0,,
arg_dnap_province_v3,official_clean,Argentina / DNAP provinces and CABA,ARG,Argentina,province_caba,24,312,2010,2022,2022.0,312,0,0,0,arg_dnap_province_pbgpc_lexp_gini,dnap_pbgpc_constant_2004_pesos_plus_sex_average_lexp_and_eph_family_income_gini,official_observed_local_currency_pbgpc_sex_average_lexp_total_urbano_gini,official_observed|labelled_local_currency,argentina_dnap_province_ili,official local-currency GDPpc|official LEXP sex-average|observed Gini,"PBG per capita is in constant 2004 Argentine pesos, so values are best interpreted within Argentina rather than as PPP-comparable cross-country levels; life expectancy is the arithmetic average of female and male DNAP values; Gini is EPH Total Urbano household per-capita family-income Gini",,,
gdl_shdi_arg_levelx_v3,modelled_hale_experimental,Argentina urban / GDL SHDI level x,ARG,Argentina urban,gdl_level_x,6,204,1990,2023,2023.0,204,0,0,0,gdl_shdi_lgnic_lifexp_v9,gdl_lgnic_income_proxy_plus_gdl_lifexp,proxy_observed_gdl_income_proxy,proxy_observed,gdl_shdi_lgnic_lifexp,GDL income proxy,income is GDL lgnic rather than source-country GDPpc; life expectancy is GDL harmonized regional life expectancy,,,
gdl_shdi_arg_levelx_v3,official_clean,Argentina urban / GDL SHDI level x,ARG,Argentina urban,gdl_level_x,6,204,1990,2023,2023.0,204,0,0,0,gdl_shdi_lgnic_lifexp_v9,gdl_lgnic_income_proxy_plus_gdl_lifexp,proxy_observed_gdl_income_proxy,proxy_observed,gdl_shdi_lgnic_lifexp,GDL income proxy,income is GDL lgnic rather than source-country GDPpc; life expectancy is GDL harmonized regional life expectancy,,,
gdl_shdi_arm_levelx_v3,modelled_hale_experimental,Armenia / GDL SHDI level x,ARM,Armenia,gdl_level_x,11,374,1990,2023,2023.0,374,0,0,0,gdl_shdi_lgnic_lifexp_v9,gdl_lgnic_income_proxy_plus_gdl_lifexp,proxy_observed_gdl_income_proxy,proxy_observed,gdl_shdi_lgnic_lifexp,GDL income proxy,income is GDL lgnic rather than source-country GDPpc; life expectancy is GDL harmonized regional life expectancy,,,
gdl_shdi_arm_levelx_v3,official_clean,Armenia / GDL SHDI level x,ARM,Armenia,gdl_level_x,11,374,1990,2023,2023.0,374,0,0,0,gdl_shdi_lgnic_lifexp_v9,gdl_lgnic_income_proxy_plus_gdl_lifexp,proxy_observed_gdl_income_proxy,proxy_observed,gdl_shdi_lgnic_lifexp,GDL income proxy,income is GDL lgnic rather than source-country GDPpc; life expectancy is GDL harmonized regional life expectancy,,,
gdl_shdi_aus_levelx_v3,extended_experimental,Australia / GDL SHDI level x,AUS,Australia,gdl_level_x,8,8,2020,2020,2020.0,8,8,0,0,gdl_shdi_lgnic_lifexp_v9+aus_abs_sih_2019_20_state_equivalised_disposable_income_gini,gdl_lgnic_income_proxy_plus_gdl_lifexp+abs_sih_table_13_1_state_equivalised_disposable_income_gini_assigned_to_2020,proxy_observed_gdl_income_proxy+official_observed_state_income_gini_single_period_2019_20,proxy_observed|official_observed,gdl_shdi_lgnic_lifexp+abs_state_equivalised_disposable_income_gini,GDL income proxy|observed Gini,income is GDL lgnic rather than source-country GDPpc; life expectancy is GDL harmonized regional life expectancy|Gini is the ABS 2019-20 state/territory equivalised disposable household income Gini assigned to atlas year 2020; Table 13.1 excludes very remote households in the Northern Territory.,2020.0,,
gdl_shdi_aus_levelx_v3,modelled_hale_experimental,Australia / GDL SHDI level x,AUS,Australia,gdl_level_x,8,272,1990,2023,2023.0,272,8,8,0,gdl_shdi_lgnic_lifexp_v9|gdl_shdi_lgnic_lifexp_v9+aihw_abds_2018_state_territory_hale_pdf_table|gdl_shdi_lgnic_lifexp_v9+aus_abs_sih_2019_20_state_equivalised_disposable_income_gini,gdl_lgnic_income_proxy_plus_gdl_lifexp|gdl_lgnic_income_proxy_plus_gdl_lifexp+aihw_abds_2018_table_d3_hale_at_birth_sex_average_state_territory_join|gdl_lgnic_income_proxy_plus_gdl_lifexp+abs_sih_table_13_1_state_equivalised_disposable_income_gini_assigned_to_2020,proxy_observed_gdl_income_proxy|proxy_observed_gdl_income_proxy+official_hale_pdf_table_sex_average_proxy_2018_only|proxy_observed_gdl_income_proxy+official_observed_state_income_gini_single_period_2019_20,proxy_observed|proxy_observed|official_observed,gdl_shdi_lgnic_lifexp|gdl_shdi_lgnic_lifexp+aihw_abds_2018_table_d3_hale_at_birth_sex_average_state_territory_join|gdl_shdi_lgnic_lifexp+abs_state_equivalised_disposable_income_gini,GDL income proxy|observed source|HALE proxy|observed Gini,income is GDL lgnic rather than source-country GDPpc; life expectancy is GDL harmonized regional life expectancy|HALE is AIHW 2018 state/territory HALE at birth; all-sex value is the arithmetic mean of male and female HALE and is used for 2018 only|Gini is the ABS 2019-20 state/territory equivalised disposable household income Gini assigned to atlas year 2020; Table 13.1 excludes very remote households in the Northern Territory.,2020.0,2018.0,
gdl_shdi_aus_levelx_v3,official_clean,Australia / GDL SHDI level x,AUS,Australia,gdl_level_x,8,272,1990,2023,2023.0,272,0,0,0,gdl_shdi_lgnic_lifexp_v9,gdl_lgnic_income_proxy_plus_gdl_lifexp,proxy_observed_gdl_income_proxy,proxy_observed,gdl_shdi_lgnic_lifexp,GDL income proxy,income is GDL lgnic rather than source-country GDPpc; life expectancy is GDL harmonized regional life expectancy,,,
eu_nuts2_aut_v1,extended_experimental,Austria / EU NUTS2 pilot,AUT,Austria,nuts2,9,225,2000,2024,2023.0,216,9,0,0,eurostat_nuts2_gdppc_pps_eu27_2020_hab+eurostat_nuts2_lexp_birth_total|eurostat_nuts2_gdppc_pps_eu27_2020_hab+eurostat_nuts2_lexp_birth_total+statistik_tirol_silc_2022_equiv_income_gini_html,observed_inputs_only|observed_inputs_only+observed_html_table_eusilc_2022_gini_exact_nuts2_join,observed_eurostat_li_no_subnational_gini_hale|observed_eurostat_li_no_subnational_gini_hale+official_regional_silc_2022_after_social_transfers,harmonized_observed,observed_inputs_only|observed_inputs_only+observed_html_table_eusilc_2022_gini_exact_nuts2_join,observed source,inputs use the labelled source family shown in the provenance fields,2022.0,,
eu_nuts2_aut_v1,modelled_hale_experimental,Austria / EU NUTS2 pilot,AUT,Austria,nuts2,9,225,2000,2024,2023.0,216,9,9,0,eurostat_nuts2_gdppc_pps_eu27_2020_hab+eurostat_nuts2_lexp_birth_total|eurostat_nuts2_gdppc_pps_eu27_2020_hab+eurostat_nuts2_lexp_birth_total+aut_statistik_at_hle_2019_ods|eurostat_nuts2_gdppc_pps_eu27_2020_hab+eurostat_nuts2_lexp_birth_total+statistik_tirol_silc_2022_equiv_income_gini_html,observed_inputs_only|observed_inputs_only+statistik_austria_good_health_life_expectancy_birth_2019_sex_average_exact_nuts2_join|observed_inputs_only+observed_html_table_eusilc_2022_gini_exact_nuts2_join,observed_eurostat_li_no_subnational_gini_hale|observed_eurostat_li_no_subnational_gini_hale+official_hle_subjective_good_health_sex_average_proxy_2019_only|observed_eurostat_li_no_subnational_gini_hale+official_regional_silc_2022_after_social_transfers,harmonized_observed|harmonized_observed|official_observed|proxy_observed,observed_inputs_only|observed_inputs_only+statistik_austria_good_health_life_expectancy_birth_2019_sex_average_exact_nuts2_join|observed_inputs_only+observed_html_table_eusilc_2022_gini_exact_nuts2_join,observed source|HLE proxy|sex-average proxy,inputs use the labelled source family shown in the provenance fields|HLE is Statistics Austria years in very good/good health at birth by federal state; all-sex value is the arithmetic mean of female and male values for 2019,2022.0,2019.0,
eu_nuts2_aut_v1,official_clean,Austria / EU NUTS2 pilot,AUT,Austria,nuts2,9,225,2000,2024,2023.0,216,0,0,0,eurostat_nuts2_gdppc_pps_eu27_2020_hab+eurostat_nuts2_lexp_birth_total|eurostat_nuts2_gdppc_pps_eu27_2020_hab+eurostat_nuts2_lexp_birth_total+statistik_tirol_silc_2022_equiv_income_gini_html,observed_inputs_only|observed_inputs_only+observed_html_table_eusilc_2022_gini_exact_nuts2_join,observed_eurostat_li_no_subnational_gini_hale|observed_eurostat_li_no_subnational_gini_hale+official_regional_silc_2022_after_social_transfers,harmonized_observed,observed_inputs_only|observed_inputs_only+observed_html_table_eusilc_2022_gini_exact_nuts2_join,observed source,inputs use the labelled source family shown in the provenance fields,,,
gdl_shdi_aze_levelx_v3,modelled_hale_experimental,Azerbaijan / GDL SHDI level x,AZE,Azerbaijan,gdl_level_x,10,290,1995,2023,2023.0,290,0,0,0,gdl_shdi_lgnic_lifexp_v9,gdl_lgnic_income_proxy_plus_gdl_lifexp,proxy_observed_gdl_income_proxy,proxy_observed,gdl_shdi_lgnic_lifexp,GDL income proxy,income is GDL lgnic rather than source-country GDPpc; life expectancy is GDL harmonized regional life expectancy,,,
gdl_shdi_aze_levelx_v3,official_clean,Azerbaijan / GDL SHDI level x,AZE,Azerbaijan,gdl_level_x,10,290,1995,2023,2023.0,290,0,0,0,gdl_shdi_lgnic_lifexp_v9,gdl_lgnic_income_proxy_plus_gdl_lifexp,proxy_observed_gdl_income_proxy,proxy_observed,gdl_shdi_lgnic_lifexp,GDL income proxy,income is GDL lgnic rather than source-country GDPpc; life expectancy is GDL harmonized regional life expectancy,,,
gdl_shdi_bgd_levelx_v3,modelled_hale_experimental,Bangladesh / GDL SHDI level x,BGD,Bangladesh,gdl_level_x,23,782,1990,2023,2023.0,782,0,0,0,gdl_shdi_lgnic_lifexp_v9,gdl_lgnic_income_proxy_plus_gdl_lifexp,proxy_observed_gdl_income_proxy,proxy_observed,gdl_shdi_lgnic_lifexp,GDL income proxy,income is GDL lgnic rather than source-country GDPpc; life expectancy is GDL harmonized regional life expectancy,,,
gdl_shdi_bgd_levelx_v3,official_clean,Bangladesh / GDL SHDI level x,BGD,Bangladesh,gdl_level_x,23,782,1990,2023,2023.0,782,0,0,0,gdl_shdi_lgnic_lifexp_v9,gdl_lgnic_income_proxy_plus_gdl_lifexp,proxy_observed_gdl_income_proxy,proxy_observed,gdl_shdi_lgnic_lifexp,GDL income proxy,income is GDL lgnic rather than source-country GDPpc; life expectancy is GDL harmonized regional life expectancy,,,
gdl_shdi_brb_levelx_v3,modelled_hale_experimental,Barbados / GDL SHDI level x,BRB,Barbados,gdl_level_x,4,136,1990,2023,2023.0,136,0,0,0,gdl_shdi_lgnic_lifexp_v9,gdl_lgnic_income_proxy_plus_gdl_lifexp,proxy_observed_gdl_income_proxy,proxy_observed,gdl_shdi_lgnic_lifexp,GDL income proxy,income is GDL lgnic rather than source-country GDPpc; life expectancy is GDL harmonized regional life expectancy,,,
gdl_shdi_brb_levelx_v3,official_clean,Barbados / GDL SHDI level x,BRB,Barbados,gdl_level_x,4,136,1990,2023,2023.0,136,0,0,0,gdl_shdi_lgnic_lifexp_v9,gdl_lgnic_income_proxy_plus_gdl_lifexp,proxy_observed_gdl_income_proxy,proxy_observed,gdl_shdi_lgnic_lifexp,GDL income proxy,income is GDL lgnic rather than source-country GDPpc; life expectancy is GDL harmonized regional life expectancy,,,
gdl_shdi_blr_levelx_v3,modelled_hale_experimental,Belarus / GDL SHDI level x,BLR,Belarus,gdl_level_x,6,174,1995,2023,2023.0,174,0,0,0,gdl_shdi_lgnic_lifexp_v9,gdl_lgnic_income_proxy_plus_gdl_lifexp,proxy_observed_gdl_income_proxy,proxy_observed,gdl_shdi_lgnic_lifexp,GDL income proxy,income is GDL lgnic rather than source-country GDPpc; life expectancy is GDL harmonized regional life expectancy,,,
gdl_shdi_blr_levelx_v3,official_clean,Belarus / GDL SHDI level x,BLR,Belarus,gdl_level_x,6,174,1995,2023,2023.0,174,0,0,0,gdl_shdi_lgnic_lifexp_v9,gdl_lgnic_income_proxy_plus_gdl_lifexp,proxy_observed_gdl_income_proxy,proxy_observed,gdl_shdi_lgnic_lifexp,GDL income proxy,income is GDL lgnic rather than source-country GDPpc; life expectancy is GDL harmonized regional life expectancy,,,
eu_nuts2_bel_v1,extended_experimental,Belgium / EU NUTS2 pilot,BEL,Belgium,nuts2,11,275,2000,2024,2024.0,242,0,0,0,eurostat_nuts2_gdppc_pps_eu27_2020_hab+eurostat_nuts2_lexp_birth_total,observed_inputs_only,observed_eurostat_li_no_subnational_gini_hale,harmonized_observed,observed_inputs_only,observed source,inputs use the labelled source family shown in the provenance fields,,,
eu_nuts2_bel_v1,modelled_hale_experimental,Belgium / EU NUTS2 pilot,BEL,Belgium,nuts2,11,275,2000,2024,2024.0,242,0,44,0,eurostat_nuts2_gdppc_pps_eu27_2020_hab+eurostat_nuts2_lexp_birth_total|eurostat_nuts2_gdppc_pps_eu27_2020_hab+eurostat_nuts2_lexp_birth_total+bel_sciensano_hly_age15_region_shiny,observed_inputs_only|observed_inputs_only+sciensano_hly_age15_sex_average_broader_region_to_nuts2,observed_eurostat_li_no_subnational_gini_hale|observed_eurostat_li_no_subnational_gini_hale+official_hle_age15_proxy_broader_region_assignment,harmonized_observed|harmonized_observed|official_observed|proxy_observed,observed_inputs_only|observed_inputs_only+sciensano_hly_age15_broader_region_proxy,observed source|HLE age-15 proxy|geography proxy,"inputs use the labelled source family shown in the provenance fields|Belgium HLI uses Sciensano healthy life years at age 15, not HALE at birth. Flanders and Wallonia are broader subnational regions assigned to their component NUTS2 provinces; Brussels is exact. This is a transparent HLE proxy and is not directly comparable to at-birth HALE rows.",,2018.0,
eu_nuts2_bel_v1,official_clean,Belgium / EU NUTS2 pilot,BEL,Belgium,nuts2,11,275,2000,2024,2024.0,242,0,0,0,eurostat_nuts2_gdppc_pps_eu27_2020_hab+eurostat_nuts2_lexp_birth_total,observed_inputs_only,observed_eurostat_li_no_subnational_gini_hale,harmonized_observed,observed_inputs_only,observed source,inputs use the labelled source family shown in the provenance fields,,,
gdl_shdi_blz_levelx_v3,modelled_hale_experimental,Belize / GDL SHDI level x,BLZ,Belize,gdl_level_x,4,136,1990,2023,2023.0,136,0,0,0,gdl_shdi_lgnic_lifexp_v9,gdl_lgnic_income_proxy_plus_gdl_lifexp,proxy_observed_gdl_income_proxy,proxy_observed,gdl_shdi_lgnic_lifexp,GDL income proxy,income is GDL lgnic rather than source-country GDPpc; life expectancy is GDL harmonized regional life expectancy,,,
gdl_shdi_blz_levelx_v3,official_clean,Belize / GDL SHDI level x,BLZ,Belize,gdl_level_x,4,136,1990,2023,2023.0,136,0,0,0,gdl_shdi_lgnic_lifexp_v9,gdl_lgnic_income_proxy_plus_gdl_lifexp,proxy_observed_gdl_income_proxy,proxy_observed,gdl_shdi_lgnic_lifexp,GDL income proxy,income is GDL lgnic rather than source-country GDPpc; life expectancy is GDL harmonized regional life expectancy,,,
gdl_shdi_ben_levelx_v3,modelled_hale_experimental,Benin / GDL SHDI level x,BEN,Benin,gdl_level_x,6,204,1990,2023,2023.0,204,0,0,0,gdl_shdi_lgnic_lifexp_v9,gdl_lgnic_income_proxy_plus_gdl_lifexp,proxy_observed_gdl_income_proxy,proxy_observed,gdl_shdi_lgnic_lifexp,GDL income proxy,income is GDL lgnic rather than source-country GDPpc; life expectancy is GDL harmonized regional life expectancy,,,
gdl_shdi_ben_levelx_v3,official_clean,Benin / GDL SHDI level x,BEN,Benin,gdl_level_x,6,204,1990,2023,2023.0,204,0,0,0,gdl_shdi_lgnic_lifexp_v9,gdl_lgnic_income_proxy_plus_gdl_lifexp,proxy_observed_gdl_income_proxy,proxy_observed,gdl_shdi_lgnic_lifexp,GDL income proxy,income is GDL lgnic rather than source-country GDPpc; life expectancy is GDL harmonized regional life expectancy,,,
gdl_shdi_btn_levelx_v3,modelled_hale_experimental,Bhutan / GDL SHDI level x,BTN,Bhutan,gdl_level_x,20,380,2005,2023,2023.0,380,0,0,0,gdl_shdi_lgnic_lifexp_v9,gdl_lgnic_income_proxy_plus_gdl_lifexp,proxy_observed_gdl_income_proxy,proxy_observed,gdl_shdi_lgnic_lifexp,GDL income proxy,income is GDL lgnic rather than source-country GDPpc; life expectancy is GDL harmonized regional life expectancy,,,
gdl_shdi_btn_levelx_v3,official_clean,Bhutan / GDL SHDI level x,BTN,Bhutan,gdl_level_x,20,380,2005,2023,2023.0,380,0,0,0,gdl_shdi_lgnic_lifexp_v9,gdl_lgnic_income_proxy_plus_gdl_lifexp,proxy_observed_gdl_income_proxy,proxy_observed,gdl_shdi_lgnic_lifexp,GDL income proxy,income is GDL lgnic rather than source-country GDPpc; life expectancy is GDL harmonized regional life expectancy,,,
gdl_shdi_bol_levelx_v3,modelled_hale_experimental,Bolivia / GDL SHDI level x,BOL,Bolivia,gdl_level_x,9,306,1990,2023,2023.0,306,0,0,0,gdl_shdi_lgnic_lifexp_v9,gdl_lgnic_income_proxy_plus_gdl_lifexp,proxy_observed_gdl_income_proxy,proxy_observed,gdl_shdi_lgnic_lifexp,GDL income proxy,income is GDL lgnic rather than source-country GDPpc; life expectancy is GDL harmonized regional life expectancy,,,
gdl_shdi_bol_levelx_v3,official_clean,Bolivia / GDL SHDI level x,BOL,Bolivia,gdl_level_x,9,306,1990,2023,2023.0,306,0,0,0,gdl_shdi_lgnic_lifexp_v9,gdl_lgnic_income_proxy_plus_gdl_lifexp,proxy_observed_gdl_income_proxy,proxy_observed,gdl_shdi_lgnic_lifexp,GDL income proxy,income is GDL lgnic rather than source-country GDPpc; life expectancy is GDL harmonized regional life expectancy,,,
gdl_shdi_bih_levelx_v3,modelled_hale_experimental,Bosnia and Herzegovina / GDL SHDI level x,BIH,Bosnia and Herzegovina,gdl_level_x,5,120,2000,2023,2023.0,120,0,0,0,gdl_shdi_lgnic_lifexp_v9,gdl_lgnic_income_proxy_plus_gdl_lifexp,proxy_observed_gdl_income_proxy,proxy_observed,gdl_shdi_lgnic_lifexp,GDL income proxy,income is GDL lgnic rather than source-country GDPpc; life expectancy is GDL harmonized regional life expectancy,,,
gdl_shdi_bih_levelx_v3,official_clean,Bosnia and Herzegovina / GDL SHDI level x,BIH,Bosnia and Herzegovina,gdl_level_x,5,120,2000,2023,2023.0,120,0,0,0,gdl_shdi_lgnic_lifexp_v9,gdl_lgnic_income_proxy_plus_gdl_lifexp,proxy_observed_gdl_income_proxy,proxy_observed,gdl_shdi_lgnic_lifexp,GDL income proxy,income is GDL lgnic rather than source-country GDPpc; life expectancy is GDL harmonized regional life expectancy,,,
gdl_shdi_bwa_levelx_v3,modelled_hale_experimental,Botswana / GDL SHDI level x,BWA,Botswana,gdl_level_x,10,340,1990,2023,2023.0,340,0,0,0,gdl_shdi_lgnic_lifexp_v9,gdl_lgnic_income_proxy_plus_gdl_lifexp,proxy_observed_gdl_income_proxy,proxy_observed,gdl_shdi_lgnic_lifexp,GDL income proxy,income is GDL lgnic rather than source-country GDPpc; life expectancy is GDL harmonized regional life expectancy,,,
gdl_shdi_bwa_levelx_v3,official_clean,Botswana / GDL SHDI level x,BWA,Botswana,gdl_level_x,10,340,1990,2023,2023.0,340,0,0,0,gdl_shdi_lgnic_lifexp_v9,gdl_lgnic_income_proxy_plus_gdl_lifexp,proxy_observed_gdl_income_proxy,proxy_observed,gdl_shdi_lgnic_lifexp,GDL income proxy,income is GDL lgnic rather than source-country GDPpc; life expectancy is GDL harmonized regional life expectancy,,,
gdl_shdi_bra_levelx_v3,modelled_hale_experimental,Brazil / GDL SHDI level x,BRA,Brazil,gdl_level_x,27,918,1990,2023,2023.0,918,0,918,0,gdl_shdi_lgnic_lifexp_v9+ihme_gbd_2023_subnational_hale_modelled,gdl_lgnic_income_proxy_plus_gdl_lifexp+modelled_ihme_gbd_hale_age22_all_ages_subnational_bridge,proxy_observed_gdl_income_proxy+ihme_modelled_hale_age_id_22_all_ages_metric_years_subnational_bridge,proxy_observed|modelled,gdl_shdi_lgnic_lifexp+modelled_ihme_gbd_hale_age22_all_ages_subnational_bridge,GDL income proxy|IHME modelled HALE,income is GDL lgnic rather than source-country GDPpc; life expectancy is GDL harmonized regional life expectancy|HALE is IHME/GBD modelled subnational HALE joined through a documented region bridge,,2023.0,
gdl_shdi_bra_levelx_v3,official_clean,Brazil / GDL SHDI level x,BRA,Brazil,gdl_level_x,27,918,1990,2023,2023.0,918,0,0,0,gdl_shdi_lgnic_lifexp_v9,gdl_lgnic_income_proxy_plus_gdl_lifexp,proxy_observed_gdl_income_proxy,proxy_observed,gdl_shdi_lgnic_lifexp,GDL income proxy,income is GDL lgnic rather than source-country GDPpc; life expectancy is GDL harmonized regional life expectancy,,,
eu_nuts2_bgr_v1,extended_experimental,Bulgaria / EU NUTS2 pilot,BGR,Bulgaria,nuts2,6,150,2000,2024,2024.0,150,0,0,0,eurostat_nuts2_gdppc_pps_eu27_2020_hab+eurostat_nuts2_lexp_birth_total,observed_inputs_only,observed_eurostat_li_no_subnational_gini_hale,harmonized_observed,observed_inputs_only,observed source,inputs use the labelled source family shown in the provenance fields,,,
eu_nuts2_bgr_v1,modelled_hale_experimental,Bulgaria / EU NUTS2 pilot,BGR,Bulgaria,nuts2,6,150,2000,2024,2024.0,150,0,0,0,eurostat_nuts2_gdppc_pps_eu27_2020_hab+eurostat_nuts2_lexp_birth_total,observed_inputs_only,observed_eurostat_li_no_subnational_gini_hale,harmonized_observed,observed_inputs_only,observed source,inputs use the labelled source family shown in the provenance fields,,,
eu_nuts2_bgr_v1,official_clean,Bulgaria / EU NUTS2 pilot,BGR,Bulgaria,nuts2,6,150,2000,2024,2024.0,150,0,0,0,eurostat_nuts2_gdppc_pps_eu27_2020_hab+eurostat_nuts2_lexp_birth_total,observed_inputs_only,observed_eurostat_li_no_subnational_gini_hale,harmonized_observed,observed_inputs_only,observed source,inputs use the labelled source family shown in the provenance fields,,,
gdl_shdi_bfa_levelx_v3,modelled_hale_experimental,Burkina Faso / GDL SHDI level x,BFA,Burkina Faso,gdl_level_x,13,312,2000,2023,2023.0,312,0,0,0,gdl_shdi_lgnic_lifexp_v9,gdl_lgnic_income_proxy_plus_gdl_lifexp,proxy_observed_gdl_income_proxy,proxy_observed,gdl_shdi_lgnic_lifexp,GDL income proxy,income is GDL lgnic rather than source-country GDPpc; life expectancy is GDL harmonized regional life expectancy,,,
gdl_shdi_bfa_levelx_v3,official_clean,Burkina Faso / GDL SHDI level x,BFA,Burkina Faso,gdl_level_x,13,312,2000,2023,2023.0,312,0,0,0,gdl_shdi_lgnic_lifexp_v9,gdl_lgnic_income_proxy_plus_gdl_lifexp,proxy_observed_gdl_income_proxy,proxy_observed,gdl_shdi_lgnic_lifexp,GDL income proxy,income is GDL lgnic rather than source-country GDPpc; life expectancy is GDL harmonized regional life expectancy,,,
gdl_shdi_bdi_levelx_v3,modelled_hale_experimental,Burundi / GDL SHDI level x,BDI,Burundi,gdl_level_x,5,170,1990,2023,2023.0,170,0,0,0,gdl_shdi_lgnic_lifexp_v9,gdl_lgnic_income_proxy_plus_gdl_lifexp,proxy_observed_gdl_income_proxy,proxy_observed,gdl_shdi_lgnic_lifexp,GDL income proxy,income is GDL lgnic rather than source-country GDPpc; life expectancy is GDL harmonized regional life expectancy,,,
gdl_shdi_bdi_levelx_v3,official_clean,Burundi / GDL SHDI level x,BDI,Burundi,gdl_level_x,5,170,1990,2023,2023.0,170,0,0,0,gdl_shdi_lgnic_lifexp_v9,gdl_lgnic_income_proxy_plus_gdl_lifexp,proxy_observed_gdl_income_proxy,proxy_observed,gdl_shdi_lgnic_lifexp,GDL income proxy,income is GDL lgnic rather than source-country GDPpc; life expectancy is GDL harmonized regional life expectancy,,,
gdl_shdi_khm_levelx_v3,modelled_hale_experimental,Cambodia / GDL SHDI level x,KHM,Cambodia,gdl_level_x,17,578,1990,2023,2023.0,578,0,0,0,gdl_shdi_lgnic_lifexp_v9,gdl_lgnic_income_proxy_plus_gdl_lifexp,proxy_observed_gdl_income_proxy,proxy_observed,gdl_shdi_lgnic_lifexp,GDL income proxy,income is GDL lgnic rather than source-country GDPpc; life expectancy is GDL harmonized regional life expectancy,,,
gdl_shdi_khm_levelx_v3,official_clean,Cambodia / GDL SHDI level x,KHM,Cambodia,gdl_level_x,17,578,1990,2023,2023.0,578,0,0,0,gdl_shdi_lgnic_lifexp_v9,gdl_lgnic_income_proxy_plus_gdl_lifexp,proxy_observed_gdl_income_proxy,proxy_observed,gdl_shdi_lgnic_lifexp,GDL income proxy,income is GDL lgnic rather than source-country GDPpc; life expectancy is GDL harmonized regional life expectancy,,,
gdl_shdi_cmr_levelx_v3,modelled_hale_experimental,Cameroon / GDL SHDI level x,CMR,Cameroon,gdl_level_x,10,340,1990,2023,2023.0,340,0,0,0,gdl_shdi_lgnic_lifexp_v9,gdl_lgnic_income_proxy_plus_gdl_lifexp,proxy_observed_gdl_income_proxy,proxy_observed,gdl_shdi_lgnic_lifexp,GDL income proxy,income is GDL lgnic rather than source-country GDPpc; life expectancy is GDL harmonized regional life expectancy,,,
gdl_shdi_cmr_levelx_v3,official_clean,Cameroon / GDL SHDI level x,CMR,Cameroon,gdl_level_x,10,340,1990,2023,2023.0,340,0,0,0,gdl_shdi_lgnic_lifexp_v9,gdl_lgnic_income_proxy_plus_gdl_lifexp,proxy_observed_gdl_income_proxy,proxy_observed,gdl_shdi_lgnic_lifexp,GDL income proxy,income is GDL lgnic rather than source-country GDPpc; life expectancy is GDL harmonized regional life expectancy,,,
canada_oecd_tl2_statcan,extended_experimental,Canada / OECD TL2 + StatCan pilot,CAN,Canada,oecd_tl2,13,386,1995,2024,2022.0,346,279,0,0,oecd_tl2_gdppc_ppp+oecd_tl2_lfexp+statcan_after_tax_gini,observed_inputs_only,observed_no_subnational_hale_partial_gini,harmonized_observed,observed_inputs_only,observed source,inputs use the labelled source family shown in the provenance fields,2022.0,,
canada_oecd_tl2_statcan,modelled_hale_experimental,Canada / OECD TL2 + StatCan pilot,CAN,Canada,oecd_tl2,13,386,1995,2024,2022.0,346,279,22,20,oecd_tl2_gdppc_ppp+oecd_tl2_lfexp+statcan_after_tax_gini|oecd_tl2_gdppc_ppp+oecd_tl2_lfexp+statcan_after_tax_gini+statcan_13100971_hale_province_territory,observed_inputs_only|observed_inputs_only+statcan_table_13100971_at_birth_both_sexes_all_income_groups_exact_province_territory_join,observed_no_subnational_hale_partial_gini|observed_no_subnational_hale_partial_gini+official_observed_hale_at_birth_province_territory,harmonized_observed|harmonized_observed|official_observed,observed_inputs_only|observed_inputs_only+statcan_table_13100971_at_birth_both_sexes_all_income_groups_exact_province_territory_join,observed source|observed HALE,"inputs use the labelled source family shown in the provenance fields|HALE is official Statistics Canada health-adjusted life expectancy at birth by province/territory, both sexes and all income groups",2022.0,2020.0,2020.0
canada_oecd_tl2_statcan,official_clean,Canada / OECD TL2 + StatCan pilot,CAN,Canada,oecd_tl2,13,386,1995,2024,2022.0,346,0,0,0,oecd_tl2_gdppc_ppp+oecd_tl2_lfexp+statcan_after_tax_gini,observed_inputs_only,observed_no_subnational_hale_partial_gini,harmonized_observed,observed_inputs_only,observed source,inputs use the labelled source family shown in the provenance fields,,,
gdl_shdi_cpv_levelx_v3,modelled_hale_experimental,Cape Verde / GDL SHDI level x,CPV,Cape Verde,gdl_level_x,5,120,2000,2023,2023.0,120,0,0,0,gdl_shdi_lgnic_lifexp_v9,gdl_lgnic_income_proxy_plus_gdl_lifexp,proxy_observed_gdl_income_proxy,proxy_observed,gdl_shdi_lgnic_lifexp,GDL income proxy,income is GDL lgnic rather than source-country GDPpc; life expectancy is GDL harmonized regional life expectancy,,,
gdl_shdi_cpv_levelx_v3,official_clean,Cape Verde / GDL SHDI level x,CPV,Cape Verde,gdl_level_x,5,120,2000,2023,2023.0,120,0,0,0,gdl_shdi_lgnic_lifexp_v9,gdl_lgnic_income_proxy_plus_gdl_lifexp,proxy_observed_gdl_income_proxy,proxy_observed,gdl_shdi_lgnic_lifexp,GDL income proxy,income is GDL lgnic rather than source-country GDPpc; life expectancy is GDL harmonized regional life expectancy,,,
gdl_shdi_caf_levelx_v3,modelled_hale_experimental,Central African Republic CAR / GDL SHDI level x,CAF,Central African Republic CAR,gdl_level_x,6,204,1990,2023,2023.0,204,0,0,0,gdl_shdi_lgnic_lifexp_v9,gdl_lgnic_income_proxy_plus_gdl_lifexp,proxy_observed_gdl_income_proxy,proxy_observed,gdl_shdi_lgnic_lifexp,GDL income proxy,income is GDL lgnic rather than source-country GDPpc; life expectancy is GDL harmonized regional life expectancy,,,
gdl_shdi_caf_levelx_v3,official_clean,Central African Republic CAR / GDL SHDI level x,CAF,Central African Republic CAR,gdl_level_x,6,204,1990,2023,2023.0,204,0,0,0,gdl_shdi_lgnic_lifexp_v9,gdl_lgnic_income_proxy_plus_gdl_lifexp,proxy_observed_gdl_income_proxy,proxy_observed,gdl_shdi_lgnic_lifexp,GDL income proxy,income is GDL lgnic rather than source-country GDPpc; life expectancy is GDL harmonized regional life expectancy,,,
gdl_shdi_tcd_levelx_v3,modelled_hale_experimental,Chad / GDL SHDI level x,TCD,Chad,gdl_level_x,8,192,2000,2023,2023.0,192,0,0,0,gdl_shdi_lgnic_lifexp_v9,gdl_lgnic_income_proxy_plus_gdl_lifexp,proxy_observed_gdl_income_proxy,proxy_observed,gdl_shdi_lgnic_lifexp,GDL income proxy,income is GDL lgnic rather than source-country GDPpc; life expectancy is GDL harmonized regional life expectancy,,,
gdl_shdi_tcd_levelx_v3,official_clean,Chad / GDL SHDI level x,TCD,Chad,gdl_level_x,8,192,2000,2023,2023.0,192,0,0,0,gdl_shdi_lgnic_lifexp_v9,gdl_lgnic_income_proxy_plus_gdl_lifexp,proxy_observed_gdl_income_proxy,proxy_observed,gdl_shdi_lgnic_lifexp,GDL income proxy,income is GDL lgnic rather than source-country GDPpc; life expectancy is GDL harmonized regional life expectancy,,,
gdl_shdi_chl_levelx_v3,modelled_hale_experimental,Chili / GDL SHDI level x,CHL,Chili,gdl_level_x,13,442,1990,2023,2023.0,442,0,0,0,gdl_shdi_lgnic_lifexp_v9,gdl_lgnic_income_proxy_plus_gdl_lifexp,proxy_observed_gdl_income_proxy,proxy_observed,gdl_shdi_lgnic_lifexp,GDL income proxy,income is GDL lgnic rather than source-country GDPpc; life expectancy is GDL harmonized regional life expectancy,,,
gdl_shdi_chl_levelx_v3,official_clean,Chili / GDL SHDI level x,CHL,Chili,gdl_level_x,13,442,1990,2023,2023.0,442,0,0,0,gdl_shdi_lgnic_lifexp_v9,gdl_lgnic_income_proxy_plus_gdl_lifexp,proxy_observed_gdl_income_proxy,proxy_observed,gdl_shdi_lgnic_lifexp,GDL income proxy,income is GDL lgnic rather than source-country GDPpc; life expectancy is GDL harmonized regional life expectancy,,,
china_oecd_regional_v1,extended_experimental,China / OECD regional pilot,CHN,China,oecd_tl2,31,1085,1990,2024,2023.0,775,0,0,0,oecd_regional_gdp+gdl_subnational_lifexp,observed_inputs_only,observed_no_subnational_gini_hale,harmonized_observed,observed_inputs_only,observed source,inputs use the labelled source family shown in the provenance fields,,,
china_oecd_regional_v1,modelled_hale_experimental,China / OECD regional pilot,CHN,China,oecd_tl2,31,1085,1990,2024,2023.0,775,0,0,0,oecd_regional_gdp+gdl_subnational_lifexp,observed_inputs_only,observed_no_subnational_gini_hale,harmonized_observed,observed_inputs_only,observed source,inputs use the labelled source family shown in the provenance fields,,,
china_oecd_regional_v1,official_clean,China / OECD regional pilot,CHN,China,oecd_tl2,31,1085,1990,2024,2023.0,775,0,0,0,oecd_regional_gdp+gdl_subnational_lifexp,observed_inputs_only,observed_no_subnational_gini_hale,harmonized_observed,observed_inputs_only,observed source,inputs use the labelled source family shown in the provenance fields,,,
china_province_v1,extended_experimental,China province pilot,CHN,China,province,31,1085,1990,2024,2023.0,928,0,0,0,nbs_province_gdppc+gdl_subnational_lifexp,observed_inputs_only,observed_no_subnational_gini_hale,harmonized_observed,observed_inputs_only,observed source,inputs use the labelled source family shown in the provenance fields,,,
china_province_v1,modelled_hale_experimental,China province pilot,CHN,China,province,31,1085,1990,2024,2023.0,928,0,0,0,nbs_province_gdppc+gdl_subnational_lifexp,observed_inputs_only,observed_no_subnational_gini_hale,harmonized_observed,observed_inputs_only,observed source,inputs use the labelled source family shown in the provenance fields,,,
china_province_v1,official_clean,China province pilot,CHN,China,province,31,1085,1990,2024,2023.0,928,0,0,0,nbs_province_gdppc+gdl_subnational_lifexp,observed_inputs_only,observed_no_subnational_gini_hale,harmonized_observed,observed_inputs_only,observed source,inputs use the labelled source family shown in the provenance fields,,,
gdl_shdi_col_levelx_v3,modelled_hale_experimental,Colombia / GDL SHDI level x,COL,Colombia,gdl_level_x,33,1122,1990,2023,2023.0,1122,0,0,0,gdl_shdi_lgnic_lifexp_v9,gdl_lgnic_income_proxy_plus_gdl_lifexp,proxy_observed_gdl_income_proxy,proxy_observed,gdl_shdi_lgnic_lifexp,GDL income proxy,income is GDL lgnic rather than source-country GDPpc; life expectancy is GDL harmonized regional life expectancy,,,
gdl_shdi_col_levelx_v3,official_clean,Colombia / GDL SHDI level x,COL,Colombia,gdl_level_x,33,1122,1990,2023,2023.0,1122,0,0,0,gdl_shdi_lgnic_lifexp_v9,gdl_lgnic_income_proxy_plus_gdl_lifexp,proxy_observed_gdl_income_proxy,proxy_observed,gdl_shdi_lgnic_lifexp,GDL income proxy,income is GDL lgnic rather than source-country GDPpc; life expectancy is GDL harmonized regional life expectancy,,,
gdl_shdi_com_levelx_v3,modelled_hale_experimental,Comoros / GDL SHDI level x,COM,Comoros,gdl_level_x,3,72,2000,2023,2023.0,72,0,0,0,gdl_shdi_lgnic_lifexp_v9,gdl_lgnic_income_proxy_plus_gdl_lifexp,proxy_observed_gdl_income_proxy,proxy_observed,gdl_shdi_lgnic_lifexp,GDL income proxy,income is GDL lgnic rather than source-country GDPpc; life expectancy is GDL harmonized regional life expectancy,,,
gdl_shdi_com_levelx_v3,official_clean,Comoros / GDL SHDI level x,COM,Comoros,gdl_level_x,3,72,2000,2023,2023.0,72,0,0,0,gdl_shdi_lgnic_lifexp_v9,gdl_lgnic_income_proxy_plus_gdl_lifexp,proxy_observed_gdl_income_proxy,proxy_observed,gdl_shdi_lgnic_lifexp,GDL income proxy,income is GDL lgnic rather than source-country GDPpc; life expectancy is GDL harmonized regional life expectancy,,,
gdl_shdi_cog_levelx_v3,modelled_hale_experimental,Congo Brazzaville / GDL SHDI level x,COG,Congo Brazzaville,gdl_level_x,12,408,1990,2023,2023.0,408,0,0,0,gdl_shdi_lgnic_lifexp_v9,gdl_lgnic_income_proxy_plus_gdl_lifexp,proxy_observed_gdl_income_proxy,proxy_observed,gdl_shdi_lgnic_lifexp,GDL income proxy,income is GDL lgnic rather than source-country GDPpc; life expectancy is GDL harmonized regional life expectancy,,,
gdl_shdi_cog_levelx_v3,official_clean,Congo Brazzaville / GDL SHDI level x,COG,Congo Brazzaville,gdl_level_x,12,408,1990,2023,2023.0,408,0,0,0,gdl_shdi_lgnic_lifexp_v9,gdl_lgnic_income_proxy_plus_gdl_lifexp,proxy_observed_gdl_income_proxy,proxy_observed,gdl_shdi_lgnic_lifexp,GDL income proxy,income is GDL lgnic rather than source-country GDPpc; life expectancy is GDL harmonized regional life expectancy,,,
gdl_shdi_cod_levelx_v3,modelled_hale_experimental,Congo Democratic Republic / GDL SHDI level x,COD,Congo Democratic Republic,gdl_level_x,11,374,1990,2023,2023.0,374,0,0,0,gdl_shdi_lgnic_lifexp_v9,gdl_lgnic_income_proxy_plus_gdl_lifexp,proxy_observed_gdl_income_proxy,proxy_observed,gdl_shdi_lgnic_lifexp,GDL income proxy,income is GDL lgnic rather than source-country GDPpc; life expectancy is GDL harmonized regional life expectancy,,,
gdl_shdi_cod_levelx_v3,official_clean,Congo Democratic Republic / GDL SHDI level x,COD,Congo Democratic Republic,gdl_level_x,11,374,1990,2023,2023.0,374,0,0,0,gdl_shdi_lgnic_lifexp_v9,gdl_lgnic_income_proxy_plus_gdl_lifexp,proxy_observed_gdl_income_proxy,proxy_observed,gdl_shdi_lgnic_lifexp,GDL income proxy,income is GDL lgnic rather than source-country GDPpc; life expectancy is GDL harmonized regional life expectancy,,,
gdl_shdi_cri_levelx_v3,modelled_hale_experimental,Costa Rica / GDL SHDI level x,CRI,Costa Rica,gdl_level_x,7,238,1990,2023,2023.0,238,0,0,0,gdl_shdi_lgnic_lifexp_v9,gdl_lgnic_income_proxy_plus_gdl_lifexp,proxy_observed_gdl_income_proxy,proxy_observed,gdl_shdi_lgnic_lifexp,GDL income proxy,income is GDL lgnic rather than source-country GDPpc; life expectancy is GDL harmonized regional life expectancy,,,
gdl_shdi_cri_levelx_v3,official_clean,Costa Rica / GDL SHDI level x,CRI,Costa Rica,gdl_level_x,7,238,1990,2023,2023.0,238,0,0,0,gdl_shdi_lgnic_lifexp_v9,gdl_lgnic_income_proxy_plus_gdl_lifexp,proxy_observed_gdl_income_proxy,proxy_observed,gdl_shdi_lgnic_lifexp,GDL income proxy,income is GDL lgnic rather than source-country GDPpc; life expectancy is GDL harmonized regional life expectancy,,,
gdl_shdi_civ_levelx_v3,modelled_hale_experimental,Cote d'Ivoire / GDL SHDI level x,CIV,Cote d'Ivoire,gdl_level_x,10,340,1990,2023,2023.0,340,0,0,0,gdl_shdi_lgnic_lifexp_v9,gdl_lgnic_income_proxy_plus_gdl_lifexp,proxy_observed_gdl_income_proxy,proxy_observed,gdl_shdi_lgnic_lifexp,GDL income proxy,income is GDL lgnic rather than source-country GDPpc; life expectancy is GDL harmonized regional life expectancy,,,
gdl_shdi_civ_levelx_v3,official_clean,Cote d'Ivoire / GDL SHDI level x,CIV,Cote d'Ivoire,gdl_level_x,10,340,1990,2023,2023.0,340,0,0,0,gdl_shdi_lgnic_lifexp_v9,gdl_lgnic_income_proxy_plus_gdl_lifexp,proxy_observed_gdl_income_proxy,proxy_observed,gdl_shdi_lgnic_lifexp,GDL income proxy,income is GDL lgnic rather than source-country GDPpc; life expectancy is GDL harmonized regional life expectancy,,,
eu_nuts2_hrv_v1,extended_experimental,Croatia / EU NUTS2 pilot,HRV,Croatia,nuts2,5,119,2000,2024,2024.0,39,0,0,0,eurostat_nuts2_gdppc_pps_eu27_2020_hab+eurostat_nuts2_lexp_birth_total,observed_inputs_only,observed_eurostat_li_no_subnational_gini_hale,harmonized_observed,observed_inputs_only,observed source,inputs use the labelled source family shown in the provenance fields,,,
eu_nuts2_hrv_v1,modelled_hale_experimental,Croatia / EU NUTS2 pilot,HRV,Croatia,nuts2,5,119,2000,2024,2024.0,39,0,0,0,eurostat_nuts2_gdppc_pps_eu27_2020_hab+eurostat_nuts2_lexp_birth_total,observed_inputs_only,observed_eurostat_li_no_subnational_gini_hale,harmonized_observed,observed_inputs_only,observed source,inputs use the labelled source family shown in the provenance fields,,,
eu_nuts2_hrv_v1,official_clean,Croatia / EU NUTS2 pilot,HRV,Croatia,nuts2,5,119,2000,2024,2024.0,39,0,0,0,eurostat_nuts2_gdppc_pps_eu27_2020_hab+eurostat_nuts2_lexp_birth_total,observed_inputs_only,observed_eurostat_li_no_subnational_gini_hale,harmonized_observed,observed_inputs_only,observed source,inputs use the labelled source family shown in the provenance fields,,,
gdl_shdi_cub_levelx_v3,modelled_hale_experimental,Cuba / GDL SHDI level x,CUB,Cuba,gdl_level_x,15,510,1990,2023,2023.0,510,0,0,0,gdl_shdi_lgnic_lifexp_v9,gdl_lgnic_income_proxy_plus_gdl_lifexp,proxy_observed_gdl_income_proxy,proxy_observed,gdl_shdi_lgnic_lifexp,GDL income proxy,income is GDL lgnic rather than source-country GDPpc; life expectancy is GDL harmonized regional life expectancy,,,
gdl_shdi_cub_levelx_v3,official_clean,Cuba / GDL SHDI level x,CUB,Cuba,gdl_level_x,15,510,1990,2023,2023.0,510,0,0,0,gdl_shdi_lgnic_lifexp_v9,gdl_lgnic_income_proxy_plus_gdl_lifexp,proxy_observed_gdl_income_proxy,proxy_observed,gdl_shdi_lgnic_lifexp,GDL income proxy,income is GDL lgnic rather than source-country GDPpc; life expectancy is GDL harmonized regional life expectancy,,,
eu_nuts2_cyp_v1,extended_experimental,Cyprus / EU NUTS2 pilot,CYP,Cyprus,nuts2,1,25,2000,2024,2024.0,25,0,0,0,eurostat_nuts2_gdppc_pps_eu27_2020_hab+eurostat_nuts2_lexp_birth_total,observed_inputs_only,observed_eurostat_li_no_subnational_gini_hale,harmonized_observed,observed_inputs_only,observed source,inputs use the labelled source family shown in the provenance fields,,,
eu_nuts2_cyp_v1,modelled_hale_experimental,Cyprus / EU NUTS2 pilot,CYP,Cyprus,nuts2,1,25,2000,2024,2024.0,25,0,0,0,eurostat_nuts2_gdppc_pps_eu27_2020_hab+eurostat_nuts2_lexp_birth_total,observed_inputs_only,observed_eurostat_li_no_subnational_gini_hale,harmonized_observed,observed_inputs_only,observed source,inputs use the labelled source family shown in the provenance fields,,,
eu_nuts2_cyp_v1,official_clean,Cyprus / EU NUTS2 pilot,CYP,Cyprus,nuts2,1,25,2000,2024,2024.0,25,0,0,0,eurostat_nuts2_gdppc_pps_eu27_2020_hab+eurostat_nuts2_lexp_birth_total,observed_inputs_only,observed_eurostat_li_no_subnational_gini_hale,harmonized_observed,observed_inputs_only,observed source,inputs use the labelled source family shown in the provenance fields,,,
eu_nuts2_cze_v1,extended_experimental,Czechia / EU NUTS2 pilot,CZE,Czechia,nuts2,8,200,2000,2024,2024.0,200,0,0,0,eurostat_nuts2_gdppc_pps_eu27_2020_hab+eurostat_nuts2_lexp_birth_total,observed_inputs_only,observed_eurostat_li_no_subnational_gini_hale,harmonized_observed,observed_inputs_only,observed source,inputs use the labelled source family shown in the provenance fields,,,
eu_nuts2_cze_v1,modelled_hale_experimental,Czechia / EU NUTS2 pilot,CZE,Czechia,nuts2,8,200,2000,2024,2024.0,200,0,0,0,eurostat_nuts2_gdppc_pps_eu27_2020_hab+eurostat_nuts2_lexp_birth_total,observed_inputs_only,observed_eurostat_li_no_subnational_gini_hale,harmonized_observed,observed_inputs_only,observed source,inputs use the labelled source family shown in the provenance fields,,,
eu_nuts2_cze_v1,official_clean,Czechia / EU NUTS2 pilot,CZE,Czechia,nuts2,8,200,2000,2024,2024.0,200,0,0,0,eurostat_nuts2_gdppc_pps_eu27_2020_hab+eurostat_nuts2_lexp_birth_total,observed_inputs_only,observed_eurostat_li_no_subnational_gini_hale,harmonized_observed,observed_inputs_only,observed source,inputs use the labelled source family shown in the provenance fields,,,
eu_nuts2_dnk_v1,extended_experimental,Denmark / EU NUTS2 pilot,DNK,Denmark,nuts2,5,125,2000,2024,2024.0,90,0,0,0,eurostat_nuts2_gdppc_pps_eu27_2020_hab+eurostat_nuts2_lexp_birth_total,observed_inputs_only,observed_eurostat_li_no_subnational_gini_hale,harmonized_observed,observed_inputs_only,observed source,inputs use the labelled source family shown in the provenance fields,,,
eu_nuts2_dnk_v1,modelled_hale_experimental,Denmark / EU NUTS2 pilot,DNK,Denmark,nuts2,5,125,2000,2024,2024.0,90,0,0,0,eurostat_nuts2_gdppc_pps_eu27_2020_hab+eurostat_nuts2_lexp_birth_total,observed_inputs_only,observed_eurostat_li_no_subnational_gini_hale,harmonized_observed,observed_inputs_only,observed source,inputs use the labelled source family shown in the provenance fields,,,
eu_nuts2_dnk_v1,official_clean,Denmark / EU NUTS2 pilot,DNK,Denmark,nuts2,5,125,2000,2024,2024.0,90,0,0,0,eurostat_nuts2_gdppc_pps_eu27_2020_hab+eurostat_nuts2_lexp_birth_total,observed_inputs_only,observed_eurostat_li_no_subnational_gini_hale,harmonized_observed,observed_inputs_only,observed source,inputs use the labelled source family shown in the provenance fields,,,
gdl_shdi_dji_levelx_v3,modelled_hale_experimental,Djibouti / GDL SHDI level x,DJI,Djibouti,gdl_level_x,2,58,1995,2023,2023.0,58,0,0,0,gdl_shdi_lgnic_lifexp_v9,gdl_lgnic_income_proxy_plus_gdl_lifexp,proxy_observed_gdl_income_proxy,proxy_observed,gdl_shdi_lgnic_lifexp,GDL income proxy,income is GDL lgnic rather than source-country GDPpc; life expectancy is GDL harmonized regional life expectancy,,,
gdl_shdi_dji_levelx_v3,official_clean,Djibouti / GDL SHDI level x,DJI,Djibouti,gdl_level_x,2,58,1995,2023,2023.0,58,0,0,0,gdl_shdi_lgnic_lifexp_v9,gdl_lgnic_income_proxy_plus_gdl_lifexp,proxy_observed_gdl_income_proxy,proxy_observed,gdl_shdi_lgnic_lifexp,GDL income proxy,income is GDL lgnic rather than source-country GDPpc; life expectancy is GDL harmonized regional life expectancy,,,
gdl_shdi_dom_levelx_v3,modelled_hale_experimental,Dominican Republic / GDL SHDI level x,DOM,Dominican Republic,gdl_level_x,9,306,1990,2023,2023.0,306,0,0,0,gdl_shdi_lgnic_lifexp_v9,gdl_lgnic_income_proxy_plus_gdl_lifexp,proxy_observed_gdl_income_proxy,proxy_observed,gdl_shdi_lgnic_lifexp,GDL income proxy,income is GDL lgnic rather than source-country GDPpc; life expectancy is GDL harmonized regional life expectancy,,,
gdl_shdi_dom_levelx_v3,official_clean,Dominican Republic / GDL SHDI level x,DOM,Dominican Republic,gdl_level_x,9,306,1990,2023,2023.0,306,0,0,0,gdl_shdi_lgnic_lifexp_v9,gdl_lgnic_income_proxy_plus_gdl_lifexp,proxy_observed_gdl_income_proxy,proxy_observed,gdl_shdi_lgnic_lifexp,GDL income proxy,income is GDL lgnic rather than source-country GDPpc; life expectancy is GDL harmonized regional life expectancy,,,
gdl_shdi_ecu_levelx_v3,modelled_hale_experimental,Ecuador / GDL SHDI level x,ECU,Ecuador,gdl_level_x,3,102,1990,2023,2023.0,102,0,0,0,gdl_shdi_lgnic_lifexp_v9,gdl_lgnic_income_proxy_plus_gdl_lifexp,proxy_observed_gdl_income_proxy,proxy_observed,gdl_shdi_lgnic_lifexp,GDL income proxy,income is GDL lgnic rather than source-country GDPpc; life expectancy is GDL harmonized regional life expectancy,,,
gdl_shdi_ecu_levelx_v3,official_clean,Ecuador / GDL SHDI level x,ECU,Ecuador,gdl_level_x,3,102,1990,2023,2023.0,102,0,0,0,gdl_shdi_lgnic_lifexp_v9,gdl_lgnic_income_proxy_plus_gdl_lifexp,proxy_observed_gdl_income_proxy,proxy_observed,gdl_shdi_lgnic_lifexp,GDL income proxy,income is GDL lgnic rather than source-country GDPpc; life expectancy is GDL harmonized regional life expectancy,,,
gdl_shdi_egy_levelx_v3,modelled_hale_experimental,Egypt / GDL SHDI level x,EGY,Egypt,gdl_level_x,22,748,1990,2023,2023.0,748,0,0,0,gdl_shdi_lgnic_lifexp_v9,gdl_lgnic_income_proxy_plus_gdl_lifexp,proxy_observed_gdl_income_proxy,proxy_observed,gdl_shdi_lgnic_lifexp,GDL income proxy,income is GDL lgnic rather than source-country GDPpc; life expectancy is GDL harmonized regional life expectancy,,,
gdl_shdi_egy_levelx_v3,official_clean,Egypt / GDL SHDI level x,EGY,Egypt,gdl_level_x,22,748,1990,2023,2023.0,748,0,0,0,gdl_shdi_lgnic_lifexp_v9,gdl_lgnic_income_proxy_plus_gdl_lifexp,proxy_observed_gdl_income_proxy,proxy_observed,gdl_shdi_lgnic_lifexp,GDL income proxy,income is GDL lgnic rather than source-country GDPpc; life expectancy is GDL harmonized regional life expectancy,,,
gdl_shdi_slv_levelx_v3,modelled_hale_experimental,El Salvador / GDL SHDI level x,SLV,El Salvador,gdl_level_x,4,136,1990,2023,2023.0,136,0,0,0,gdl_shdi_lgnic_lifexp_v9,gdl_lgnic_income_proxy_plus_gdl_lifexp,proxy_observed_gdl_income_proxy,proxy_observed,gdl_shdi_lgnic_lifexp,GDL income proxy,income is GDL lgnic rather than source-country GDPpc; life expectancy is GDL harmonized regional life expectancy,,,
gdl_shdi_slv_levelx_v3,official_clean,El Salvador / GDL SHDI level x,SLV,El Salvador,gdl_level_x,4,136,1990,2023,2023.0,136,0,0,0,gdl_shdi_lgnic_lifexp_v9,gdl_lgnic_income_proxy_plus_gdl_lifexp,proxy_observed_gdl_income_proxy,proxy_observed,gdl_shdi_lgnic_lifexp,GDL income proxy,income is GDL lgnic rather than source-country GDPpc; life expectancy is GDL harmonized regional life expectancy,,,
gdl_shdi_gnq_levelx_v3,modelled_hale_experimental,Equatorial Guinea / GDL SHDI level x,GNQ,Equatorial Guinea,gdl_level_x,5,120,2000,2023,2023.0,120,0,0,0,gdl_shdi_lgnic_lifexp_v9,gdl_lgnic_income_proxy_plus_gdl_lifexp,proxy_observed_gdl_income_proxy,proxy_observed,gdl_shdi_lgnic_lifexp,GDL income proxy,income is GDL lgnic rather than source-country GDPpc; life expectancy is GDL harmonized regional life expectancy,,,
gdl_shdi_gnq_levelx_v3,official_clean,Equatorial Guinea / GDL SHDI level x,GNQ,Equatorial Guinea,gdl_level_x,5,120,2000,2023,2023.0,120,0,0,0,gdl_shdi_lgnic_lifexp_v9,gdl_lgnic_income_proxy_plus_gdl_lifexp,proxy_observed_gdl_income_proxy,proxy_observed,gdl_shdi_lgnic_lifexp,GDL income proxy,income is GDL lgnic rather than source-country GDPpc; life expectancy is GDL harmonized regional life expectancy,,,
gdl_shdi_eri_levelx_v3,modelled_hale_experimental,Eritrea / GDL SHDI level x,ERI,Eritrea,gdl_level_x,6,114,2005,2023,2023.0,114,0,0,0,gdl_shdi_lgnic_lifexp_v9,gdl_lgnic_income_proxy_plus_gdl_lifexp,proxy_observed_gdl_income_proxy,proxy_observed,gdl_shdi_lgnic_lifexp,GDL income proxy,income is GDL lgnic rather than source-country GDPpc; life expectancy is GDL harmonized regional life expectancy,,,
gdl_shdi_eri_levelx_v3,official_clean,Eritrea / GDL SHDI level x,ERI,Eritrea,gdl_level_x,6,114,2005,2023,2023.0,114,0,0,0,gdl_shdi_lgnic_lifexp_v9,gdl_lgnic_income_proxy_plus_gdl_lifexp,proxy_observed_gdl_income_proxy,proxy_observed,gdl_shdi_lgnic_lifexp,GDL income proxy,income is GDL lgnic rather than source-country GDPpc; life expectancy is GDL harmonized regional life expectancy,,,
est_county_income_th753_hle_v3,modelled_hale_experimental,Estonia / county HLE + harmonized disposable income,EST,Estonia,county_harmonized_income_hle_proxy,15,15,2020,2020,,0,0,15,15,eu_harmonized_disposable_income_2020+est_stat_th753_county_hle,estat_th753_hle_at_birth_county_period_end_year+eu_harmonized_municipality_income_population_weighted_to_county,official_hle_at_birth_period_proxy+harmonized_income_county_aggregation+weighted_mean_municipal_gini_proxy,official_observed|harmonized_observed|proxy_observed|approximation_candidate,estat_th753_hle_at_birth_county_period_end_year+eu_harmonized_municipality_income_population_weighted_to_county,observed HLE proxy|harmonized income|weighted Gini proxy|period-end proxy,"Statistics Estonia TH753 reports disability-free life expectancy at birth by county for the 2019/2020 period; the atlas assigns it to 2020. County income is population-weighted from municipality disposable-income rows in 2015 PPP EU27 euros. County Gini is a population-weighted municipal Gini proxy, not a recomputed county distributional Gini.",,2020.0,2020.0
eu_nuts2_est_v1,extended_experimental,Estonia / EU NUTS2 pilot,EST,Estonia,nuts2,1,25,2000,2024,2024.0,25,0,0,0,eurostat_nuts2_gdppc_pps_eu27_2020_hab+eurostat_nuts2_lexp_birth_total,observed_inputs_only,observed_eurostat_li_no_subnational_gini_hale,harmonized_observed,observed_inputs_only,observed source,inputs use the labelled source family shown in the provenance fields,,,
eu_nuts2_est_v1,modelled_hale_experimental,Estonia / EU NUTS2 pilot,EST,Estonia,nuts2,1,25,2000,2024,2024.0,25,0,0,0,eurostat_nuts2_gdppc_pps_eu27_2020_hab+eurostat_nuts2_lexp_birth_total,observed_inputs_only,observed_eurostat_li_no_subnational_gini_hale,harmonized_observed,observed_inputs_only,observed source,inputs use the labelled source family shown in the provenance fields,,,
eu_nuts2_est_v1,official_clean,Estonia / EU NUTS2 pilot,EST,Estonia,nuts2,1,25,2000,2024,2024.0,25,0,0,0,eurostat_nuts2_gdppc_pps_eu27_2020_hab+eurostat_nuts2_lexp_birth_total,observed_inputs_only,observed_eurostat_li_no_subnational_gini_hale,harmonized_observed,observed_inputs_only,observed source,inputs use the labelled source family shown in the provenance fields,,,
gdl_shdi_swz_levelx_v3,modelled_hale_experimental,Eswatini / GDL SHDI level x,SWZ,Eswatini,gdl_level_x,4,136,1990,2023,2023.0,136,0,0,0,gdl_shdi_lgnic_lifexp_v9,gdl_lgnic_income_proxy_plus_gdl_lifexp,proxy_observed_gdl_income_proxy,proxy_observed,gdl_shdi_lgnic_lifexp,GDL income proxy,income is GDL lgnic rather than source-country GDPpc; life expectancy is GDL harmonized regional life expectancy,,,
gdl_shdi_swz_levelx_v3,official_clean,Eswatini / GDL SHDI level x,SWZ,Eswatini,gdl_level_x,4,136,1990,2023,2023.0,136,0,0,0,gdl_shdi_lgnic_lifexp_v9,gdl_lgnic_income_proxy_plus_gdl_lifexp,proxy_observed_gdl_income_proxy,proxy_observed,gdl_shdi_lgnic_lifexp,GDL income proxy,income is GDL lgnic rather than source-country GDPpc; life expectancy is GDL harmonized regional life expectancy,,,
gdl_shdi_eth_levelx_v3,modelled_hale_experimental,Ethiopia / GDL SHDI level x,ETH,Ethiopia,gdl_level_x,11,264,2000,2023,2023.0,264,0,264,0,gdl_shdi_lgnic_lifexp_v9+ihme_gbd_2023_subnational_hale_modelled,gdl_lgnic_income_proxy_plus_gdl_lifexp+modelled_ihme_gbd_hale_age22_all_ages_subnational_bridge,proxy_observed_gdl_income_proxy+ihme_modelled_hale_age_id_22_all_ages_metric_years_subnational_bridge,proxy_observed|modelled,gdl_shdi_lgnic_lifexp+modelled_ihme_gbd_hale_age22_all_ages_subnational_bridge,GDL income proxy|IHME modelled HALE,income is GDL lgnic rather than source-country GDPpc; life expectancy is GDL harmonized regional life expectancy|HALE is IHME/GBD modelled subnational HALE joined through a documented region bridge,,2023.0,
gdl_shdi_eth_levelx_v3,official_clean,Ethiopia / GDL SHDI level x,ETH,Ethiopia,gdl_level_x,11,264,2000,2023,2023.0,264,0,0,0,gdl_shdi_lgnic_lifexp_v9,gdl_lgnic_income_proxy_plus_gdl_lifexp,proxy_observed_gdl_income_proxy,proxy_observed,gdl_shdi_lgnic_lifexp,GDL income proxy,income is GDL lgnic rather than source-country GDPpc; life expectancy is GDL harmonized regional life expectancy,,,
gdl_shdi_fji_levelx_v3,modelled_hale_experimental,Fiji / GDL SHDI level x,FJI,Fiji,gdl_level_x,10,340,1990,2023,2023.0,340,0,0,0,gdl_shdi_lgnic_lifexp_v9,gdl_lgnic_income_proxy_plus_gdl_lifexp,proxy_observed_gdl_income_proxy,proxy_observed,gdl_shdi_lgnic_lifexp,GDL income proxy,income is GDL lgnic rather than source-country GDPpc; life expectancy is GDL harmonized regional life expectancy,,,
gdl_shdi_fji_levelx_v3,official_clean,Fiji / GDL SHDI level x,FJI,Fiji,gdl_level_x,10,340,1990,2023,2023.0,340,0,0,0,gdl_shdi_lgnic_lifexp_v9,gdl_lgnic_income_proxy_plus_gdl_lifexp,proxy_observed_gdl_income_proxy,proxy_observed,gdl_shdi_lgnic_lifexp,GDL income proxy,income is GDL lgnic rather than source-country GDPpc; life expectancy is GDL harmonized regional life expectancy,,,
eu_nuts2_fin_v1,extended_experimental,Finland / EU NUTS2 pilot,FIN,Finland,nuts2,5,125,2000,2024,2024.0,125,0,0,0,eurostat_nuts2_gdppc_pps_eu27_2020_hab+eurostat_nuts2_lexp_birth_total,observed_inputs_only,observed_eurostat_li_no_subnational_gini_hale,harmonized_observed,observed_inputs_only,observed source,inputs use the labelled source family shown in the provenance fields,,,
eu_nuts2_fin_v1,modelled_hale_experimental,Finland / EU NUTS2 pilot,FIN,Finland,nuts2,5,125,2000,2024,2024.0,125,0,0,0,eurostat_nuts2_gdppc_pps_eu27_2020_hab+eurostat_nuts2_lexp_birth_total,observed_inputs_only,observed_eurostat_li_no_subnational_gini_hale,harmonized_observed,observed_inputs_only,observed source,inputs use the labelled source family shown in the provenance fields,,,
eu_nuts2_fin_v1,official_clean,Finland / EU NUTS2 pilot,FIN,Finland,nuts2,5,125,2000,2024,2024.0,125,0,0,0,eurostat_nuts2_gdppc_pps_eu27_2020_hab+eurostat_nuts2_lexp_birth_total,observed_inputs_only,observed_eurostat_li_no_subnational_gini_hale,harmonized_observed,observed_inputs_only,observed source,inputs use the labelled source family shown in the provenance fields,,,
eu_nuts2_fra_v1,extended_experimental,France / EU NUTS2 pilot,FRA,France,nuts2,27,661,2000,2024,2024.0,628,24,0,0,eurostat_nuts2_gdppc_pps_eu27_2020_hab+eurostat_nuts2_lexp_birth_total|eurostat_nuts2_gdppc_pps_eu27_2020_hab+eurostat_nuts2_lexp_birth_total+insee_filosofi_2021_disp_reg_gini_csv_zip,observed_inputs_only|observed_inputs_only+observed_region_gini_exact_one_to_one_nuts2_join|observed_inputs_only+observed_admin_region_gini_fanned_out_to_component_nuts2,observed_eurostat_li_no_subnational_gini_hale|observed_eurostat_li_no_subnational_gini_hale+official_insee_2021_exact_geography|observed_eurostat_li_no_subnational_gini_hale+official_insee_2021_aggregate_region_proxy,harmonized_observed|approximation_candidate,observed_inputs_only|observed_inputs_only+observed_region_gini_exact_one_to_one_nuts2_join|observed_inputs_only+observed_admin_region_gini_fanned_out_to_component_nuts2,observed source|geography proxy,inputs use the labelled source family shown in the provenance fields|some values are bridged through a documented geography proxy,2021.0,,
eu_nuts2_fra_v1,modelled_hale_experimental,France / EU NUTS2 pilot,FRA,France,nuts2,27,661,2000,2024,2024.0,628,24,0,0,eurostat_nuts2_gdppc_pps_eu27_2020_hab+eurostat_nuts2_lexp_birth_total|eurostat_nuts2_gdppc_pps_eu27_2020_hab+eurostat_nuts2_lexp_birth_total+insee_filosofi_2021_disp_reg_gini_csv_zip,observed_inputs_only|observed_inputs_only+observed_region_gini_exact_one_to_one_nuts2_join|observed_inputs_only+observed_admin_region_gini_fanned_out_to_component_nuts2,observed_eurostat_li_no_subnational_gini_hale|observed_eurostat_li_no_subnational_gini_hale+official_insee_2021_exact_geography|observed_eurostat_li_no_subnational_gini_hale+official_insee_2021_aggregate_region_proxy,harmonized_observed|approximation_candidate,observed_inputs_only|observed_inputs_only+observed_region_gini_exact_one_to_one_nuts2_join|observed_inputs_only+observed_admin_region_gini_fanned_out_to_component_nuts2,observed source|geography proxy,inputs use the labelled source family shown in the provenance fields|some values are bridged through a documented geography proxy,2021.0,,
eu_nuts2_fra_v1,official_clean,France / EU NUTS2 pilot,FRA,France,nuts2,27,661,2000,2024,2024.0,628,0,0,0,eurostat_nuts2_gdppc_pps_eu27_2020_hab+eurostat_nuts2_lexp_birth_total|eurostat_nuts2_gdppc_pps_eu27_2020_hab+eurostat_nuts2_lexp_birth_total+insee_filosofi_2021_disp_reg_gini_csv_zip,observed_inputs_only|observed_inputs_only+observed_region_gini_exact_one_to_one_nuts2_join|observed_inputs_only+observed_admin_region_gini_fanned_out_to_component_nuts2,observed_eurostat_li_no_subnational_gini_hale|observed_eurostat_li_no_subnational_gini_hale+official_insee_2021_exact_geography|observed_eurostat_li_no_subnational_gini_hale+official_insee_2021_aggregate_region_proxy,harmonized_observed|approximation_candidate,observed_inputs_only|observed_inputs_only+observed_region_gini_exact_one_to_one_nuts2_join|observed_inputs_only+observed_admin_region_gini_fanned_out_to_component_nuts2,observed source|geography proxy,inputs use the labelled source family shown in the provenance fields|some values are bridged through a documented geography proxy,,,
gdl_shdi_gab_levelx_v3,modelled_hale_experimental,Gabon / GDL SHDI level x,GAB,Gabon,gdl_level_x,10,340,1990,2023,2023.0,340,0,0,0,gdl_shdi_lgnic_lifexp_v9,gdl_lgnic_income_proxy_plus_gdl_lifexp,proxy_observed_gdl_income_proxy,proxy_observed,gdl_shdi_lgnic_lifexp,GDL income proxy,income is GDL lgnic rather than source-country GDPpc; life expectancy is GDL harmonized regional life expectancy,,,
gdl_shdi_gab_levelx_v3,official_clean,Gabon / GDL SHDI level x,GAB,Gabon,gdl_level_x,10,340,1990,2023,2023.0,340,0,0,0,gdl_shdi_lgnic_lifexp_v9,gdl_lgnic_income_proxy_plus_gdl_lifexp,proxy_observed_gdl_income_proxy,proxy_observed,gdl_shdi_lgnic_lifexp,GDL income proxy,income is GDL lgnic rather than source-country GDPpc; life expectancy is GDL harmonized regional life expectancy,,,
gdl_shdi_gmb_levelx_v3,modelled_hale_experimental,Gambia / GDL SHDI level x,GMB,Gambia,gdl_level_x,8,272,1990,2023,2023.0,272,0,0,0,gdl_shdi_lgnic_lifexp_v9,gdl_lgnic_income_proxy_plus_gdl_lifexp,proxy_observed_gdl_income_proxy,proxy_observed,gdl_shdi_lgnic_lifexp,GDL income proxy,income is GDL lgnic rather than source-country GDPpc; life expectancy is GDL harmonized regional life expectancy,,,
gdl_shdi_gmb_levelx_v3,official_clean,Gambia / GDL SHDI level x,GMB,Gambia,gdl_level_x,8,272,1990,2023,2023.0,272,0,0,0,gdl_shdi_lgnic_lifexp_v9,gdl_lgnic_income_proxy_plus_gdl_lifexp,proxy_observed_gdl_income_proxy,proxy_observed,gdl_shdi_lgnic_lifexp,GDL income proxy,income is GDL lgnic rather than source-country GDPpc; life expectancy is GDL harmonized regional life expectancy,,,
gdl_shdi_geo_levelx_v3,modelled_hale_experimental,Georgia / GDL SHDI level x,GEO,Georgia,gdl_level_x,10,240,2000,2023,2023.0,240,0,0,0,gdl_shdi_lgnic_lifexp_v9,gdl_lgnic_income_proxy_plus_gdl_lifexp,proxy_observed_gdl_income_proxy,proxy_observed,gdl_shdi_lgnic_lifexp,GDL income proxy,income is GDL lgnic rather than source-country GDPpc; life expectancy is GDL harmonized regional life expectancy,,,
gdl_shdi_geo_levelx_v3,official_clean,Georgia / GDL SHDI level x,GEO,Georgia,gdl_level_x,10,240,2000,2023,2023.0,240,0,0,0,gdl_shdi_lgnic_lifexp_v9,gdl_lgnic_income_proxy_plus_gdl_lifexp,proxy_observed_gdl_income_proxy,proxy_observed,gdl_shdi_lgnic_lifexp,GDL income proxy,income is GDL lgnic rather than source-country GDPpc; life expectancy is GDL harmonized regional life expectancy,,,
eu_nuts2_deu_v1,extended_experimental,Germany / EU NUTS2 pilot,DEU,Germany,nuts2,38,950,2000,2024,2024.0,855,114,0,0,eurostat_nuts2_gdppc_pps_eu27_2020_hab+eurostat_nuts2_lexp_birth_total|eurostat_nuts2_gdppc_pps_eu27_2020_hab+eurostat_nuts2_lexp_birth_total+deu_statistikportal_land_income_gini_mikrozensus_2021_2023,observed_inputs_only|observed_inputs_only+statistikportal_land_gini_assigned_to_component_nuts2,observed_eurostat_li_no_subnational_gini_hale|observed_eurostat_li_no_subnational_gini_hale+official_observed_gini_broader_land_to_nuts2_geography_proxy,harmonized_observed|harmonized_observed|official_observed,observed_inputs_only|observed_inputs_only+statistikportal_land_gini_component_assignment,observed source|observed regional Gini|geography proxy,inputs use the labelled source family shown in the provenance fields|Gini is the official Statistikportal/Mikrozensus coefficient for the broader German Land and is assigned to component NUTS2 regions as a transparent geography proxy.,2023.0,,
eu_nuts2_deu_v1,modelled_hale_experimental,Germany / EU NUTS2 pilot,DEU,Germany,nuts2,38,950,2000,2024,2024.0,855,114,0,0,eurostat_nuts2_gdppc_pps_eu27_2020_hab+eurostat_nuts2_lexp_birth_total|eurostat_nuts2_gdppc_pps_eu27_2020_hab+eurostat_nuts2_lexp_birth_total+deu_statistikportal_land_income_gini_mikrozensus_2021_2023,observed_inputs_only|observed_inputs_only+statistikportal_land_gini_assigned_to_component_nuts2,observed_eurostat_li_no_subnational_gini_hale|observed_eurostat_li_no_subnational_gini_hale+official_observed_gini_broader_land_to_nuts2_geography_proxy,harmonized_observed|harmonized_observed|official_observed,observed_inputs_only|observed_inputs_only+statistikportal_land_gini_component_assignment,observed source|observed regional Gini|geography proxy,inputs use the labelled source family shown in the provenance fields|Gini is the official Statistikportal/Mikrozensus coefficient for the broader German Land and is assigned to component NUTS2 regions as a transparent geography proxy.,2023.0,,
eu_nuts2_deu_v1,official_clean,Germany / EU NUTS2 pilot,DEU,Germany,nuts2,38,950,2000,2024,2024.0,855,0,0,0,eurostat_nuts2_gdppc_pps_eu27_2020_hab+eurostat_nuts2_lexp_birth_total,observed_inputs_only,observed_eurostat_li_no_subnational_gini_hale,harmonized_observed,observed_inputs_only,observed source,inputs use the labelled source family shown in the provenance fields,,,
germany_oecd_tl2,extended_experimental,Germany / OECD TL2 pilot,DEU,Germany,oecd_tl2,16,480,1995,2024,2023.0,352,63,0,0,oecd_tl2_gdppc_ppp+oecd_tl2_lfexp|oecd_tl2_gdppc_ppp+oecd_tl2_lfexp+oecd_tl2_s80s20_income_proxy_calibrated|oecd_tl2_gdppc_ppp+oecd_tl2_lfexp+deu_statistikportal_land_income_gini_mikrozensus_2021_2023,observed_inputs_only|oecd_tl2_s80s20_linear_calibration_to_observed_regional_gini|observed_inputs_only+statistikportal_land_gini_exact_tl2_join,observed_no_subnational_gini_hale|experimental_proxy_s80s20_calibrated_to_gini|observed_no_subnational_gini_hale+official_observed_gini_mikrozensus_land,harmonized_observed|approximation_candidate|harmonized_observed|official_observed,observed_inputs_only|oecd_s80s20_calibrated_gini_proxy|observed_inputs_only+statistikportal_land_gini_overlay,observed source|S80/S20 proxy|observed regional Gini,inputs use the labelled source family shown in the provenance fields|Gini is calibrated from regional S80/S20 using observed regional Gini overlap; it is an experimental inequality proxy|Gini is the official Statistikportal/Mikrozensus income-distribution coefficient for the German Land; it is exact for the Germany OECD TL2/Land regional dataset.,2023.0,,
germany_oecd_tl2,modelled_hale_experimental,Germany / OECD TL2 pilot,DEU,Germany,oecd_tl2,16,480,1995,2024,2023.0,352,63,0,0,oecd_tl2_gdppc_ppp+oecd_tl2_lfexp|oecd_tl2_gdppc_ppp+oecd_tl2_lfexp+oecd_tl2_s80s20_income_proxy_calibrated|oecd_tl2_gdppc_ppp+oecd_tl2_lfexp+deu_statistikportal_land_income_gini_mikrozensus_2021_2023,observed_inputs_only|oecd_tl2_s80s20_linear_calibration_to_observed_regional_gini|observed_inputs_only+statistikportal_land_gini_exact_tl2_join,observed_no_subnational_gini_hale|experimental_proxy_s80s20_calibrated_to_gini|observed_no_subnational_gini_hale+official_observed_gini_mikrozensus_land,harmonized_observed|approximation_candidate|harmonized_observed|official_observed,observed_inputs_only|oecd_s80s20_calibrated_gini_proxy|observed_inputs_only+statistikportal_land_gini_overlay,observed source|S80/S20 proxy|observed regional Gini,inputs use the labelled source family shown in the provenance fields|Gini is calibrated from regional S80/S20 using observed regional Gini overlap; it is an experimental inequality proxy|Gini is the official Statistikportal/Mikrozensus income-distribution coefficient for the German Land; it is exact for the Germany OECD TL2/Land regional dataset.,2023.0,,
germany_oecd_tl2,official_clean,Germany / OECD TL2 pilot,DEU,Germany,oecd_tl2,16,480,1995,2024,2023.0,352,0,0,0,oecd_tl2_gdppc_ppp+oecd_tl2_lfexp,observed_inputs_only,observed_no_subnational_gini_hale,harmonized_observed,observed_inputs_only,observed source,inputs use the labelled source family shown in the provenance fields,,,
gdl_shdi_gha_levelx_v3,modelled_hale_experimental,Ghana / GDL SHDI level x,GHA,Ghana,gdl_level_x,10,340,1990,2023,2023.0,340,0,0,0,gdl_shdi_lgnic_lifexp_v9,gdl_lgnic_income_proxy_plus_gdl_lifexp,proxy_observed_gdl_income_proxy,proxy_observed,gdl_shdi_lgnic_lifexp,GDL income proxy,income is GDL lgnic rather than source-country GDPpc; life expectancy is GDL harmonized regional life expectancy,,,
gdl_shdi_gha_levelx_v3,official_clean,Ghana / GDL SHDI level x,GHA,Ghana,gdl_level_x,10,340,1990,2023,2023.0,340,0,0,0,gdl_shdi_lgnic_lifexp_v9,gdl_lgnic_income_proxy_plus_gdl_lifexp,proxy_observed_gdl_income_proxy,proxy_observed,gdl_shdi_lgnic_lifexp,GDL income proxy,income is GDL lgnic rather than source-country GDPpc; life expectancy is GDL harmonized regional life expectancy,,,
eu_nuts2_grc_v1,extended_experimental,Greece / EU NUTS2 pilot,GRC,Greece,nuts2,13,325,2000,2024,2023.0,312,0,0,0,eurostat_nuts2_gdppc_pps_eu27_2020_hab+eurostat_nuts2_lexp_birth_total,observed_inputs_only,observed_eurostat_li_no_subnational_gini_hale,harmonized_observed,observed_inputs_only,observed source,inputs use the labelled source family shown in the provenance fields,,,
eu_nuts2_grc_v1,modelled_hale_experimental,Greece / EU NUTS2 pilot,GRC,Greece,nuts2,13,325,2000,2024,2023.0,312,0,0,0,eurostat_nuts2_gdppc_pps_eu27_2020_hab+eurostat_nuts2_lexp_birth_total,observed_inputs_only,observed_eurostat_li_no_subnational_gini_hale,harmonized_observed,observed_inputs_only,observed source,inputs use the labelled source family shown in the provenance fields,,,
eu_nuts2_grc_v1,official_clean,Greece / EU NUTS2 pilot,GRC,Greece,nuts2,13,325,2000,2024,2023.0,312,0,0,0,eurostat_nuts2_gdppc_pps_eu27_2020_hab+eurostat_nuts2_lexp_birth_total,observed_inputs_only,observed_eurostat_li_no_subnational_gini_hale,harmonized_observed,observed_inputs_only,observed source,inputs use the labelled source family shown in the provenance fields,,,
gdl_shdi_gtm_levelx_v3,modelled_hale_experimental,Guatemala / GDL SHDI level x,GTM,Guatemala,gdl_level_x,8,272,1990,2023,2023.0,272,0,0,0,gdl_shdi_lgnic_lifexp_v9,gdl_lgnic_income_proxy_plus_gdl_lifexp,proxy_observed_gdl_income_proxy,proxy_observed,gdl_shdi_lgnic_lifexp,GDL income proxy,income is GDL lgnic rather than source-country GDPpc; life expectancy is GDL harmonized regional life expectancy,,,
gdl_shdi_gtm_levelx_v3,official_clean,Guatemala / GDL SHDI level x,GTM,Guatemala,gdl_level_x,8,272,1990,2023,2023.0,272,0,0,0,gdl_shdi_lgnic_lifexp_v9,gdl_lgnic_income_proxy_plus_gdl_lifexp,proxy_observed_gdl_income_proxy,proxy_observed,gdl_shdi_lgnic_lifexp,GDL income proxy,income is GDL lgnic rather than source-country GDPpc; life expectancy is GDL harmonized regional life expectancy,,,
gdl_shdi_gin_levelx_v3,modelled_hale_experimental,Guinea / GDL SHDI level x,GIN,Guinea,gdl_level_x,8,272,1990,2023,2023.0,272,0,0,0,gdl_shdi_lgnic_lifexp_v9,gdl_lgnic_income_proxy_plus_gdl_lifexp,proxy_observed_gdl_income_proxy,proxy_observed,gdl_shdi_lgnic_lifexp,GDL income proxy,income is GDL lgnic rather than source-country GDPpc; life expectancy is GDL harmonized regional life expectancy,,,
gdl_shdi_gin_levelx_v3,official_clean,Guinea / GDL SHDI level x,GIN,Guinea,gdl_level_x,8,272,1990,2023,2023.0,272,0,0,0,gdl_shdi_lgnic_lifexp_v9,gdl_lgnic_income_proxy_plus_gdl_lifexp,proxy_observed_gdl_income_proxy,proxy_observed,gdl_shdi_lgnic_lifexp,GDL income proxy,income is GDL lgnic rather than source-country GDPpc; life expectancy is GDL harmonized regional life expectancy,,,
gdl_shdi_gnb_levelx_v3,modelled_hale_experimental,Guinea Bissau / GDL SHDI level x,GNB,Guinea Bissau,gdl_level_x,9,171,2005,2023,2023.0,171,0,0,0,gdl_shdi_lgnic_lifexp_v9,gdl_lgnic_income_proxy_plus_gdl_lifexp,proxy_observed_gdl_income_proxy,proxy_observed,gdl_shdi_lgnic_lifexp,GDL income proxy,income is GDL lgnic rather than source-country GDPpc; life expectancy is GDL harmonized regional life expectancy,,,
gdl_shdi_gnb_levelx_v3,official_clean,Guinea Bissau / GDL SHDI level x,GNB,Guinea Bissau,gdl_level_x,9,171,2005,2023,2023.0,171,0,0,0,gdl_shdi_lgnic_lifexp_v9,gdl_lgnic_income_proxy_plus_gdl_lifexp,proxy_observed_gdl_income_proxy,proxy_observed,gdl_shdi_lgnic_lifexp,GDL income proxy,income is GDL lgnic rather than source-country GDPpc; life expectancy is GDL harmonized regional life expectancy,,,
gdl_shdi_guy_levelx_v3,modelled_hale_experimental,Guyana / GDL SHDI level x,GUY,Guyana,gdl_level_x,10,340,1990,2023,2023.0,340,0,0,0,gdl_shdi_lgnic_lifexp_v9,gdl_lgnic_income_proxy_plus_gdl_lifexp,proxy_observed_gdl_income_proxy,proxy_observed,gdl_shdi_lgnic_lifexp,GDL income proxy,income is GDL lgnic rather than source-country GDPpc; life expectancy is GDL harmonized regional life expectancy,,,
gdl_shdi_guy_levelx_v3,official_clean,Guyana / GDL SHDI level x,GUY,Guyana,gdl_level_x,10,340,1990,2023,2023.0,340,0,0,0,gdl_shdi_lgnic_lifexp_v9,gdl_lgnic_income_proxy_plus_gdl_lifexp,proxy_observed_gdl_income_proxy,proxy_observed,gdl_shdi_lgnic_lifexp,GDL income proxy,income is GDL lgnic rather than source-country GDPpc; life expectancy is GDL harmonized regional life expectancy,,,
gdl_shdi_hti_levelx_v3,modelled_hale_experimental,Haiti / GDL SHDI level x,HTI,Haiti,gdl_level_x,9,306,1990,2023,2023.0,306,0,0,0,gdl_shdi_lgnic_lifexp_v9,gdl_lgnic_income_proxy_plus_gdl_lifexp,proxy_observed_gdl_income_proxy,proxy_observed,gdl_shdi_lgnic_lifexp,GDL income proxy,income is GDL lgnic rather than source-country GDPpc; life expectancy is GDL harmonized regional life expectancy,,,
gdl_shdi_hti_levelx_v3,official_clean,Haiti / GDL SHDI level x,HTI,Haiti,gdl_level_x,9,306,1990,2023,2023.0,306,0,0,0,gdl_shdi_lgnic_lifexp_v9,gdl_lgnic_income_proxy_plus_gdl_lifexp,proxy_observed_gdl_income_proxy,proxy_observed,gdl_shdi_lgnic_lifexp,GDL income proxy,income is GDL lgnic rather than source-country GDPpc; life expectancy is GDL harmonized regional life expectancy,,,
gdl_shdi_hnd_levelx_v3,modelled_hale_experimental,Honduras / GDL SHDI level x,HND,Honduras,gdl_level_x,18,612,1990,2023,2023.0,612,0,0,0,gdl_shdi_lgnic_lifexp_v9,gdl_lgnic_income_proxy_plus_gdl_lifexp,proxy_observed_gdl_income_proxy,proxy_observed,gdl_shdi_lgnic_lifexp,GDL income proxy,income is GDL lgnic rather than source-country GDPpc; life expectancy is GDL harmonized regional life expectancy,,,
gdl_shdi_hnd_levelx_v3,official_clean,Honduras / GDL SHDI level x,HND,Honduras,gdl_level_x,18,612,1990,2023,2023.0,612,0,0,0,gdl_shdi_lgnic_lifexp_v9,gdl_lgnic_income_proxy_plus_gdl_lifexp,proxy_observed_gdl_income_proxy,proxy_observed,gdl_shdi_lgnic_lifexp,GDL income proxy,income is GDL lgnic rather than source-country GDPpc; life expectancy is GDL harmonized regional life expectancy,,,
eu_nuts2_hun_v1,extended_experimental,Hungary / EU NUTS2 pilot,HUN,Hungary,nuts2,8,200,2000,2024,2024.0,196,0,0,0,eurostat_nuts2_gdppc_pps_eu27_2020_hab+eurostat_nuts2_lexp_birth_total,observed_inputs_only,observed_eurostat_li_no_subnational_gini_hale,harmonized_observed,observed_inputs_only,observed source,inputs use the labelled source family shown in the provenance fields,,,
eu_nuts2_hun_v1,modelled_hale_experimental,Hungary / EU NUTS2 pilot,HUN,Hungary,nuts2,8,200,2000,2024,2024.0,196,0,150,0,eurostat_nuts2_gdppc_pps_eu27_2020_hab+eurostat_nuts2_lexp_birth_total|eurostat_nuts2_gdppc_pps_eu27_2020_hab+eurostat_nuts2_lexp_birth_total+hun_ksh_ege0053_hly_region_csv,observed_inputs_only|observed_inputs_only+ksh_hly_birth_sex_average_broader_central_hungary_split_region_proxy|observed_inputs_only+ksh_hly_birth_sex_average_exact_nuts2_join,observed_eurostat_li_no_subnational_gini_hale|observed_eurostat_li_no_subnational_gini_hale+official_hle_sex_average_proxy_broader_region_assigned_to_split_nuts2|observed_eurostat_li_no_subnational_gini_hale+official_hle_sex_average_proxy_exact_nuts2,harmonized_observed|harmonized_observed|official_observed|proxy_observed,observed_inputs_only|observed_inputs_only+ksh_hly_birth_sex_average_broader_central_hungary_split_region_proxy|observed_inputs_only+ksh_hly_birth_sex_average_exact_nuts2_join,observed source|HLE proxy|sex-average proxy|geography proxy,inputs use the labelled source family shown in the provenance fields|HLE is KSH healthy life years for broader Central Hungary assigned to Budapest and Pest before exact split rows begin|HLE is KSH healthy life years at birth by region; all-sex value is the arithmetic mean of male and female HLY,,2024.0,
eu_nuts2_hun_v1,official_clean,Hungary / EU NUTS2 pilot,HUN,Hungary,nuts2,8,200,2000,2024,2024.0,196,0,0,0,eurostat_nuts2_gdppc_pps_eu27_2020_hab+eurostat_nuts2_lexp_birth_total,observed_inputs_only,observed_eurostat_li_no_subnational_gini_hale,harmonized_observed,observed_inputs_only,observed source,inputs use the labelled source family shown in the provenance fields,,,
india_oecd_regional_v1,extended_experimental,India / OECD regional pilot,IND,India,oecd_tl2,36,1224,1990,2023,2020.0,577,0,0,0,oecd_regional_gdp+gdl_subnational_lifexp+ihme_gbd_2023_subnational_hale_modelled|oecd_regional_gdp+gdl_subnational_lifexp,observed_inputs_only+modelled_ihme_gbd_hale_age22_all_ages_exact_location_join|observed_inputs_only,observed_no_subnational_gini_hale+ihme_modelled_hale_age_id_22_all_ages_metric_years_exact_location|observed_no_subnational_gini_hale,modelled|harmonized_observed,observed_inputs_only+modelled_ihme_gbd_hale_age22_all_ages_exact_location_join|observed_inputs_only,IHME modelled HALE|observed source,inputs use the labelled source family shown in the provenance fields,,,
india_oecd_regional_v1,modelled_hale_experimental,India / OECD regional pilot,IND,India,oecd_tl2,36,1224,1990,2023,2020.0,577,0,526,0,oecd_regional_gdp+gdl_subnational_lifexp+ihme_gbd_2023_subnational_hale_modelled|oecd_regional_gdp+gdl_subnational_lifexp,observed_inputs_only+modelled_ihme_gbd_hale_age22_all_ages_exact_location_join|observed_inputs_only,observed_no_subnational_gini_hale+ihme_modelled_hale_age_id_22_all_ages_metric_years_exact_location|observed_no_subnational_gini_hale,modelled|harmonized_observed,observed_inputs_only+modelled_ihme_gbd_hale_age22_all_ages_exact_location_join|observed_inputs_only,IHME modelled HALE|observed source,inputs use the labelled source family shown in the provenance fields,,2020.0,
india_oecd_regional_v1,official_clean,India / OECD regional pilot,IND,India,oecd_tl2,36,1224,1990,2023,2020.0,577,0,0,0,oecd_regional_gdp+gdl_subnational_lifexp+ihme_gbd_2023_subnational_hale_modelled|oecd_regional_gdp+gdl_subnational_lifexp,observed_inputs_only+modelled_ihme_gbd_hale_age22_all_ages_exact_location_join|observed_inputs_only,observed_no_subnational_gini_hale+ihme_modelled_hale_age_id_22_all_ages_metric_years_exact_location|observed_no_subnational_gini_hale,modelled|harmonized_observed,observed_inputs_only+modelled_ihme_gbd_hale_age22_all_ages_exact_location_join|observed_inputs_only,IHME modelled HALE|observed source,inputs use the labelled source family shown in the provenance fields,,,
gdl_shdi_idn_levelx_v3,modelled_hale_experimental,Indonesia / GDL SHDI level x,IDN,Indonesia,gdl_level_x,30,998,1990,2023,2023.0,998,0,986,0,gdl_shdi_lgnic_lifexp_v9+ihme_gbd_2023_subnational_hale_modelled|gdl_shdi_lgnic_lifexp_v9,gdl_lgnic_income_proxy_plus_gdl_lifexp+modelled_ihme_gbd_hale_age22_all_ages_subnational_bridge|gdl_lgnic_income_proxy_plus_gdl_lifexp+modelled_ihme_gbd_hale_age22_all_ages_grouped_geography_proxy|gdl_lgnic_income_proxy_plus_gdl_lifexp,proxy_observed_gdl_income_proxy+ihme_modelled_hale_age_id_22_all_ages_metric_years_subnational_bridge|proxy_observed_gdl_income_proxy+ihme_modelled_hale_grouped_locations_mean_geography_proxy|proxy_observed_gdl_income_proxy,proxy_observed|modelled|proxy_observed,gdl_shdi_lgnic_lifexp+modelled_ihme_gbd_hale_age22_all_ages_subnational_bridge|gdl_shdi_lgnic_lifexp+modelled_ihme_gbd_hale_age22_all_ages_grouped_geography_proxy|gdl_shdi_lgnic_lifexp,GDL income proxy|IHME modelled HALE|geography proxy,income is GDL lgnic rather than source-country GDPpc; life expectancy is GDL harmonized regional life expectancy|HALE is IHME/GBD modelled subnational HALE joined through a documented region bridge|HALE is the unweighted mean of grouped IHME/GBD modelled subnational component locations assigned to the broader atlas region,,2023.0,
gdl_shdi_idn_levelx_v3,official_clean,Indonesia / GDL SHDI level x,IDN,Indonesia,gdl_level_x,30,998,1990,2023,2023.0,998,0,0,0,gdl_shdi_lgnic_lifexp_v9,gdl_lgnic_income_proxy_plus_gdl_lifexp,proxy_observed_gdl_income_proxy,proxy_observed,gdl_shdi_lgnic_lifexp,GDL income proxy,income is GDL lgnic rather than source-country GDPpc; life expectancy is GDL harmonized regional life expectancy,,,
gdl_shdi_irn_levelx_v3,modelled_hale_experimental,Iran / GDL SHDI level x,IRN,Iran,gdl_level_x,30,1020,1990,2023,2023.0,1020,0,1008,0,gdl_shdi_lgnic_lifexp_v9+ihme_gbd_2023_subnational_hale_modelled|gdl_shdi_lgnic_lifexp_v9,gdl_lgnic_income_proxy_plus_gdl_lifexp+modelled_ihme_gbd_hale_age22_all_ages_subnational_bridge|gdl_lgnic_income_proxy_plus_gdl_lifexp+modelled_ihme_gbd_hale_age22_all_ages_grouped_geography_proxy|gdl_lgnic_income_proxy_plus_gdl_lifexp,proxy_observed_gdl_income_proxy+ihme_modelled_hale_age_id_22_all_ages_metric_years_subnational_bridge|proxy_observed_gdl_income_proxy+ihme_modelled_hale_grouped_locations_mean_geography_proxy|proxy_observed_gdl_income_proxy,proxy_observed|modelled|proxy_observed,gdl_shdi_lgnic_lifexp+modelled_ihme_gbd_hale_age22_all_ages_subnational_bridge|gdl_shdi_lgnic_lifexp+modelled_ihme_gbd_hale_age22_all_ages_grouped_geography_proxy|gdl_shdi_lgnic_lifexp,GDL income proxy|IHME modelled HALE|geography proxy,income is GDL lgnic rather than source-country GDPpc; life expectancy is GDL harmonized regional life expectancy|HALE is IHME/GBD modelled subnational HALE joined through a documented region bridge|HALE is the unweighted mean of grouped IHME/GBD modelled subnational component locations assigned to the broader atlas region,,2023.0,
gdl_shdi_irn_levelx_v3,official_clean,Iran / GDL SHDI level x,IRN,Iran,gdl_level_x,30,1020,1990,2023,2023.0,1020,0,0,0,gdl_shdi_lgnic_lifexp_v9,gdl_lgnic_income_proxy_plus_gdl_lifexp,proxy_observed_gdl_income_proxy,proxy_observed,gdl_shdi_lgnic_lifexp,GDL income proxy,income is GDL lgnic rather than source-country GDPpc; life expectancy is GDL harmonized regional life expectancy,,,
gdl_shdi_irq_levelx_v3,modelled_hale_experimental,Iraq / GDL SHDI level x,IRQ,Iraq,gdl_level_x,18,612,1990,2023,2023.0,612,0,0,0,gdl_shdi_lgnic_lifexp_v9,gdl_lgnic_income_proxy_plus_gdl_lifexp,proxy_observed_gdl_income_proxy,proxy_observed,gdl_shdi_lgnic_lifexp,GDL income proxy,income is GDL lgnic rather than source-country GDPpc; life expectancy is GDL harmonized regional life expectancy,,,
gdl_shdi_irq_levelx_v3,official_clean,Iraq / GDL SHDI level x,IRQ,Iraq,gdl_level_x,18,612,1990,2023,2023.0,612,0,0,0,gdl_shdi_lgnic_lifexp_v9,gdl_lgnic_income_proxy_plus_gdl_lifexp,proxy_observed_gdl_income_proxy,proxy_observed,gdl_shdi_lgnic_lifexp,GDL income proxy,income is GDL lgnic rather than source-country GDPpc; life expectancy is GDL harmonized regional life expectancy,,,
eu_nuts2_irl_v1,extended_experimental,Ireland / EU NUTS2 pilot,IRL,Ireland,nuts2,3,75,2000,2024,2024.0,36,0,0,0,eurostat_nuts2_gdppc_pps_eu27_2020_hab+eurostat_nuts2_lexp_birth_total,observed_inputs_only,observed_eurostat_li_no_subnational_gini_hale,harmonized_observed,observed_inputs_only,observed source,inputs use the labelled source family shown in the provenance fields,,,
eu_nuts2_irl_v1,modelled_hale_experimental,Ireland / EU NUTS2 pilot,IRL,Ireland,nuts2,3,75,2000,2024,2024.0,36,0,0,0,eurostat_nuts2_gdppc_pps_eu27_2020_hab+eurostat_nuts2_lexp_birth_total,observed_inputs_only,observed_eurostat_li_no_subnational_gini_hale,harmonized_observed,observed_inputs_only,observed source,inputs use the labelled source family shown in the provenance fields,,,
eu_nuts2_irl_v1,official_clean,Ireland / EU NUTS2 pilot,IRL,Ireland,nuts2,3,75,2000,2024,2024.0,36,0,0,0,eurostat_nuts2_gdppc_pps_eu27_2020_hab+eurostat_nuts2_lexp_birth_total,observed_inputs_only,observed_eurostat_li_no_subnational_gini_hale,harmonized_observed,observed_inputs_only,observed source,inputs use the labelled source family shown in the provenance fields,,,
eu_nuts2_ita_v1,extended_experimental,Italy / EU NUTS2 pilot,ITA,Italy,nuts2,21,525,2000,2024,2024.0,523,0,0,0,eurostat_nuts2_gdppc_pps_eu27_2020_hab+eurostat_nuts2_lexp_birth_total+ihme_gbd_2023_subnational_hale_modelled|eurostat_nuts2_gdppc_pps_eu27_2020_hab+eurostat_nuts2_lexp_birth_total,observed_inputs_only+modelled_ihme_gbd_hale_age22_all_ages_exact_location_join|observed_inputs_only,observed_eurostat_li_no_subnational_gini_hale+ihme_modelled_hale_age_id_22_all_ages_metric_years_exact_location|observed_eurostat_li_no_subnational_gini_hale,modelled|harmonized_observed,observed_inputs_only+modelled_ihme_gbd_hale_age22_all_ages_exact_location_join|observed_inputs_only,IHME modelled HALE|observed source,inputs use the labelled source family shown in the provenance fields,,,
eu_nuts2_ita_v1,modelled_hale_experimental,Italy / EU NUTS2 pilot,ITA,Italy,nuts2,21,525,2000,2024,2024.0,523,0,525,0,eurostat_nuts2_gdppc_pps_eu27_2020_hab+eurostat_nuts2_lexp_birth_total+ihme_gbd_2023_subnational_hale_modelled|eurostat_nuts2_gdppc_pps_eu27_2020_hab+eurostat_nuts2_lexp_birth_total+ita_istat_bes_region_hle_01sal002,observed_inputs_only+modelled_ihme_gbd_hale_age22_all_ages_exact_location_join|observed_inputs_only+istat_bes_01sal002_all_sex_hle_birth_exact_nuts2_join,observed_eurostat_li_no_subnational_gini_hale+ihme_modelled_hale_age_id_22_all_ages_metric_years_exact_location|observed_eurostat_li_no_subnational_gini_hale+official_hle_all_sex_exact_nuts2,modelled|official_observed|proxy_observed|harmonized_observed|official_observed|proxy_observed,observed_inputs_only+modelled_ihme_gbd_hale_age22_all_ages_exact_location_join|observed_inputs_only+istat_bes_01sal002_all_sex_hle_birth_exact_nuts2_join,IHME modelled HALE|observed source|HLE proxy,"inputs use the labelled source family shown in the provenance fields|HLE is Istat BES indicator 01SAL002, all-sex healthy life expectancy at birth by Italian NUTS2 region; national and macro-region aggregates are excluded",,2024.0,
eu_nuts2_ita_v1,official_clean,Italy / EU NUTS2 pilot,ITA,Italy,nuts2,21,525,2000,2024,2024.0,523,0,0,0,eurostat_nuts2_gdppc_pps_eu27_2020_hab+eurostat_nuts2_lexp_birth_total+ihme_gbd_2023_subnational_hale_modelled|eurostat_nuts2_gdppc_pps_eu27_2020_hab+eurostat_nuts2_lexp_birth_total,observed_inputs_only+modelled_ihme_gbd_hale_age22_all_ages_exact_location_join|observed_inputs_only,observed_eurostat_li_no_subnational_gini_hale+ihme_modelled_hale_age_id_22_all_ages_metric_years_exact_location|observed_eurostat_li_no_subnational_gini_hale,modelled|harmonized_observed,observed_inputs_only+modelled_ihme_gbd_hale_age22_all_ages_exact_location_join|observed_inputs_only,IHME modelled HALE|observed source,inputs use the labelled source family shown in the provenance fields,,,
gdl_shdi_jam_levelx_v3,modelled_hale_experimental,Jamaica / GDL SHDI level x,JAM,Jamaica,gdl_level_x,6,204,1990,2023,2023.0,204,0,0,0,gdl_shdi_lgnic_lifexp_v9,gdl_lgnic_income_proxy_plus_gdl_lifexp,proxy_observed_gdl_income_proxy,proxy_observed,gdl_shdi_lgnic_lifexp,GDL income proxy,income is GDL lgnic rather than source-country GDPpc; life expectancy is GDL harmonized regional life expectancy,,,
gdl_shdi_jam_levelx_v3,official_clean,Jamaica / GDL SHDI level x,JAM,Jamaica,gdl_level_x,6,204,1990,2023,2023.0,204,0,0,0,gdl_shdi_lgnic_lifexp_v9,gdl_lgnic_income_proxy_plus_gdl_lifexp,proxy_observed_gdl_income_proxy,proxy_observed,gdl_shdi_lgnic_lifexp,GDL income proxy,income is GDL lgnic rather than source-country GDPpc; life expectancy is GDL harmonized regional life expectancy,,,
gdl_shdi_jpn_levelx_v3,modelled_hale_experimental,Japan / GDL SHDI level x,JPN,Japan,gdl_level_x,10,340,1990,2023,2023.0,340,0,340,0,gdl_shdi_lgnic_lifexp_v9+ihme_gbd_2023_subnational_hale_modelled,gdl_lgnic_income_proxy_plus_gdl_lifexp+modelled_ihme_gbd_hale_age22_all_ages_subnational_bridge|gdl_lgnic_income_proxy_plus_gdl_lifexp+modelled_ihme_gbd_hale_age22_all_ages_grouped_geography_proxy,proxy_observed_gdl_income_proxy+ihme_modelled_hale_age_id_22_all_ages_metric_years_subnational_bridge|proxy_observed_gdl_income_proxy+ihme_modelled_hale_grouped_locations_mean_geography_proxy,proxy_observed|modelled,gdl_shdi_lgnic_lifexp+modelled_ihme_gbd_hale_age22_all_ages_subnational_bridge|gdl_shdi_lgnic_lifexp+modelled_ihme_gbd_hale_age22_all_ages_grouped_geography_proxy,GDL income proxy|IHME modelled HALE|geography proxy,income is GDL lgnic rather than source-country GDPpc; life expectancy is GDL harmonized regional life expectancy|HALE is IHME/GBD modelled subnational HALE joined through a documented region bridge|HALE is the unweighted mean of grouped IHME/GBD modelled subnational component locations assigned to the broader atlas region,,2023.0,
gdl_shdi_jpn_levelx_v3,official_clean,Japan / GDL SHDI level x,JPN,Japan,gdl_level_x,10,340,1990,2023,2023.0,340,0,0,0,gdl_shdi_lgnic_lifexp_v9,gdl_lgnic_income_proxy_plus_gdl_lifexp,proxy_observed_gdl_income_proxy,proxy_observed,gdl_shdi_lgnic_lifexp,GDL income proxy,income is GDL lgnic rather than source-country GDPpc; life expectancy is GDL harmonized regional life expectancy,,,
gdl_shdi_jor_levelx_v3,modelled_hale_experimental,Jordan / GDL SHDI level x,JOR,Jordan,gdl_level_x,12,408,1990,2023,2023.0,408,0,0,0,gdl_shdi_lgnic_lifexp_v9,gdl_lgnic_income_proxy_plus_gdl_lifexp,proxy_observed_gdl_income_proxy,proxy_observed,gdl_shdi_lgnic_lifexp,GDL income proxy,income is GDL lgnic rather than source-country GDPpc; life expectancy is GDL harmonized regional life expectancy,,,
gdl_shdi_jor_levelx_v3,official_clean,Jordan / GDL SHDI level x,JOR,Jordan,gdl_level_x,12,408,1990,2023,2023.0,408,0,0,0,gdl_shdi_lgnic_lifexp_v9,gdl_lgnic_income_proxy_plus_gdl_lifexp,proxy_observed_gdl_income_proxy,proxy_observed,gdl_shdi_lgnic_lifexp,GDL income proxy,income is GDL lgnic rather than source-country GDPpc; life expectancy is GDL harmonized regional life expectancy,,,
gdl_shdi_kaz_levelx_v3,modelled_hale_experimental,Kazakhstan / GDL SHDI level x,KAZ,Kazakhstan,gdl_level_x,6,204,1990,2023,2023.0,204,0,0,0,gdl_shdi_lgnic_lifexp_v9,gdl_lgnic_income_proxy_plus_gdl_lifexp,proxy_observed_gdl_income_proxy,proxy_observed,gdl_shdi_lgnic_lifexp,GDL income proxy,income is GDL lgnic rather than source-country GDPpc; life expectancy is GDL harmonized regional life expectancy,,,
gdl_shdi_kaz_levelx_v3,official_clean,Kazakhstan / GDL SHDI level x,KAZ,Kazakhstan,gdl_level_x,6,204,1990,2023,2023.0,204,0,0,0,gdl_shdi_lgnic_lifexp_v9,gdl_lgnic_income_proxy_plus_gdl_lifexp,proxy_observed_gdl_income_proxy,proxy_observed,gdl_shdi_lgnic_lifexp,GDL income proxy,income is GDL lgnic rather than source-country GDPpc; life expectancy is GDL harmonized regional life expectancy,,,
gdl_shdi_ken_levelx_v3,modelled_hale_experimental,Kenya / GDL SHDI level x,KEN,Kenya,gdl_level_x,8,272,1990,2023,2023.0,272,0,268,0,gdl_shdi_lgnic_lifexp_v9+ihme_gbd_2023_subnational_hale_modelled|gdl_shdi_lgnic_lifexp_v9,gdl_lgnic_income_proxy_plus_gdl_lifexp+modelled_ihme_gbd_hale_age22_all_ages_subnational_bridge|gdl_lgnic_income_proxy_plus_gdl_lifexp+modelled_ihme_gbd_hale_age22_all_ages_grouped_geography_proxy|gdl_lgnic_income_proxy_plus_gdl_lifexp,proxy_observed_gdl_income_proxy+ihme_modelled_hale_age_id_22_all_ages_metric_years_subnational_bridge|proxy_observed_gdl_income_proxy+ihme_modelled_hale_grouped_locations_mean_geography_proxy|proxy_observed_gdl_income_proxy,proxy_observed|modelled|proxy_observed,gdl_shdi_lgnic_lifexp+modelled_ihme_gbd_hale_age22_all_ages_subnational_bridge|gdl_shdi_lgnic_lifexp+modelled_ihme_gbd_hale_age22_all_ages_grouped_geography_proxy|gdl_shdi_lgnic_lifexp,GDL income proxy|IHME modelled HALE|geography proxy,income is GDL lgnic rather than source-country GDPpc; life expectancy is GDL harmonized regional life expectancy|HALE is IHME/GBD modelled subnational HALE joined through a documented region bridge|HALE is the unweighted mean of grouped IHME/GBD modelled subnational component locations assigned to the broader atlas region,,2023.0,
gdl_shdi_ken_levelx_v3,official_clean,Kenya / GDL SHDI level x,KEN,Kenya,gdl_level_x,8,272,1990,2023,2023.0,272,0,0,0,gdl_shdi_lgnic_lifexp_v9,gdl_lgnic_income_proxy_plus_gdl_lifexp,proxy_observed_gdl_income_proxy,proxy_observed,gdl_shdi_lgnic_lifexp,GDL income proxy,income is GDL lgnic rather than source-country GDPpc; life expectancy is GDL harmonized regional life expectancy,,,
gdl_shdi_kir_levelx_v3,modelled_hale_experimental,Kiribati / GDL SHDI level x,KIR,Kiribati,gdl_level_x,5,120,2000,2023,2023.0,120,0,0,0,gdl_shdi_lgnic_lifexp_v9,gdl_lgnic_income_proxy_plus_gdl_lifexp,proxy_observed_gdl_income_proxy,proxy_observed,gdl_shdi_lgnic_lifexp,GDL income proxy,income is GDL lgnic rather than source-country GDPpc; life expectancy is GDL harmonized regional life expectancy,,,
gdl_shdi_kir_levelx_v3,official_clean,Kiribati / GDL SHDI level x,KIR,Kiribati,gdl_level_x,5,120,2000,2023,2023.0,120,0,0,0,gdl_shdi_lgnic_lifexp_v9,gdl_lgnic_income_proxy_plus_gdl_lifexp,proxy_observed_gdl_income_proxy,proxy_observed,gdl_shdi_lgnic_lifexp,GDL income proxy,income is GDL lgnic rather than source-country GDPpc; life expectancy is GDL harmonized regional life expectancy,,,
gdl_shdi_kor_levelx_v3,modelled_hale_experimental,"Korea, Rep. / GDL SHDI level x",KOR,"Korea, Rep.",gdl_level_x,7,238,1990,2023,2023.0,238,0,0,0,gdl_shdi_lgnic_lifexp_v9,gdl_lgnic_income_proxy_plus_gdl_lifexp,proxy_observed_gdl_income_proxy,proxy_observed,gdl_shdi_lgnic_lifexp,GDL income proxy,income is GDL lgnic rather than source-country GDPpc; life expectancy is GDL harmonized regional life expectancy,,,
gdl_shdi_kor_levelx_v3,official_clean,"Korea, Rep. / GDL SHDI level x",KOR,"Korea, Rep.",gdl_level_x,7,238,1990,2023,2023.0,238,0,0,0,gdl_shdi_lgnic_lifexp_v9,gdl_lgnic_income_proxy_plus_gdl_lifexp,proxy_observed_gdl_income_proxy,proxy_observed,gdl_shdi_lgnic_lifexp,GDL income proxy,income is GDL lgnic rather than source-country GDPpc; life expectancy is GDL harmonized regional life expectancy,,,
gdl_shdi_xko_levelx_v3,modelled_hale_experimental,Kosovo / GDL SHDI level x,XKO,Kosovo,gdl_level_x,7,98,2010,2023,2023.0,98,0,0,0,gdl_shdi_lgnic_lifexp_v9,gdl_lgnic_income_proxy_plus_gdl_lifexp,proxy_observed_gdl_income_proxy,proxy_observed,gdl_shdi_lgnic_lifexp,GDL income proxy,income is GDL lgnic rather than source-country GDPpc; life expectancy is GDL harmonized regional life expectancy,,,
gdl_shdi_xko_levelx_v3,official_clean,Kosovo / GDL SHDI level x,XKO,Kosovo,gdl_level_x,7,98,2010,2023,2023.0,98,0,0,0,gdl_shdi_lgnic_lifexp_v9,gdl_lgnic_income_proxy_plus_gdl_lifexp,proxy_observed_gdl_income_proxy,proxy_observed,gdl_shdi_lgnic_lifexp,GDL income proxy,income is GDL lgnic rather than source-country GDPpc; life expectancy is GDL harmonized regional life expectancy,,,
gdl_shdi_kwt_levelx_v3,modelled_hale_experimental,Kuwait / GDL SHDI level x,KWT,Kuwait,gdl_level_x,3,102,1990,2023,2023.0,102,0,0,0,gdl_shdi_lgnic_lifexp_v9,gdl_lgnic_income_proxy_plus_gdl_lifexp,proxy_observed_gdl_income_proxy,proxy_observed,gdl_shdi_lgnic_lifexp,GDL income proxy,income is GDL lgnic rather than source-country GDPpc; life expectancy is GDL harmonized regional life expectancy,,,
gdl_shdi_kwt_levelx_v3,official_clean,Kuwait / GDL SHDI level x,KWT,Kuwait,gdl_level_x,3,102,1990,2023,2023.0,102,0,0,0,gdl_shdi_lgnic_lifexp_v9,gdl_lgnic_income_proxy_plus_gdl_lifexp,proxy_observed_gdl_income_proxy,proxy_observed,gdl_shdi_lgnic_lifexp,GDL income proxy,income is GDL lgnic rather than source-country GDPpc; life expectancy is GDL harmonized regional life expectancy,,,
gdl_shdi_kgz_levelx_v3,modelled_hale_experimental,Kyrgyzstan / GDL SHDI level x,KGZ,Kyrgyzstan,gdl_level_x,8,272,1990,2023,2023.0,272,0,0,0,gdl_shdi_lgnic_lifexp_v9,gdl_lgnic_income_proxy_plus_gdl_lifexp,proxy_observed_gdl_income_proxy,proxy_observed,gdl_shdi_lgnic_lifexp,GDL income proxy,income is GDL lgnic rather than source-country GDPpc; life expectancy is GDL harmonized regional life expectancy,,,
gdl_shdi_kgz_levelx_v3,official_clean,Kyrgyzstan / GDL SHDI level x,KGZ,Kyrgyzstan,gdl_level_x,8,272,1990,2023,2023.0,272,0,0,0,gdl_shdi_lgnic_lifexp_v9,gdl_lgnic_income_proxy_plus_gdl_lifexp,proxy_observed_gdl_income_proxy,proxy_observed,gdl_shdi_lgnic_lifexp,GDL income proxy,income is GDL lgnic rather than source-country GDPpc; life expectancy is GDL harmonized regional life expectancy,,,
gdl_shdi_lao_levelx_v3,modelled_hale_experimental,Lao / GDL SHDI level x,LAO,Lao,gdl_level_x,17,578,1990,2023,2023.0,578,0,0,0,gdl_shdi_lgnic_lifexp_v9,gdl_lgnic_income_proxy_plus_gdl_lifexp,proxy_observed_gdl_income_proxy,proxy_observed,gdl_shdi_lgnic_lifexp,GDL income proxy,income is GDL lgnic rather than source-country GDPpc; life expectancy is GDL harmonized regional life expectancy,,,
gdl_shdi_lao_levelx_v3,official_clean,Lao / GDL SHDI level x,LAO,Lao,gdl_level_x,17,578,1990,2023,2023.0,578,0,0,0,gdl_shdi_lgnic_lifexp_v9,gdl_lgnic_income_proxy_plus_gdl_lifexp,proxy_observed_gdl_income_proxy,proxy_observed,gdl_shdi_lgnic_lifexp,GDL income proxy,income is GDL lgnic rather than source-country GDPpc; life expectancy is GDL harmonized regional life expectancy,,,
eu_nuts2_lva_v1,extended_experimental,Latvia / EU NUTS2 pilot,LVA,Latvia,nuts2,1,25,2000,2024,2024.0,23,0,0,0,eurostat_nuts2_gdppc_pps_eu27_2020_hab+eurostat_nuts2_lexp_birth_total,observed_inputs_only,observed_eurostat_li_no_subnational_gini_hale,harmonized_observed,observed_inputs_only,observed source,inputs use the labelled source family shown in the provenance fields,,,
eu_nuts2_lva_v1,modelled_hale_experimental,Latvia / EU NUTS2 pilot,LVA,Latvia,nuts2,1,25,2000,2024,2024.0,23,0,0,0,eurostat_nuts2_gdppc_pps_eu27_2020_hab+eurostat_nuts2_lexp_birth_total,observed_inputs_only,observed_eurostat_li_no_subnational_gini_hale,harmonized_observed,observed_inputs_only,observed source,inputs use the labelled source family shown in the provenance fields,,,
eu_nuts2_lva_v1,official_clean,Latvia / EU NUTS2 pilot,LVA,Latvia,nuts2,1,25,2000,2024,2024.0,23,0,0,0,eurostat_nuts2_gdppc_pps_eu27_2020_hab+eurostat_nuts2_lexp_birth_total,observed_inputs_only,observed_eurostat_li_no_subnational_gini_hale,harmonized_observed,observed_inputs_only,observed source,inputs use the labelled source family shown in the provenance fields,,,
gdl_shdi_lbn_levelx_v3,modelled_hale_experimental,Lebanon / GDL SHDI level x,LBN,Lebanon,gdl_level_x,5,95,2005,2023,2023.0,95,0,0,0,gdl_shdi_lgnic_lifexp_v9,gdl_lgnic_income_proxy_plus_gdl_lifexp,proxy_observed_gdl_income_proxy,proxy_observed,gdl_shdi_lgnic_lifexp,GDL income proxy,income is GDL lgnic rather than source-country GDPpc; life expectancy is GDL harmonized regional life expectancy,,,
gdl_shdi_lbn_levelx_v3,official_clean,Lebanon / GDL SHDI level x,LBN,Lebanon,gdl_level_x,5,95,2005,2023,2023.0,95,0,0,0,gdl_shdi_lgnic_lifexp_v9,gdl_lgnic_income_proxy_plus_gdl_lifexp,proxy_observed_gdl_income_proxy,proxy_observed,gdl_shdi_lgnic_lifexp,GDL income proxy,income is GDL lgnic rather than source-country GDPpc; life expectancy is GDL harmonized regional life expectancy,,,
gdl_shdi_lso_levelx_v3,modelled_hale_experimental,Lesotho / GDL SHDI level x,LSO,Lesotho,gdl_level_x,10,340,1990,2023,2023.0,340,0,0,0,gdl_shdi_lgnic_lifexp_v9,gdl_lgnic_income_proxy_plus_gdl_lifexp,proxy_observed_gdl_income_proxy,proxy_observed,gdl_shdi_lgnic_lifexp,GDL income proxy,income is GDL lgnic rather than source-country GDPpc; life expectancy is GDL harmonized regional life expectancy,,,
gdl_shdi_lso_levelx_v3,official_clean,Lesotho / GDL SHDI level x,LSO,Lesotho,gdl_level_x,10,340,1990,2023,2023.0,340,0,0,0,gdl_shdi_lgnic_lifexp_v9,gdl_lgnic_income_proxy_plus_gdl_lifexp,proxy_observed_gdl_income_proxy,proxy_observed,gdl_shdi_lgnic_lifexp,GDL income proxy,income is GDL lgnic rather than source-country GDPpc; life expectancy is GDL harmonized regional life expectancy,,,
gdl_shdi_lbr_levelx_v3,modelled_hale_experimental,Liberia / GDL SHDI level x,LBR,Liberia,gdl_level_x,15,375,1999,2023,2023.0,375,0,0,0,gdl_shdi_lgnic_lifexp_v9,gdl_lgnic_income_proxy_plus_gdl_lifexp,proxy_observed_gdl_income_proxy,proxy_observed,gdl_shdi_lgnic_lifexp,GDL income proxy,income is GDL lgnic rather than source-country GDPpc; life expectancy is GDL harmonized regional life expectancy,,,
gdl_shdi_lbr_levelx_v3,official_clean,Liberia / GDL SHDI level x,LBR,Liberia,gdl_level_x,15,375,1999,2023,2023.0,375,0,0,0,gdl_shdi_lgnic_lifexp_v9,gdl_lgnic_income_proxy_plus_gdl_lifexp,proxy_observed_gdl_income_proxy,proxy_observed,gdl_shdi_lgnic_lifexp,GDL income proxy,income is GDL lgnic rather than source-country GDPpc; life expectancy is GDL harmonized regional life expectancy,,,
gdl_shdi_lby_levelx_v3,modelled_hale_experimental,Libya / GDL SHDI level x,LBY,Libya,gdl_level_x,3,102,1990,2023,2023.0,102,0,0,0,gdl_shdi_lgnic_lifexp_v9,gdl_lgnic_income_proxy_plus_gdl_lifexp,proxy_observed_gdl_income_proxy,proxy_observed,gdl_shdi_lgnic_lifexp,GDL income proxy,income is GDL lgnic rather than source-country GDPpc; life expectancy is GDL harmonized regional life expectancy,,,
gdl_shdi_lby_levelx_v3,official_clean,Libya / GDL SHDI level x,LBY,Libya,gdl_level_x,3,102,1990,2023,2023.0,102,0,0,0,gdl_shdi_lgnic_lifexp_v9,gdl_lgnic_income_proxy_plus_gdl_lifexp,proxy_observed_gdl_income_proxy,proxy_observed,gdl_shdi_lgnic_lifexp,GDL income proxy,income is GDL lgnic rather than source-country GDPpc; life expectancy is GDL harmonized regional life expectancy,,,
eu_nuts2_ltu_v1,extended_experimental,Lithuania / EU NUTS2 pilot,LTU,Lithuania,nuts2,2,50,2000,2024,2024.0,48,0,0,0,eurostat_nuts2_gdppc_pps_eu27_2020_hab+eurostat_nuts2_lexp_birth_total,observed_inputs_only,observed_eurostat_li_no_subnational_gini_hale,harmonized_observed,observed_inputs_only,observed source,inputs use the labelled source family shown in the provenance fields,,,
eu_nuts2_ltu_v1,modelled_hale_experimental,Lithuania / EU NUTS2 pilot,LTU,Lithuania,nuts2,2,50,2000,2024,2024.0,48,0,0,0,eurostat_nuts2_gdppc_pps_eu27_2020_hab+eurostat_nuts2_lexp_birth_total,observed_inputs_only,observed_eurostat_li_no_subnational_gini_hale,harmonized_observed,observed_inputs_only,observed source,inputs use the labelled source family shown in the provenance fields,,,
eu_nuts2_ltu_v1,official_clean,Lithuania / EU NUTS2 pilot,LTU,Lithuania,nuts2,2,50,2000,2024,2024.0,48,0,0,0,eurostat_nuts2_gdppc_pps_eu27_2020_hab+eurostat_nuts2_lexp_birth_total,observed_inputs_only,observed_eurostat_li_no_subnational_gini_hale,harmonized_observed,observed_inputs_only,observed source,inputs use the labelled source family shown in the provenance fields,,,
eu_nuts2_lux_v1,extended_experimental,Luxembourg / EU NUTS2 pilot,LUX,Luxembourg,nuts2,1,25,2000,2024,2024.0,25,0,0,0,eurostat_nuts2_gdppc_pps_eu27_2020_hab+eurostat_nuts2_lexp_birth_total+ihme_gbd_2023_subnational_hale_modelled|eurostat_nuts2_gdppc_pps_eu27_2020_hab+eurostat_nuts2_lexp_birth_total,observed_inputs_only+modelled_ihme_gbd_hale_age22_all_ages_exact_location_join|observed_inputs_only,observed_eurostat_li_no_subnational_gini_hale+ihme_modelled_hale_age_id_22_all_ages_metric_years_exact_location|observed_eurostat_li_no_subnational_gini_hale,modelled|harmonized_observed,observed_inputs_only+modelled_ihme_gbd_hale_age22_all_ages_exact_location_join|observed_inputs_only,IHME modelled HALE|observed source,inputs use the labelled source family shown in the provenance fields,,,
eu_nuts2_lux_v1,modelled_hale_experimental,Luxembourg / EU NUTS2 pilot,LUX,Luxembourg,nuts2,1,25,2000,2024,2024.0,25,0,24,0,eurostat_nuts2_gdppc_pps_eu27_2020_hab+eurostat_nuts2_lexp_birth_total+ihme_gbd_2023_subnational_hale_modelled|eurostat_nuts2_gdppc_pps_eu27_2020_hab+eurostat_nuts2_lexp_birth_total,observed_inputs_only+modelled_ihme_gbd_hale_age22_all_ages_exact_location_join|observed_inputs_only,observed_eurostat_li_no_subnational_gini_hale+ihme_modelled_hale_age_id_22_all_ages_metric_years_exact_location|observed_eurostat_li_no_subnational_gini_hale,modelled|harmonized_observed,observed_inputs_only+modelled_ihme_gbd_hale_age22_all_ages_exact_location_join|observed_inputs_only,IHME modelled HALE|observed source,inputs use the labelled source family shown in the provenance fields,,2023.0,
eu_nuts2_lux_v1,official_clean,Luxembourg / EU NUTS2 pilot,LUX,Luxembourg,nuts2,1,25,2000,2024,2024.0,25,0,0,0,eurostat_nuts2_gdppc_pps_eu27_2020_hab+eurostat_nuts2_lexp_birth_total+ihme_gbd_2023_subnational_hale_modelled|eurostat_nuts2_gdppc_pps_eu27_2020_hab+eurostat_nuts2_lexp_birth_total,observed_inputs_only+modelled_ihme_gbd_hale_age22_all_ages_exact_location_join|observed_inputs_only,observed_eurostat_li_no_subnational_gini_hale+ihme_modelled_hale_age_id_22_all_ages_metric_years_exact_location|observed_eurostat_li_no_subnational_gini_hale,modelled|harmonized_observed,observed_inputs_only+modelled_ihme_gbd_hale_age22_all_ages_exact_location_join|observed_inputs_only,IHME modelled HALE|observed source,inputs use the labelled source family shown in the provenance fields,,,
gdl_shdi_mdg_levelx_v3,modelled_hale_experimental,Madagascar / GDL SHDI level x,MDG,Madagascar,gdl_level_x,22,528,2000,2023,2023.0,528,0,0,0,gdl_shdi_lgnic_lifexp_v9,gdl_lgnic_income_proxy_plus_gdl_lifexp,proxy_observed_gdl_income_proxy,proxy_observed,gdl_shdi_lgnic_lifexp,GDL income proxy,income is GDL lgnic rather than source-country GDPpc; life expectancy is GDL harmonized regional life expectancy,,,
gdl_shdi_mdg_levelx_v3,official_clean,Madagascar / GDL SHDI level x,MDG,Madagascar,gdl_level_x,22,528,2000,2023,2023.0,528,0,0,0,gdl_shdi_lgnic_lifexp_v9,gdl_lgnic_income_proxy_plus_gdl_lifexp,proxy_observed_gdl_income_proxy,proxy_observed,gdl_shdi_lgnic_lifexp,GDL income proxy,income is GDL lgnic rather than source-country GDPpc; life expectancy is GDL harmonized regional life expectancy,,,
gdl_shdi_mwi_levelx_v3,modelled_hale_experimental,Malawi / GDL SHDI level x,MWI,Malawi,gdl_level_x,13,442,1990,2023,2023.0,442,0,0,0,gdl_shdi_lgnic_lifexp_v9,gdl_lgnic_income_proxy_plus_gdl_lifexp,proxy_observed_gdl_income_proxy,proxy_observed,gdl_shdi_lgnic_lifexp,GDL income proxy,income is GDL lgnic rather than source-country GDPpc; life expectancy is GDL harmonized regional life expectancy,,,
gdl_shdi_mwi_levelx_v3,official_clean,Malawi / GDL SHDI level x,MWI,Malawi,gdl_level_x,13,442,1990,2023,2023.0,442,0,0,0,gdl_shdi_lgnic_lifexp_v9,gdl_lgnic_income_proxy_plus_gdl_lifexp,proxy_observed_gdl_income_proxy,proxy_observed,gdl_shdi_lgnic_lifexp,GDL income proxy,income is GDL lgnic rather than source-country GDPpc; life expectancy is GDL harmonized regional life expectancy,,,
gdl_shdi_mys_levelx_v3,modelled_hale_experimental,Malaysia / GDL SHDI level x,MYS,Malaysia,gdl_level_x,15,510,1990,2023,2023.0,510,0,0,0,gdl_shdi_lgnic_lifexp_v9,gdl_lgnic_income_proxy_plus_gdl_lifexp,proxy_observed_gdl_income_proxy,proxy_observed,gdl_shdi_lgnic_lifexp,GDL income proxy,income is GDL lgnic rather than source-country GDPpc; life expectancy is GDL harmonized regional life expectancy,,,
gdl_shdi_mys_levelx_v3,official_clean,Malaysia / GDL SHDI level x,MYS,Malaysia,gdl_level_x,15,510,1990,2023,2023.0,510,0,0,0,gdl_shdi_lgnic_lifexp_v9,gdl_lgnic_income_proxy_plus_gdl_lifexp,proxy_observed_gdl_income_proxy,proxy_observed,gdl_shdi_lgnic_lifexp,GDL income proxy,income is GDL lgnic rather than source-country GDPpc; life expectancy is GDL harmonized regional life expectancy,,,
gdl_shdi_mdv_levelx_v3,modelled_hale_experimental,Maldives / GDL SHDI level x,MDV,Maldives,gdl_level_x,6,174,1995,2023,2023.0,174,0,0,0,gdl_shdi_lgnic_lifexp_v9,gdl_lgnic_income_proxy_plus_gdl_lifexp,proxy_observed_gdl_income_proxy,proxy_observed,gdl_shdi_lgnic_lifexp,GDL income proxy,income is GDL lgnic rather than source-country GDPpc; life expectancy is GDL harmonized regional life expectancy,,,
gdl_shdi_mdv_levelx_v3,official_clean,Maldives / GDL SHDI level x,MDV,Maldives,gdl_level_x,6,174,1995,2023,2023.0,174,0,0,0,gdl_shdi_lgnic_lifexp_v9,gdl_lgnic_income_proxy_plus_gdl_lifexp,proxy_observed_gdl_income_proxy,proxy_observed,gdl_shdi_lgnic_lifexp,GDL income proxy,income is GDL lgnic rather than source-country GDPpc; life expectancy is GDL harmonized regional life expectancy,,,
gdl_shdi_mli_levelx_v3,modelled_hale_experimental,Mali / GDL SHDI level x,MLI,Mali,gdl_level_x,8,272,1990,2023,2023.0,272,0,0,0,gdl_shdi_lgnic_lifexp_v9,gdl_lgnic_income_proxy_plus_gdl_lifexp,proxy_observed_gdl_income_proxy,proxy_observed,gdl_shdi_lgnic_lifexp,GDL income proxy,income is GDL lgnic rather than source-country GDPpc; life expectancy is GDL harmonized regional life expectancy,,,
gdl_shdi_mli_levelx_v3,official_clean,Mali / GDL SHDI level x,MLI,Mali,gdl_level_x,8,272,1990,2023,2023.0,272,0,0,0,gdl_shdi_lgnic_lifexp_v9,gdl_lgnic_income_proxy_plus_gdl_lifexp,proxy_observed_gdl_income_proxy,proxy_observed,gdl_shdi_lgnic_lifexp,GDL income proxy,income is GDL lgnic rather than source-country GDPpc; life expectancy is GDL harmonized regional life expectancy,,,
eu_nuts2_mlt_v1,extended_experimental,Malta / EU NUTS2 pilot,MLT,Malta,nuts2,1,25,2000,2024,2023.0,23,0,0,0,eurostat_nuts2_gdppc_pps_eu27_2020_hab+eurostat_nuts2_lexp_birth_total+ihme_gbd_2023_subnational_hale_modelled|eurostat_nuts2_gdppc_pps_eu27_2020_hab+eurostat_nuts2_lexp_birth_total,observed_inputs_only+modelled_ihme_gbd_hale_age22_all_ages_exact_location_join|observed_inputs_only,observed_eurostat_li_no_subnational_gini_hale+ihme_modelled_hale_age_id_22_all_ages_metric_years_exact_location|observed_eurostat_li_no_subnational_gini_hale,modelled|harmonized_observed,observed_inputs_only+modelled_ihme_gbd_hale_age22_all_ages_exact_location_join|observed_inputs_only,IHME modelled HALE|observed source,inputs use the labelled source family shown in the provenance fields,,,
eu_nuts2_mlt_v1,modelled_hale_experimental,Malta / EU NUTS2 pilot,MLT,Malta,nuts2,1,25,2000,2024,2023.0,23,0,24,0,eurostat_nuts2_gdppc_pps_eu27_2020_hab+eurostat_nuts2_lexp_birth_total+ihme_gbd_2023_subnational_hale_modelled|eurostat_nuts2_gdppc_pps_eu27_2020_hab+eurostat_nuts2_lexp_birth_total,observed_inputs_only+modelled_ihme_gbd_hale_age22_all_ages_exact_location_join|observed_inputs_only,observed_eurostat_li_no_subnational_gini_hale+ihme_modelled_hale_age_id_22_all_ages_metric_years_exact_location|observed_eurostat_li_no_subnational_gini_hale,modelled|harmonized_observed,observed_inputs_only+modelled_ihme_gbd_hale_age22_all_ages_exact_location_join|observed_inputs_only,IHME modelled HALE|observed source,inputs use the labelled source family shown in the provenance fields,,2023.0,
eu_nuts2_mlt_v1,official_clean,Malta / EU NUTS2 pilot,MLT,Malta,nuts2,1,25,2000,2024,2023.0,23,0,0,0,eurostat_nuts2_gdppc_pps_eu27_2020_hab+eurostat_nuts2_lexp_birth_total+ihme_gbd_2023_subnational_hale_modelled|eurostat_nuts2_gdppc_pps_eu27_2020_hab+eurostat_nuts2_lexp_birth_total,observed_inputs_only+modelled_ihme_gbd_hale_age22_all_ages_exact_location_join|observed_inputs_only,observed_eurostat_li_no_subnational_gini_hale+ihme_modelled_hale_age_id_22_all_ages_metric_years_exact_location|observed_eurostat_li_no_subnational_gini_hale,modelled|harmonized_observed,observed_inputs_only+modelled_ihme_gbd_hale_age22_all_ages_exact_location_join|observed_inputs_only,IHME modelled HALE|observed source,inputs use the labelled source family shown in the provenance fields,,,
gdl_shdi_mrt_levelx_v3,modelled_hale_experimental,Mauritania / GDL SHDI level x,MRT,Mauritania,gdl_level_x,12,408,1990,2023,2023.0,408,0,0,0,gdl_shdi_lgnic_lifexp_v9,gdl_lgnic_income_proxy_plus_gdl_lifexp,proxy_observed_gdl_income_proxy,proxy_observed,gdl_shdi_lgnic_lifexp,GDL income proxy,income is GDL lgnic rather than source-country GDPpc; life expectancy is GDL harmonized regional life expectancy,,,
gdl_shdi_mrt_levelx_v3,official_clean,Mauritania / GDL SHDI level x,MRT,Mauritania,gdl_level_x,12,408,1990,2023,2023.0,408,0,0,0,gdl_shdi_lgnic_lifexp_v9,gdl_lgnic_income_proxy_plus_gdl_lifexp,proxy_observed_gdl_income_proxy,proxy_observed,gdl_shdi_lgnic_lifexp,GDL income proxy,income is GDL lgnic rather than source-country GDPpc; life expectancy is GDL harmonized regional life expectancy,,,
gdl_shdi_mus_levelx_v3,modelled_hale_experimental,Mauritius / GDL SHDI level x,MUS,Mauritius,gdl_level_x,3,102,1990,2023,2023.0,102,0,0,0,gdl_shdi_lgnic_lifexp_v9,gdl_lgnic_income_proxy_plus_gdl_lifexp,proxy_observed_gdl_income_proxy,proxy_observed,gdl_shdi_lgnic_lifexp,GDL income proxy,income is GDL lgnic rather than source-country GDPpc; life expectancy is GDL harmonized regional life expectancy,,,
gdl_shdi_mus_levelx_v3,official_clean,Mauritius / GDL SHDI level x,MUS,Mauritius,gdl_level_x,3,102,1990,2023,2023.0,102,0,0,0,gdl_shdi_lgnic_lifexp_v9,gdl_lgnic_income_proxy_plus_gdl_lifexp,proxy_observed_gdl_income_proxy,proxy_observed,gdl_shdi_lgnic_lifexp,GDL income proxy,income is GDL lgnic rather than source-country GDPpc; life expectancy is GDL harmonized regional life expectancy,,,
mexico_state_gdl_enigh_v2,extended_experimental,Mexico state / GDL + ENIGH pilot,MEX,Mexico,state,32,1088,1990,2023,2023.0,1088,128,0,0,gdl_subnational_lgnic_income_proxy+gdl_subnational_lifexp+ihme_gbd_2023_subnational_hale_modelled|gdl_subnational_lgnic_income_proxy+gdl_subnational_lifexp+inegi_enigh_2022_state_gini_xlsx+ihme_gbd_2023_subnational_hale_modelled,gdl_lgnic_income_proxy_observed_lifexp+modelled_ihme_gbd_hale_age22_all_ages_exact_location_join|gdl_lgnic_income_proxy_observed_lifexp+observed_enigh_state_gini_exact_year_join+modelled_ihme_gbd_hale_age22_all_ages_exact_location_join,gdl_income_proxy_not_official_gdppc+observed_gdl_lifexp+ihme_modelled_hale_age_id_22_all_ages_metric_years_exact_location|gdl_income_proxy_not_official_gdppc+observed_gdl_lifexp+official_inegi_state_gini+ihme_modelled_hale_age_id_22_all_ages_metric_years_exact_location,modelled,gdl_lgnic_income_proxy_observed_lifexp+modelled_ihme_gbd_hale_age22_all_ages_exact_location_join|gdl_lgnic_income_proxy_observed_lifexp+observed_enigh_state_gini_exact_year_join+modelled_ihme_gbd_hale_age22_all_ages_exact_location_join,GDL income proxy|IHME modelled HALE,income is a GDL lgnic proxy rather than source-country GDPpc,2022.0,,
mexico_state_gdl_enigh_v2,modelled_hale_experimental,Mexico state / GDL + ENIGH pilot,MEX,Mexico,state,32,1088,1990,2023,2023.0,1088,128,1088,128,gdl_subnational_lgnic_income_proxy+gdl_subnational_lifexp+ihme_gbd_2023_subnational_hale_modelled|gdl_subnational_lgnic_income_proxy+gdl_subnational_lifexp+inegi_enigh_2022_state_gini_xlsx+ihme_gbd_2023_subnational_hale_modelled,gdl_lgnic_income_proxy_observed_lifexp+modelled_ihme_gbd_hale_age22_all_ages_exact_location_join|gdl_lgnic_income_proxy_observed_lifexp+observed_enigh_state_gini_exact_year_join+modelled_ihme_gbd_hale_age22_all_ages_exact_location_join,gdl_income_proxy_not_official_gdppc+observed_gdl_lifexp+ihme_modelled_hale_age_id_22_all_ages_metric_years_exact_location|gdl_income_proxy_not_official_gdppc+observed_gdl_lifexp+official_inegi_state_gini+ihme_modelled_hale_age_id_22_all_ages_metric_years_exact_location,modelled,gdl_lgnic_income_proxy_observed_lifexp+modelled_ihme_gbd_hale_age22_all_ages_exact_location_join|gdl_lgnic_income_proxy_observed_lifexp+observed_enigh_state_gini_exact_year_join+modelled_ihme_gbd_hale_age22_all_ages_exact_location_join,GDL income proxy|IHME modelled HALE,income is a GDL lgnic proxy rather than source-country GDPpc,2022.0,2023.0,2022.0
mexico_state_gdl_enigh_v2,official_clean,Mexico state / GDL + ENIGH pilot,MEX,Mexico,state,32,1088,1990,2023,2023.0,1088,0,0,0,gdl_subnational_lgnic_income_proxy+gdl_subnational_lifexp+ihme_gbd_2023_subnational_hale_modelled|gdl_subnational_lgnic_income_proxy+gdl_subnational_lifexp+inegi_enigh_2022_state_gini_xlsx+ihme_gbd_2023_subnational_hale_modelled,gdl_lgnic_income_proxy_observed_lifexp+modelled_ihme_gbd_hale_age22_all_ages_exact_location_join|gdl_lgnic_income_proxy_observed_lifexp+observed_enigh_state_gini_exact_year_join+modelled_ihme_gbd_hale_age22_all_ages_exact_location_join,gdl_income_proxy_not_official_gdppc+observed_gdl_lifexp+ihme_modelled_hale_age_id_22_all_ages_metric_years_exact_location|gdl_income_proxy_not_official_gdppc+observed_gdl_lifexp+official_inegi_state_gini+ihme_modelled_hale_age_id_22_all_ages_metric_years_exact_location,modelled,gdl_lgnic_income_proxy_observed_lifexp+modelled_ihme_gbd_hale_age22_all_ages_exact_location_join|gdl_lgnic_income_proxy_observed_lifexp+observed_enigh_state_gini_exact_year_join+modelled_ihme_gbd_hale_age22_all_ages_exact_location_join,GDL income proxy|IHME modelled HALE,income is a GDL lgnic proxy rather than source-country GDPpc,,,
gdl_shdi_mda_levelx_v3,modelled_hale_experimental,Moldova / GDL SHDI level x,MDA,Moldova,gdl_level_x,4,136,1990,2023,2023.0,136,0,0,0,gdl_shdi_lgnic_lifexp_v9,gdl_lgnic_income_proxy_plus_gdl_lifexp,proxy_observed_gdl_income_proxy,proxy_observed,gdl_shdi_lgnic_lifexp,GDL income proxy,income is GDL lgnic rather than source-country GDPpc; life expectancy is GDL harmonized regional life expectancy,,,
gdl_shdi_mda_levelx_v3,official_clean,Moldova / GDL SHDI level x,MDA,Moldova,gdl_level_x,4,136,1990,2023,2023.0,136,0,0,0,gdl_shdi_lgnic_lifexp_v9,gdl_lgnic_income_proxy_plus_gdl_lifexp,proxy_observed_gdl_income_proxy,proxy_observed,gdl_shdi_lgnic_lifexp,GDL income proxy,income is GDL lgnic rather than source-country GDPpc; life expectancy is GDL harmonized regional life expectancy,,,
gdl_shdi_mng_levelx_v3,modelled_hale_experimental,Mongolia / GDL SHDI level x,MNG,Mongolia,gdl_level_x,5,170,1990,2023,2023.0,170,0,0,0,gdl_shdi_lgnic_lifexp_v9,gdl_lgnic_income_proxy_plus_gdl_lifexp,proxy_observed_gdl_income_proxy,proxy_observed,gdl_shdi_lgnic_lifexp,GDL income proxy,income is GDL lgnic rather than source-country GDPpc; life expectancy is GDL harmonized regional life expectancy,,,
gdl_shdi_mng_levelx_v3,official_clean,Mongolia / GDL SHDI level x,MNG,Mongolia,gdl_level_x,5,170,1990,2023,2023.0,170,0,0,0,gdl_shdi_lgnic_lifexp_v9,gdl_lgnic_income_proxy_plus_gdl_lifexp,proxy_observed_gdl_income_proxy,proxy_observed,gdl_shdi_lgnic_lifexp,GDL income proxy,income is GDL lgnic rather than source-country GDPpc; life expectancy is GDL harmonized regional life expectancy,,,
gdl_shdi_mne_levelx_v3,modelled_hale_experimental,Montenegro / GDL SHDI level x,MNE,Montenegro,gdl_level_x,3,54,2006,2023,2023.0,54,0,0,0,gdl_shdi_lgnic_lifexp_v9,gdl_lgnic_income_proxy_plus_gdl_lifexp,proxy_observed_gdl_income_proxy,proxy_observed,gdl_shdi_lgnic_lifexp,GDL income proxy,income is GDL lgnic rather than source-country GDPpc; life expectancy is GDL harmonized regional life expectancy,,,
gdl_shdi_mne_levelx_v3,official_clean,Montenegro / GDL SHDI level x,MNE,Montenegro,gdl_level_x,3,54,2006,2023,2023.0,54,0,0,0,gdl_shdi_lgnic_lifexp_v9,gdl_lgnic_income_proxy_plus_gdl_lifexp,proxy_observed_gdl_income_proxy,proxy_observed,gdl_shdi_lgnic_lifexp,GDL income proxy,income is GDL lgnic rather than source-country GDPpc; life expectancy is GDL harmonized regional life expectancy,,,
gdl_shdi_mar_levelx_v3,modelled_hale_experimental,Morocco / GDL SHDI level x,MAR,Morocco,gdl_level_x,7,238,1990,2023,2023.0,238,0,0,0,gdl_shdi_lgnic_lifexp_v9,gdl_lgnic_income_proxy_plus_gdl_lifexp,proxy_observed_gdl_income_proxy,proxy_observed,gdl_shdi_lgnic_lifexp,GDL income proxy,income is GDL lgnic rather than source-country GDPpc; life expectancy is GDL harmonized regional life expectancy,,,
gdl_shdi_mar_levelx_v3,official_clean,Morocco / GDL SHDI level x,MAR,Morocco,gdl_level_x,7,238,1990,2023,2023.0,238,0,0,0,gdl_shdi_lgnic_lifexp_v9,gdl_lgnic_income_proxy_plus_gdl_lifexp,proxy_observed_gdl_income_proxy,proxy_observed,gdl_shdi_lgnic_lifexp,GDL income proxy,income is GDL lgnic rather than source-country GDPpc; life expectancy is GDL harmonized regional life expectancy,,,
gdl_shdi_moz_levelx_v3,modelled_hale_experimental,Mozambique / GDL SHDI level x,MOZ,Mozambique,gdl_level_x,11,374,1990,2023,2023.0,374,0,0,0,gdl_shdi_lgnic_lifexp_v9,gdl_lgnic_income_proxy_plus_gdl_lifexp,proxy_observed_gdl_income_proxy,proxy_observed,gdl_shdi_lgnic_lifexp,GDL income proxy,income is GDL lgnic rather than source-country GDPpc; life expectancy is GDL harmonized regional life expectancy,,,
gdl_shdi_moz_levelx_v3,official_clean,Mozambique / GDL SHDI level x,MOZ,Mozambique,gdl_level_x,11,374,1990,2023,2023.0,374,0,0,0,gdl_shdi_lgnic_lifexp_v9,gdl_lgnic_income_proxy_plus_gdl_lifexp,proxy_observed_gdl_income_proxy,proxy_observed,gdl_shdi_lgnic_lifexp,GDL income proxy,income is GDL lgnic rather than source-country GDPpc; life expectancy is GDL harmonized regional life expectancy,,,
gdl_shdi_mmr_levelx_v3,modelled_hale_experimental,Myanmar / GDL SHDI level x,MMR,Myanmar,gdl_level_x,14,476,1990,2023,2023.0,476,0,0,0,gdl_shdi_lgnic_lifexp_v9,gdl_lgnic_income_proxy_plus_gdl_lifexp,proxy_observed_gdl_income_proxy,proxy_observed,gdl_shdi_lgnic_lifexp,GDL income proxy,income is GDL lgnic rather than source-country GDPpc; life expectancy is GDL harmonized regional life expectancy,,,
gdl_shdi_mmr_levelx_v3,official_clean,Myanmar / GDL SHDI level x,MMR,Myanmar,gdl_level_x,14,476,1990,2023,2023.0,476,0,0,0,gdl_shdi_lgnic_lifexp_v9,gdl_lgnic_income_proxy_plus_gdl_lifexp,proxy_observed_gdl_income_proxy,proxy_observed,gdl_shdi_lgnic_lifexp,GDL income proxy,income is GDL lgnic rather than source-country GDPpc; life expectancy is GDL harmonized regional life expectancy,,,
gdl_shdi_nam_levelx_v3,modelled_hale_experimental,Namibia / GDL SHDI level x,NAM,Namibia,gdl_level_x,13,442,1990,2023,2023.0,442,0,0,0,gdl_shdi_lgnic_lifexp_v9,gdl_lgnic_income_proxy_plus_gdl_lifexp,proxy_observed_gdl_income_proxy,proxy_observed,gdl_shdi_lgnic_lifexp,GDL income proxy,income is GDL lgnic rather than source-country GDPpc; life expectancy is GDL harmonized regional life expectancy,,,
gdl_shdi_nam_levelx_v3,official_clean,Namibia / GDL SHDI level x,NAM,Namibia,gdl_level_x,13,442,1990,2023,2023.0,442,0,0,0,gdl_shdi_lgnic_lifexp_v9,gdl_lgnic_income_proxy_plus_gdl_lifexp,proxy_observed_gdl_income_proxy,proxy_observed,gdl_shdi_lgnic_lifexp,GDL income proxy,income is GDL lgnic rather than source-country GDPpc; life expectancy is GDL harmonized regional life expectancy,,,
gdl_shdi_npl_levelx_v3,modelled_hale_experimental,Nepal / GDL SHDI level x,NPL,Nepal,gdl_level_x,7,238,1990,2023,2023.0,238,0,0,0,gdl_shdi_lgnic_lifexp_v9,gdl_lgnic_income_proxy_plus_gdl_lifexp,proxy_observed_gdl_income_proxy,proxy_observed,gdl_shdi_lgnic_lifexp,GDL income proxy,income is GDL lgnic rather than source-country GDPpc; life expectancy is GDL harmonized regional life expectancy,,,
gdl_shdi_npl_levelx_v3,official_clean,Nepal / GDL SHDI level x,NPL,Nepal,gdl_level_x,7,238,1990,2023,2023.0,238,0,0,0,gdl_shdi_lgnic_lifexp_v9,gdl_lgnic_income_proxy_plus_gdl_lifexp,proxy_observed_gdl_income_proxy,proxy_observed,gdl_shdi_lgnic_lifexp,GDL income proxy,income is GDL lgnic rather than source-country GDPpc; life expectancy is GDL harmonized regional life expectancy,,,
eu_nuts2_nld_v1,extended_experimental,Netherlands / EU NUTS2 pilot,NLD,Netherlands,nuts2,14,344,2000,2024,2024.0,242,10,0,0,eurostat_nuts2_gdppc_pps_eu27_2020_hab+eurostat_nuts2_lexp_birth_total|eurostat_nuts2_gdppc_pps_eu27_2020_hab+eurostat_nuts2_lexp_birth_total+nld_cbs_vso_h7_2022_standardized_disposable_income_gini,observed_inputs_only|observed_inputs_only+cbs_vso_h7_2022_province_gini_joined_to_nuts2_province_codes,observed_eurostat_li_no_subnational_gini_hale|observed_eurostat_li_no_subnational_gini_hale+official_observed_gini_standardized_disposable_income_private_households_excluding_students,harmonized_observed|harmonized_observed|official_observed,observed_inputs_only|observed_inputs_only+cbs_province_gini_overlay,observed source|observed regional Gini,inputs use the labelled source family shown in the provenance fields|Gini is the CBS 2022 province coefficient for standardized disposable income of private households excluding student households. Dutch provinces are NUTS2 units; Utrecht and Zuid-Holland are assigned to both old/current NUTS code versions retained in the atlas.,2022.0,,
eu_nuts2_nld_v1,modelled_hale_experimental,Netherlands / EU NUTS2 pilot,NLD,Netherlands,nuts2,14,344,2000,2024,2024.0,242,10,0,0,eurostat_nuts2_gdppc_pps_eu27_2020_hab+eurostat_nuts2_lexp_birth_total|eurostat_nuts2_gdppc_pps_eu27_2020_hab+eurostat_nuts2_lexp_birth_total+nld_cbs_vso_h7_2022_standardized_disposable_income_gini,observed_inputs_only|observed_inputs_only+cbs_vso_h7_2022_province_gini_joined_to_nuts2_province_codes,observed_eurostat_li_no_subnational_gini_hale|observed_eurostat_li_no_subnational_gini_hale+official_observed_gini_standardized_disposable_income_private_households_excluding_students,harmonized_observed|harmonized_observed|official_observed,observed_inputs_only|observed_inputs_only+cbs_province_gini_overlay,observed source|observed regional Gini,inputs use the labelled source family shown in the provenance fields|Gini is the CBS 2022 province coefficient for standardized disposable income of private households excluding student households. Dutch provinces are NUTS2 units; Utrecht and Zuid-Holland are assigned to both old/current NUTS code versions retained in the atlas.,2022.0,,
eu_nuts2_nld_v1,official_clean,Netherlands / EU NUTS2 pilot,NLD,Netherlands,nuts2,14,344,2000,2024,2024.0,242,0,0,0,eurostat_nuts2_gdppc_pps_eu27_2020_hab+eurostat_nuts2_lexp_birth_total,observed_inputs_only,observed_eurostat_li_no_subnational_gini_hale,harmonized_observed,observed_inputs_only,observed source,inputs use the labelled source family shown in the provenance fields,,,
gdl_shdi_nzl_levelx_v3,modelled_hale_experimental,New Zealand / GDL SHDI level x,NZL,New Zealand,gdl_level_x,15,510,1990,2023,2023.0,510,0,0,0,gdl_shdi_lgnic_lifexp_v9,gdl_lgnic_income_proxy_plus_gdl_lifexp,proxy_observed_gdl_income_proxy,proxy_observed,gdl_shdi_lgnic_lifexp,GDL income proxy,income is GDL lgnic rather than source-country GDPpc; life expectancy is GDL harmonized regional life expectancy,,,
gdl_shdi_nzl_levelx_v3,official_clean,New Zealand / GDL SHDI level x,NZL,New Zealand,gdl_level_x,15,510,1990,2023,2023.0,510,0,0,0,gdl_shdi_lgnic_lifexp_v9,gdl_lgnic_income_proxy_plus_gdl_lifexp,proxy_observed_gdl_income_proxy,proxy_observed,gdl_shdi_lgnic_lifexp,GDL income proxy,income is GDL lgnic rather than source-country GDPpc; life expectancy is GDL harmonized regional life expectancy,,,
gdl_shdi_nic_levelx_v3,modelled_hale_experimental,Nicaragua / GDL SHDI level x,NIC,Nicaragua,gdl_level_x,3,102,1990,2023,2023.0,102,0,0,0,gdl_shdi_lgnic_lifexp_v9,gdl_lgnic_income_proxy_plus_gdl_lifexp,proxy_observed_gdl_income_proxy,proxy_observed,gdl_shdi_lgnic_lifexp,GDL income proxy,income is GDL lgnic rather than source-country GDPpc; life expectancy is GDL harmonized regional life expectancy,,,
gdl_shdi_nic_levelx_v3,official_clean,Nicaragua / GDL SHDI level x,NIC,Nicaragua,gdl_level_x,3,102,1990,2023,2023.0,102,0,0,0,gdl_shdi_lgnic_lifexp_v9,gdl_lgnic_income_proxy_plus_gdl_lifexp,proxy_observed_gdl_income_proxy,proxy_observed,gdl_shdi_lgnic_lifexp,GDL income proxy,income is GDL lgnic rather than source-country GDPpc; life expectancy is GDL harmonized regional life expectancy,,,
gdl_shdi_ner_levelx_v3,modelled_hale_experimental,Niger / GDL SHDI level x,NER,Niger,gdl_level_x,7,238,1990,2023,2023.0,238,0,0,0,gdl_shdi_lgnic_lifexp_v9,gdl_lgnic_income_proxy_plus_gdl_lifexp,proxy_observed_gdl_income_proxy,proxy_observed,gdl_shdi_lgnic_lifexp,GDL income proxy,income is GDL lgnic rather than source-country GDPpc; life expectancy is GDL harmonized regional life expectancy,,,
gdl_shdi_ner_levelx_v3,official_clean,Niger / GDL SHDI level x,NER,Niger,gdl_level_x,7,238,1990,2023,2023.0,238,0,0,0,gdl_shdi_lgnic_lifexp_v9,gdl_lgnic_income_proxy_plus_gdl_lifexp,proxy_observed_gdl_income_proxy,proxy_observed,gdl_shdi_lgnic_lifexp,GDL income proxy,income is GDL lgnic rather than source-country GDPpc; life expectancy is GDL harmonized regional life expectancy,,,
gdl_shdi_nga_levelx_v3,modelled_hale_experimental,Nigeria / GDL SHDI level x,NGA,Nigeria,gdl_level_x,37,777,2003,2023,2023.0,777,0,533,0,gdl_shdi_lgnic_lifexp_v9+ihme_gbd_2023_subnational_hale_modelled|gdl_shdi_lgnic_lifexp_v9,gdl_lgnic_income_proxy_plus_gdl_lifexp+modelled_ihme_gbd_hale_age22_all_ages_subnational_bridge|gdl_lgnic_income_proxy_plus_gdl_lifexp,proxy_observed_gdl_income_proxy+ihme_modelled_hale_age_id_22_all_ages_metric_years_subnational_bridge|proxy_observed_gdl_income_proxy,proxy_observed|modelled|proxy_observed,gdl_shdi_lgnic_lifexp+modelled_ihme_gbd_hale_age22_all_ages_subnational_bridge|gdl_shdi_lgnic_lifexp,GDL income proxy|IHME modelled HALE,income is GDL lgnic rather than source-country GDPpc; life expectancy is GDL harmonized regional life expectancy|HALE is IHME/GBD modelled subnational HALE joined through a documented region bridge,,2023.0,
gdl_shdi_nga_levelx_v3,official_clean,Nigeria / GDL SHDI level x,NGA,Nigeria,gdl_level_x,37,777,2003,2023,2023.0,777,0,0,0,gdl_shdi_lgnic_lifexp_v9,gdl_lgnic_income_proxy_plus_gdl_lifexp,proxy_observed_gdl_income_proxy,proxy_observed,gdl_shdi_lgnic_lifexp,GDL income proxy,income is GDL lgnic rather than source-country GDPpc; life expectancy is GDL harmonized regional life expectancy,,,
gdl_shdi_mkd_levelx_v3,modelled_hale_experimental,North Macedonia / GDL SHDI level x,MKD,North Macedonia,gdl_level_x,8,192,2000,2023,2023.0,192,0,0,0,gdl_shdi_lgnic_lifexp_v9,gdl_lgnic_income_proxy_plus_gdl_lifexp,proxy_observed_gdl_income_proxy,proxy_observed,gdl_shdi_lgnic_lifexp,GDL income proxy,income is GDL lgnic rather than source-country GDPpc; life expectancy is GDL harmonized regional life expectancy,,,
gdl_shdi_mkd_levelx_v3,official_clean,North Macedonia / GDL SHDI level x,MKD,North Macedonia,gdl_level_x,8,192,2000,2023,2023.0,192,0,0,0,gdl_shdi_lgnic_lifexp_v9,gdl_lgnic_income_proxy_plus_gdl_lifexp,proxy_observed_gdl_income_proxy,proxy_observed,gdl_shdi_lgnic_lifexp,GDL income proxy,income is GDL lgnic rather than source-country GDPpc; life expectancy is GDL harmonized regional life expectancy,,,
gdl_shdi_nor_levelx_v3,modelled_hale_experimental,Norway / GDL SHDI level x,NOR,Norway,gdl_level_x,7,238,1990,2023,2023.0,238,0,238,0,gdl_shdi_lgnic_lifexp_v9+ihme_gbd_2023_subnational_hale_modelled,gdl_lgnic_income_proxy_plus_gdl_lifexp+modelled_ihme_gbd_hale_age22_all_ages_grouped_geography_proxy|gdl_lgnic_income_proxy_plus_gdl_lifexp+modelled_ihme_gbd_hale_age22_all_ages_subnational_bridge,proxy_observed_gdl_income_proxy+ihme_modelled_hale_grouped_locations_mean_geography_proxy|proxy_observed_gdl_income_proxy+ihme_modelled_hale_age_id_22_all_ages_metric_years_subnational_bridge,proxy_observed|modelled,gdl_shdi_lgnic_lifexp+modelled_ihme_gbd_hale_age22_all_ages_grouped_geography_proxy|gdl_shdi_lgnic_lifexp+modelled_ihme_gbd_hale_age22_all_ages_subnational_bridge,GDL income proxy|IHME modelled HALE|geography proxy,income is GDL lgnic rather than source-country GDPpc; life expectancy is GDL harmonized regional life expectancy|HALE is the unweighted mean of grouped IHME/GBD modelled subnational component locations assigned to the broader atlas region|HALE is IHME/GBD modelled subnational HALE joined through a documented region bridge,,2023.0,
gdl_shdi_nor_levelx_v3,official_clean,Norway / GDL SHDI level x,NOR,Norway,gdl_level_x,7,238,1990,2023,2023.0,238,0,0,0,gdl_shdi_lgnic_lifexp_v9,gdl_lgnic_income_proxy_plus_gdl_lifexp,proxy_observed_gdl_income_proxy,proxy_observed,gdl_shdi_lgnic_lifexp,GDL income proxy,income is GDL lgnic rather than source-country GDPpc; life expectancy is GDL harmonized regional life expectancy,,,
gdl_shdi_pak_levelx_v3,modelled_hale_experimental,Pakistan / GDL SHDI level x,PAK,Pakistan,gdl_level_x,8,272,1990,2023,2023.0,272,0,238,0,gdl_shdi_lgnic_lifexp_v9+ihme_gbd_2023_subnational_hale_modelled|gdl_shdi_lgnic_lifexp_v9,gdl_lgnic_income_proxy_plus_gdl_lifexp+modelled_ihme_gbd_hale_age22_all_ages_subnational_bridge|gdl_lgnic_income_proxy_plus_gdl_lifexp,proxy_observed_gdl_income_proxy+ihme_modelled_hale_age_id_22_all_ages_metric_years_subnational_bridge|proxy_observed_gdl_income_proxy,proxy_observed|modelled|proxy_observed,gdl_shdi_lgnic_lifexp+modelled_ihme_gbd_hale_age22_all_ages_subnational_bridge|gdl_shdi_lgnic_lifexp,GDL income proxy|IHME modelled HALE,income is GDL lgnic rather than source-country GDPpc; life expectancy is GDL harmonized regional life expectancy|HALE is IHME/GBD modelled subnational HALE joined through a documented region bridge,,2023.0,
gdl_shdi_pak_levelx_v3,official_clean,Pakistan / GDL SHDI level x,PAK,Pakistan,gdl_level_x,8,272,1990,2023,2023.0,272,0,0,0,gdl_shdi_lgnic_lifexp_v9,gdl_lgnic_income_proxy_plus_gdl_lifexp,proxy_observed_gdl_income_proxy,proxy_observed,gdl_shdi_lgnic_lifexp,GDL income proxy,income is GDL lgnic rather than source-country GDPpc; life expectancy is GDL harmonized regional life expectancy,,,
gdl_shdi_pse_levelx_v3,modelled_hale_experimental,Palestine / GDL SHDI level x,PSE,Palestine,gdl_level_x,16,320,2004,2023,2023.0,320,0,0,0,gdl_shdi_lgnic_lifexp_v9,gdl_lgnic_income_proxy_plus_gdl_lifexp,proxy_observed_gdl_income_proxy,proxy_observed,gdl_shdi_lgnic_lifexp,GDL income proxy,income is GDL lgnic rather than source-country GDPpc; life expectancy is GDL harmonized regional life expectancy,,,
gdl_shdi_pse_levelx_v3,official_clean,Palestine / GDL SHDI level x,PSE,Palestine,gdl_level_x,16,320,2004,2023,2023.0,320,0,0,0,gdl_shdi_lgnic_lifexp_v9,gdl_lgnic_income_proxy_plus_gdl_lifexp,proxy_observed_gdl_income_proxy,proxy_observed,gdl_shdi_lgnic_lifexp,GDL income proxy,income is GDL lgnic rather than source-country GDPpc; life expectancy is GDL harmonized regional life expectancy,,,
gdl_shdi_pan_levelx_v3,modelled_hale_experimental,Panama / GDL SHDI level x,PAN,Panama,gdl_level_x,12,408,1990,2023,2023.0,408,0,0,0,gdl_shdi_lgnic_lifexp_v9,gdl_lgnic_income_proxy_plus_gdl_lifexp,proxy_observed_gdl_income_proxy,proxy_observed,gdl_shdi_lgnic_lifexp,GDL income proxy,income is GDL lgnic rather than source-country GDPpc; life expectancy is GDL harmonized regional life expectancy,,,
gdl_shdi_pan_levelx_v3,official_clean,Panama / GDL SHDI level x,PAN,Panama,gdl_level_x,12,408,1990,2023,2023.0,408,0,0,0,gdl_shdi_lgnic_lifexp_v9,gdl_lgnic_income_proxy_plus_gdl_lifexp,proxy_observed_gdl_income_proxy,proxy_observed,gdl_shdi_lgnic_lifexp,GDL income proxy,income is GDL lgnic rather than source-country GDPpc; life expectancy is GDL harmonized regional life expectancy,,,
gdl_shdi_png_levelx_v3,modelled_hale_experimental,Papua New Guinea / GDL SHDI level x,PNG,Papua New Guinea,gdl_level_x,22,748,1990,2023,2023.0,748,0,0,0,gdl_shdi_lgnic_lifexp_v9,gdl_lgnic_income_proxy_plus_gdl_lifexp,proxy_observed_gdl_income_proxy,proxy_observed,gdl_shdi_lgnic_lifexp,GDL income proxy,income is GDL lgnic rather than source-country GDPpc; life expectancy is GDL harmonized regional life expectancy,,,
gdl_shdi_png_levelx_v3,official_clean,Papua New Guinea / GDL SHDI level x,PNG,Papua New Guinea,gdl_level_x,22,748,1990,2023,2023.0,748,0,0,0,gdl_shdi_lgnic_lifexp_v9,gdl_lgnic_income_proxy_plus_gdl_lifexp,proxy_observed_gdl_income_proxy,proxy_observed,gdl_shdi_lgnic_lifexp,GDL income proxy,income is GDL lgnic rather than source-country GDPpc; life expectancy is GDL harmonized regional life expectancy,,,
gdl_shdi_pry_levelx_v3,modelled_hale_experimental,Paraguay / GDL SHDI level x,PRY,Paraguay,gdl_level_x,5,170,1990,2023,2023.0,170,0,0,0,gdl_shdi_lgnic_lifexp_v9,gdl_lgnic_income_proxy_plus_gdl_lifexp,proxy_observed_gdl_income_proxy,proxy_observed,gdl_shdi_lgnic_lifexp,GDL income proxy,income is GDL lgnic rather than source-country GDPpc; life expectancy is GDL harmonized regional life expectancy,,,
gdl_shdi_pry_levelx_v3,official_clean,Paraguay / GDL SHDI level x,PRY,Paraguay,gdl_level_x,5,170,1990,2023,2023.0,170,0,0,0,gdl_shdi_lgnic_lifexp_v9,gdl_lgnic_income_proxy_plus_gdl_lifexp,proxy_observed_gdl_income_proxy,proxy_observed,gdl_shdi_lgnic_lifexp,GDL income proxy,income is GDL lgnic rather than source-country GDPpc; life expectancy is GDL harmonized regional life expectancy,,,
gdl_shdi_per_levelx_v3,modelled_hale_experimental,Peru / GDL SHDI level x,PER,Peru,gdl_level_x,6,204,1990,2023,2023.0,204,0,0,0,gdl_shdi_lgnic_lifexp_v9,gdl_lgnic_income_proxy_plus_gdl_lifexp,proxy_observed_gdl_income_proxy,proxy_observed,gdl_shdi_lgnic_lifexp,GDL income proxy,income is GDL lgnic rather than source-country GDPpc; life expectancy is GDL harmonized regional life expectancy,,,
gdl_shdi_per_levelx_v3,official_clean,Peru / GDL SHDI level x,PER,Peru,gdl_level_x,6,204,1990,2023,2023.0,204,0,0,0,gdl_shdi_lgnic_lifexp_v9,gdl_lgnic_income_proxy_plus_gdl_lifexp,proxy_observed_gdl_income_proxy,proxy_observed,gdl_shdi_lgnic_lifexp,GDL income proxy,income is GDL lgnic rather than source-country GDPpc; life expectancy is GDL harmonized regional life expectancy,,,
gdl_shdi_phl_levelx_v3,modelled_hale_experimental,Philippines / GDL SHDI level x,PHL,Philippines,gdl_level_x,17,578,1990,2023,2023.0,578,0,566,0,gdl_shdi_lgnic_lifexp_v9+ihme_gbd_2023_subnational_hale_modelled|gdl_shdi_lgnic_lifexp_v9,gdl_lgnic_income_proxy_plus_gdl_lifexp+modelled_ihme_gbd_hale_age22_all_ages_subnational_bridge|gdl_lgnic_income_proxy_plus_gdl_lifexp+modelled_ihme_gbd_hale_age22_all_ages_grouped_geography_proxy|gdl_lgnic_income_proxy_plus_gdl_lifexp,proxy_observed_gdl_income_proxy+ihme_modelled_hale_age_id_22_all_ages_metric_years_subnational_bridge|proxy_observed_gdl_income_proxy+ihme_modelled_hale_grouped_locations_mean_geography_proxy|proxy_observed_gdl_income_proxy,proxy_observed|modelled|proxy_observed,gdl_shdi_lgnic_lifexp+modelled_ihme_gbd_hale_age22_all_ages_subnational_bridge|gdl_shdi_lgnic_lifexp+modelled_ihme_gbd_hale_age22_all_ages_grouped_geography_proxy|gdl_shdi_lgnic_lifexp,GDL income proxy|IHME modelled HALE|geography proxy,income is GDL lgnic rather than source-country GDPpc; life expectancy is GDL harmonized regional life expectancy|HALE is IHME/GBD modelled subnational HALE joined through a documented region bridge|HALE is the unweighted mean of grouped IHME/GBD modelled subnational component locations assigned to the broader atlas region,,2023.0,
gdl_shdi_phl_levelx_v3,official_clean,Philippines / GDL SHDI level x,PHL,Philippines,gdl_level_x,17,578,1990,2023,2023.0,578,0,0,0,gdl_shdi_lgnic_lifexp_v9,gdl_lgnic_income_proxy_plus_gdl_lifexp,proxy_observed_gdl_income_proxy,proxy_observed,gdl_shdi_lgnic_lifexp,GDL income proxy,income is GDL lgnic rather than source-country GDPpc; life expectancy is GDL harmonized regional life expectancy,,,
eu_nuts2_pol_v1,extended_experimental,Poland / EU NUTS2 pilot,POL,Poland,nuts2,17,425,2000,2024,2024.0,322,17,0,0,eurostat_nuts2_gdppc_pps_eu27_2020_hab+eurostat_nuts2_lexp_birth_total+ihme_gbd_2023_subnational_hale_modelled|eurostat_nuts2_gdppc_pps_eu27_2020_hab+eurostat_nuts2_lexp_birth_total+gus_poland_eusilc_2022_nuts2_gini_pdf+ihme_gbd_2023_subnational_hale_modelled|eurostat_nuts2_gdppc_pps_eu27_2020_hab+eurostat_nuts2_lexp_birth_total,observed_inputs_only+modelled_ihme_gbd_hale_age22_all_ages_exact_location_join|observed_inputs_only+observed_pdf_table_gini_transcribed_exact_nuts2_join+modelled_ihme_gbd_hale_age22_all_ages_exact_location_join|observed_inputs_only|observed_inputs_only+modelled_ihme_gbd_hale_age22_all_ages_geography_proxy_fanout|observed_inputs_only+observed_pdf_table_gini_transcribed_exact_nuts2_join+modelled_ihme_gbd_hale_age22_all_ages_geography_proxy_fanout,observed_eurostat_li_no_subnational_gini_hale+ihme_modelled_hale_age_id_22_all_ages_metric_years_exact_location|observed_eurostat_li_no_subnational_gini_hale+official_gus_eusilc_2022_pdf_table_transcription+ihme_modelled_hale_age_id_22_all_ages_metric_years_exact_location|observed_eurostat_li_no_subnational_gini_hale|observed_eurostat_li_no_subnational_gini_hale+ihme_modelled_hale_age_id_22_all_ages_metric_years_geography_proxy|observed_eurostat_li_no_subnational_gini_hale+official_gus_eusilc_2022_pdf_table_transcription+ihme_modelled_hale_age_id_22_all_ages_metric_years_geography_proxy,modelled|harmonized_observed,observed_inputs_only+modelled_ihme_gbd_hale_age22_all_ages_exact_location_join|observed_inputs_only+observed_pdf_table_gini_transcribed_exact_nuts2_join+modelled_ihme_gbd_hale_age22_all_ages_exact_location_join|observed_inputs_only|observed_inputs_only+modelled_ihme_gbd_hale_age22_all_ages_geography_proxy_fanout|observed_inputs_only+observed_pdf_table_gini_transcribed_exact_nuts2_join+modelled_ihme_gbd_hale_age22_all_ages_geography_proxy_fanout,IHME modelled HALE|observed source,inputs use the labelled source family shown in the provenance fields,2022.0,,
eu_nuts2_pol_v1,modelled_hale_experimental,Poland / EU NUTS2 pilot,POL,Poland,nuts2,17,425,2000,2024,2024.0,322,17,425,17,eurostat_nuts2_gdppc_pps_eu27_2020_hab+eurostat_nuts2_lexp_birth_total+ihme_gbd_2023_subnational_hale_modelled|eurostat_nuts2_gdppc_pps_eu27_2020_hab+eurostat_nuts2_lexp_birth_total+pol_gus_hle_voivodeship_2009_2024_xlsx|eurostat_nuts2_gdppc_pps_eu27_2020_hab+eurostat_nuts2_lexp_birth_total+gus_poland_eusilc_2022_nuts2_gini_pdf+pol_gus_hle_voivodeship_2009_2024_xlsx,observed_inputs_only+modelled_ihme_gbd_hale_age22_all_ages_exact_location_join|observed_inputs_only+gus_hly0_voivodeship_sex_average_exact_nuts2_join|observed_inputs_only+observed_pdf_table_gini_transcribed_exact_nuts2_join+gus_hly0_voivodeship_sex_average_exact_nuts2_join|observed_inputs_only+modelled_ihme_gbd_hale_age22_all_ages_geography_proxy_fanout|observed_inputs_only+gus_hly0_voivodeship_sex_average_broader_mazowieckie_split_region_proxy|observed_inputs_only+observed_pdf_table_gini_transcribed_exact_nuts2_join+gus_hly0_voivodeship_sex_average_broader_mazowieckie_split_region_proxy,observed_eurostat_li_no_subnational_gini_hale+ihme_modelled_hale_age_id_22_all_ages_metric_years_exact_location|observed_eurostat_li_no_subnational_gini_hale+official_hle_sex_average_proxy_exact_nuts2|observed_eurostat_li_no_subnational_gini_hale+official_gus_eusilc_2022_pdf_table_transcription+official_hle_sex_average_proxy_exact_nuts2|observed_eurostat_li_no_subnational_gini_hale+ihme_modelled_hale_age_id_22_all_ages_metric_years_geography_proxy|observed_eurostat_li_no_subnational_gini_hale+official_hle_sex_average_proxy_broader_voivodeship_assigned_to_split_nuts2|observed_eurostat_li_no_subnational_gini_hale+official_gus_eusilc_2022_pdf_table_transcription+official_hle_sex_average_proxy_broader_voivodeship_assigned_to_split_nuts2,modelled|official_observed|proxy_observed|harmonized_observed|official_observed|proxy_observed,observed_inputs_only+modelled_ihme_gbd_hale_age22_all_ages_exact_location_join|observed_inputs_only+gus_hly0_voivodeship_sex_average_exact_nuts2_join|observed_inputs_only+observed_pdf_table_gini_transcribed_exact_nuts2_join+gus_hly0_voivodeship_sex_average_exact_nuts2_join|observed_inputs_only+modelled_ihme_gbd_hale_age22_all_ages_geography_proxy_fanout|observed_inputs_only+gus_hly0_voivodeship_sex_average_broader_mazowieckie_split_region_proxy|observed_inputs_only+observed_pdf_table_gini_transcribed_exact_nuts2_join+gus_hly0_voivodeship_sex_average_broader_mazowieckie_split_region_proxy,IHME modelled HALE|observed source|HLE proxy|sex-average proxy|geography proxy,inputs use the labelled source family shown in the provenance fields|HLE is Statistics Poland HLY_0 at birth by voivodeship; all-sex value is the arithmetic mean of male and female HLY_0|HLE is Statistics Poland HLY_0 for broader Mazowieckie voivodeship assigned to both PL91 and PL92 because the atlas uses split NUTS2 regions,2022.0,2024.0,2022.0
eu_nuts2_pol_v1,official_clean,Poland / EU NUTS2 pilot,POL,Poland,nuts2,17,425,2000,2024,2024.0,322,0,0,0,eurostat_nuts2_gdppc_pps_eu27_2020_hab+eurostat_nuts2_lexp_birth_total+ihme_gbd_2023_subnational_hale_modelled|eurostat_nuts2_gdppc_pps_eu27_2020_hab+eurostat_nuts2_lexp_birth_total+gus_poland_eusilc_2022_nuts2_gini_pdf+ihme_gbd_2023_subnational_hale_modelled|eurostat_nuts2_gdppc_pps_eu27_2020_hab+eurostat_nuts2_lexp_birth_total,observed_inputs_only+modelled_ihme_gbd_hale_age22_all_ages_exact_location_join|observed_inputs_only+observed_pdf_table_gini_transcribed_exact_nuts2_join+modelled_ihme_gbd_hale_age22_all_ages_exact_location_join|observed_inputs_only|observed_inputs_only+modelled_ihme_gbd_hale_age22_all_ages_geography_proxy_fanout|observed_inputs_only+observed_pdf_table_gini_transcribed_exact_nuts2_join+modelled_ihme_gbd_hale_age22_all_ages_geography_proxy_fanout,observed_eurostat_li_no_subnational_gini_hale+ihme_modelled_hale_age_id_22_all_ages_metric_years_exact_location|observed_eurostat_li_no_subnational_gini_hale+official_gus_eusilc_2022_pdf_table_transcription+ihme_modelled_hale_age_id_22_all_ages_metric_years_exact_location|observed_eurostat_li_no_subnational_gini_hale|observed_eurostat_li_no_subnational_gini_hale+ihme_modelled_hale_age_id_22_all_ages_metric_years_geography_proxy|observed_eurostat_li_no_subnational_gini_hale+official_gus_eusilc_2022_pdf_table_transcription+ihme_modelled_hale_age_id_22_all_ages_metric_years_geography_proxy,modelled|harmonized_observed,observed_inputs_only+modelled_ihme_gbd_hale_age22_all_ages_exact_location_join|observed_inputs_only+observed_pdf_table_gini_transcribed_exact_nuts2_join+modelled_ihme_gbd_hale_age22_all_ages_exact_location_join|observed_inputs_only|observed_inputs_only+modelled_ihme_gbd_hale_age22_all_ages_geography_proxy_fanout|observed_inputs_only+observed_pdf_table_gini_transcribed_exact_nuts2_join+modelled_ihme_gbd_hale_age22_all_ages_geography_proxy_fanout,IHME modelled HALE|observed source,inputs use the labelled source family shown in the provenance fields,,,
eu_nuts2_prt_v1,extended_experimental,Portugal / EU NUTS2 pilot,PRT,Portugal,nuts2,12,294,2000,2024,2023.0,101,28,0,0,eurostat_nuts2_gdppc_pps_eu27_2020_hab+eurostat_nuts2_lexp_birth_total|eurostat_nuts2_gdppc_pps_eu27_2020_hab+eurostat_nuts2_lexp_birth_total+ine_pt_0009941_gini_html_table,observed_inputs_only|observed_inputs_only+observed_html_table_extraction,observed_eurostat_li_no_subnational_gini_hale|observed_eurostat_li_no_subnational_gini_hale+official_stat_pt_starred_table_value|observed_eurostat_li_no_subnational_gini_hale+official_stat_pt_html_table,harmonized_observed,observed_inputs_only|observed_inputs_only+observed_html_table_extraction,observed source,inputs use the labelled source family shown in the provenance fields,2021.0,,
eu_nuts2_prt_v1,modelled_hale_experimental,Portugal / EU NUTS2 pilot,PRT,Portugal,nuts2,12,294,2000,2024,2023.0,101,28,0,0,eurostat_nuts2_gdppc_pps_eu27_2020_hab+eurostat_nuts2_lexp_birth_total|eurostat_nuts2_gdppc_pps_eu27_2020_hab+eurostat_nuts2_lexp_birth_total+ine_pt_0009941_gini_html_table,observed_inputs_only|observed_inputs_only+observed_html_table_extraction,observed_eurostat_li_no_subnational_gini_hale|observed_eurostat_li_no_subnational_gini_hale+official_stat_pt_starred_table_value|observed_eurostat_li_no_subnational_gini_hale+official_stat_pt_html_table,harmonized_observed,observed_inputs_only|observed_inputs_only+observed_html_table_extraction,observed source,inputs use the labelled source family shown in the provenance fields,2021.0,,
eu_nuts2_prt_v1,official_clean,Portugal / EU NUTS2 pilot,PRT,Portugal,nuts2,12,294,2000,2024,2023.0,101,0,0,0,eurostat_nuts2_gdppc_pps_eu27_2020_hab+eurostat_nuts2_lexp_birth_total|eurostat_nuts2_gdppc_pps_eu27_2020_hab+eurostat_nuts2_lexp_birth_total+ine_pt_0009941_gini_html_table,observed_inputs_only|observed_inputs_only+observed_html_table_extraction,observed_eurostat_li_no_subnational_gini_hale|observed_eurostat_li_no_subnational_gini_hale+official_stat_pt_starred_table_value|observed_eurostat_li_no_subnational_gini_hale+official_stat_pt_html_table,harmonized_observed,observed_inputs_only|observed_inputs_only+observed_html_table_extraction,observed source,inputs use the labelled source family shown in the provenance fields,,,
eu_nuts2_rou_v1,extended_experimental,Romania / EU NUTS2 pilot,ROU,Romania,nuts2,8,184,2000,2024,2024.0,104,0,0,0,eurostat_nuts2_gdppc_pps_eu27_2020_hab+eurostat_nuts2_lexp_birth_total,observed_inputs_only,observed_eurostat_li_no_subnational_gini_hale,harmonized_observed,observed_inputs_only,observed source,inputs use the labelled source family shown in the provenance fields,,,
eu_nuts2_rou_v1,modelled_hale_experimental,Romania / EU NUTS2 pilot,ROU,Romania,nuts2,8,184,2000,2024,2024.0,104,0,0,0,eurostat_nuts2_gdppc_pps_eu27_2020_hab+eurostat_nuts2_lexp_birth_total,observed_inputs_only,observed_eurostat_li_no_subnational_gini_hale,harmonized_observed,observed_inputs_only,observed source,inputs use the labelled source family shown in the provenance fields,,,
eu_nuts2_rou_v1,official_clean,Romania / EU NUTS2 pilot,ROU,Romania,nuts2,8,184,2000,2024,2024.0,104,0,0,0,eurostat_nuts2_gdppc_pps_eu27_2020_hab+eurostat_nuts2_lexp_birth_total,observed_inputs_only,observed_eurostat_li_no_subnational_gini_hale,harmonized_observed,observed_inputs_only,observed source,inputs use the labelled source family shown in the provenance fields,,,
gdl_shdi_rus_levelx_v3,modelled_hale_experimental,Russian Federation / GDL SHDI level x,RUS,Russian Federation,gdl_level_x,8,272,1990,2023,2023.0,272,0,0,0,gdl_shdi_lgnic_lifexp_v9,gdl_lgnic_income_proxy_plus_gdl_lifexp,proxy_observed_gdl_income_proxy,proxy_observed,gdl_shdi_lgnic_lifexp,GDL income proxy,income is GDL lgnic rather than source-country GDPpc; life expectancy is GDL harmonized regional life expectancy,,,
gdl_shdi_rus_levelx_v3,official_clean,Russian Federation / GDL SHDI level x,RUS,Russian Federation,gdl_level_x,8,272,1990,2023,2023.0,272,0,0,0,gdl_shdi_lgnic_lifexp_v9,gdl_lgnic_income_proxy_plus_gdl_lifexp,proxy_observed_gdl_income_proxy,proxy_observed,gdl_shdi_lgnic_lifexp,GDL income proxy,income is GDL lgnic rather than source-country GDPpc; life expectancy is GDL harmonized regional life expectancy,,,
gdl_shdi_rwa_levelx_v3,modelled_hale_experimental,Rwanda / GDL SHDI level x,RWA,Rwanda,gdl_level_x,5,170,1990,2023,2023.0,170,0,0,0,gdl_shdi_lgnic_lifexp_v9,gdl_lgnic_income_proxy_plus_gdl_lifexp,proxy_observed_gdl_income_proxy,proxy_observed,gdl_shdi_lgnic_lifexp,GDL income proxy,income is GDL lgnic rather than source-country GDPpc; life expectancy is GDL harmonized regional life expectancy,,,
gdl_shdi_rwa_levelx_v3,official_clean,Rwanda / GDL SHDI level x,RWA,Rwanda,gdl_level_x,5,170,1990,2023,2023.0,170,0,0,0,gdl_shdi_lgnic_lifexp_v9,gdl_lgnic_income_proxy_plus_gdl_lifexp,proxy_observed_gdl_income_proxy,proxy_observed,gdl_shdi_lgnic_lifexp,GDL income proxy,income is GDL lgnic rather than source-country GDPpc; life expectancy is GDL harmonized regional life expectancy,,,
gdl_shdi_lca_levelx_v3,modelled_hale_experimental,Saint Lucia / GDL SHDI level x,LCA,Saint Lucia,gdl_level_x,2,48,2000,2023,2023.0,48,0,0,0,gdl_shdi_lgnic_lifexp_v9,gdl_lgnic_income_proxy_plus_gdl_lifexp,proxy_observed_gdl_income_proxy,proxy_observed,gdl_shdi_lgnic_lifexp,GDL income proxy,income is GDL lgnic rather than source-country GDPpc; life expectancy is GDL harmonized regional life expectancy,,,
gdl_shdi_lca_levelx_v3,official_clean,Saint Lucia / GDL SHDI level x,LCA,Saint Lucia,gdl_level_x,2,48,2000,2023,2023.0,48,0,0,0,gdl_shdi_lgnic_lifexp_v9,gdl_lgnic_income_proxy_plus_gdl_lifexp,proxy_observed_gdl_income_proxy,proxy_observed,gdl_shdi_lgnic_lifexp,GDL income proxy,income is GDL lgnic rather than source-country GDPpc; life expectancy is GDL harmonized regional life expectancy,,,
gdl_shdi_wsm_levelx_v3,modelled_hale_experimental,Samoa / GDL SHDI level x,WSM,Samoa,gdl_level_x,4,116,1995,2023,2023.0,116,0,0,0,gdl_shdi_lgnic_lifexp_v9,gdl_lgnic_income_proxy_plus_gdl_lifexp,proxy_observed_gdl_income_proxy,proxy_observed,gdl_shdi_lgnic_lifexp,GDL income proxy,income is GDL lgnic rather than source-country GDPpc; life expectancy is GDL harmonized regional life expectancy,,,
gdl_shdi_wsm_levelx_v3,official_clean,Samoa / GDL SHDI level x,WSM,Samoa,gdl_level_x,4,116,1995,2023,2023.0,116,0,0,0,gdl_shdi_lgnic_lifexp_v9,gdl_lgnic_income_proxy_plus_gdl_lifexp,proxy_observed_gdl_income_proxy,proxy_observed,gdl_shdi_lgnic_lifexp,GDL income proxy,income is GDL lgnic rather than source-country GDPpc; life expectancy is GDL harmonized regional life expectancy,,,
gdl_shdi_stp_levelx_v3,modelled_hale_experimental,Sao Tome & Principe / GDL SHDI level x,STP,Sao Tome & Principe,gdl_level_x,4,136,1990,2023,2023.0,136,0,0,0,gdl_shdi_lgnic_lifexp_v9,gdl_lgnic_income_proxy_plus_gdl_lifexp,proxy_observed_gdl_income_proxy,proxy_observed,gdl_shdi_lgnic_lifexp,GDL income proxy,income is GDL lgnic rather than source-country GDPpc; life expectancy is GDL harmonized regional life expectancy,,,
gdl_shdi_stp_levelx_v3,official_clean,Sao Tome & Principe / GDL SHDI level x,STP,Sao Tome & Principe,gdl_level_x,4,136,1990,2023,2023.0,136,0,0,0,gdl_shdi_lgnic_lifexp_v9,gdl_lgnic_income_proxy_plus_gdl_lifexp,proxy_observed_gdl_income_proxy,proxy_observed,gdl_shdi_lgnic_lifexp,GDL income proxy,income is GDL lgnic rather than source-country GDPpc; life expectancy is GDL harmonized regional life expectancy,,,
gdl_shdi_sau_levelx_v3,extended_experimental,Saudi Arabia / GDL SHDI level x,SAU,Saudi Arabia,gdl_level_x,5,5,2018,2018,2018.0,5,5,0,0,gdl_shdi_lgnic_lifexp_v9+sau_gastat_hies_2018_expenditure_gini_pdf_chart,gdl_lgnic_income_proxy_plus_gdl_lifexp+gastat_2018_figure20_expenditure_gini_visual_extraction_grouped_to_gdl_region_mean,proxy_observed_gdl_income_proxy+experimental_proxy_expenditure_gini_visual_pdf_chart_unweighted_group_mean,proxy_observed|approximation_candidate,gdl_shdi_lgnic_lifexp+gastat_expenditure_gini_grouped_proxy,GDL income proxy|expenditure-Gini proxy|geography proxy,"income is GDL lgnic rather than source-country GDPpc; life expectancy is GDL harmonized regional life expectancy|Gini is GASTAT household expenditure Gini from Figure 20, visually extracted from the official PDF chart and averaged over component administrative regions to match the broader GDL regional geography.",2018.0,,
gdl_shdi_sau_levelx_v3,modelled_hale_experimental,Saudi Arabia / GDL SHDI level x,SAU,Saudi Arabia,gdl_level_x,5,170,1990,2023,2023.0,170,5,0,0,gdl_shdi_lgnic_lifexp_v9|gdl_shdi_lgnic_lifexp_v9+sau_gastat_hies_2018_expenditure_gini_pdf_chart,gdl_lgnic_income_proxy_plus_gdl_lifexp|gdl_lgnic_income_proxy_plus_gdl_lifexp+gastat_2018_figure20_expenditure_gini_visual_extraction_grouped_to_gdl_region_mean,proxy_observed_gdl_income_proxy|proxy_observed_gdl_income_proxy+experimental_proxy_expenditure_gini_visual_pdf_chart_unweighted_group_mean,proxy_observed|proxy_observed|approximation_candidate,gdl_shdi_lgnic_lifexp|gdl_shdi_lgnic_lifexp+gastat_expenditure_gini_grouped_proxy,GDL income proxy|expenditure-Gini proxy|geography proxy,"income is GDL lgnic rather than source-country GDPpc; life expectancy is GDL harmonized regional life expectancy|Gini is GASTAT household expenditure Gini from Figure 20, visually extracted from the official PDF chart and averaged over component administrative regions to match the broader GDL regional geography.",2018.0,,
gdl_shdi_sau_levelx_v3,official_clean,Saudi Arabia / GDL SHDI level x,SAU,Saudi Arabia,gdl_level_x,5,170,1990,2023,2023.0,170,0,0,0,gdl_shdi_lgnic_lifexp_v9,gdl_lgnic_income_proxy_plus_gdl_lifexp,proxy_observed_gdl_income_proxy,proxy_observed,gdl_shdi_lgnic_lifexp,GDL income proxy,income is GDL lgnic rather than source-country GDPpc; life expectancy is GDL harmonized regional life expectancy,,,
gdl_shdi_sen_levelx_v3,modelled_hale_experimental,Senegal / GDL SHDI level x,SEN,Senegal,gdl_level_x,10,340,1990,2023,2023.0,340,0,0,0,gdl_shdi_lgnic_lifexp_v9,gdl_lgnic_income_proxy_plus_gdl_lifexp,proxy_observed_gdl_income_proxy,proxy_observed,gdl_shdi_lgnic_lifexp,GDL income proxy,income is GDL lgnic rather than source-country GDPpc; life expectancy is GDL harmonized regional life expectancy,,,
gdl_shdi_sen_levelx_v3,official_clean,Senegal / GDL SHDI level x,SEN,Senegal,gdl_level_x,10,340,1990,2023,2023.0,340,0,0,0,gdl_shdi_lgnic_lifexp_v9,gdl_lgnic_income_proxy_plus_gdl_lifexp,proxy_observed_gdl_income_proxy,proxy_observed,gdl_shdi_lgnic_lifexp,GDL income proxy,income is GDL lgnic rather than source-country GDPpc; life expectancy is GDL harmonized regional life expectancy,,,
gdl_shdi_srb_levelx_v3,modelled_hale_experimental,Serbia / GDL SHDI level x,SRB,Serbia,gdl_level_x,4,116,1995,2023,2023.0,116,0,0,0,gdl_shdi_lgnic_lifexp_v9,gdl_lgnic_income_proxy_plus_gdl_lifexp,proxy_observed_gdl_income_proxy,proxy_observed,gdl_shdi_lgnic_lifexp,GDL income proxy,income is GDL lgnic rather than source-country GDPpc; life expectancy is GDL harmonized regional life expectancy,,,
gdl_shdi_srb_levelx_v3,official_clean,Serbia / GDL SHDI level x,SRB,Serbia,gdl_level_x,4,116,1995,2023,2023.0,116,0,0,0,gdl_shdi_lgnic_lifexp_v9,gdl_lgnic_income_proxy_plus_gdl_lifexp,proxy_observed_gdl_income_proxy,proxy_observed,gdl_shdi_lgnic_lifexp,GDL income proxy,income is GDL lgnic rather than source-country GDPpc; life expectancy is GDL harmonized regional life expectancy,,,
gdl_shdi_sle_levelx_v3,modelled_hale_experimental,Sierra Leone / GDL SHDI level x,SLE,Sierra Leone,gdl_level_x,14,476,1990,2023,2023.0,476,0,0,0,gdl_shdi_lgnic_lifexp_v9,gdl_lgnic_income_proxy_plus_gdl_lifexp,proxy_observed_gdl_income_proxy,proxy_observed,gdl_shdi_lgnic_lifexp,GDL income proxy,income is GDL lgnic rather than source-country GDPpc; life expectancy is GDL harmonized regional life expectancy,,,
gdl_shdi_sle_levelx_v3,official_clean,Sierra Leone / GDL SHDI level x,SLE,Sierra Leone,gdl_level_x,14,476,1990,2023,2023.0,476,0,0,0,gdl_shdi_lgnic_lifexp_v9,gdl_lgnic_income_proxy_plus_gdl_lifexp,proxy_observed_gdl_income_proxy,proxy_observed,gdl_shdi_lgnic_lifexp,GDL income proxy,income is GDL lgnic rather than source-country GDPpc; life expectancy is GDL harmonized regional life expectancy,,,
eu_nuts2_svk_v1,extended_experimental,Slovakia / EU NUTS2 pilot,SVK,Slovakia,nuts2,4,100,2000,2024,2024.0,100,0,0,0,eurostat_nuts2_gdppc_pps_eu27_2020_hab+eurostat_nuts2_lexp_birth_total,observed_inputs_only,observed_eurostat_li_no_subnational_gini_hale,harmonized_observed,observed_inputs_only,observed source,inputs use the labelled source family shown in the provenance fields,,,
eu_nuts2_svk_v1,modelled_hale_experimental,Slovakia / EU NUTS2 pilot,SVK,Slovakia,nuts2,4,100,2000,2024,2024.0,100,0,0,0,eurostat_nuts2_gdppc_pps_eu27_2020_hab+eurostat_nuts2_lexp_birth_total,observed_inputs_only,observed_eurostat_li_no_subnational_gini_hale,harmonized_observed,observed_inputs_only,observed source,inputs use the labelled source family shown in the provenance fields,,,
eu_nuts2_svk_v1,official_clean,Slovakia / EU NUTS2 pilot,SVK,Slovakia,nuts2,4,100,2000,2024,2024.0,100,0,0,0,eurostat_nuts2_gdppc_pps_eu27_2020_hab+eurostat_nuts2_lexp_birth_total,observed_inputs_only,observed_eurostat_li_no_subnational_gini_hale,harmonized_observed,observed_inputs_only,observed source,inputs use the labelled source family shown in the provenance fields,,,
eu_nuts2_svn_v1,extended_experimental,Slovenia / EU NUTS2 pilot,SVN,Slovenia,nuts2,2,50,2000,2024,2024.0,34,0,0,0,eurostat_nuts2_gdppc_pps_eu27_2020_hab+eurostat_nuts2_lexp_birth_total,observed_inputs_only,observed_eurostat_li_no_subnational_gini_hale,harmonized_observed,observed_inputs_only,observed source,inputs use the labelled source family shown in the provenance fields,,,
eu_nuts2_svn_v1,modelled_hale_experimental,Slovenia / EU NUTS2 pilot,SVN,Slovenia,nuts2,2,50,2000,2024,2024.0,34,0,0,0,eurostat_nuts2_gdppc_pps_eu27_2020_hab+eurostat_nuts2_lexp_birth_total,observed_inputs_only,observed_eurostat_li_no_subnational_gini_hale,harmonized_observed,observed_inputs_only,observed source,inputs use the labelled source family shown in the provenance fields,,,
eu_nuts2_svn_v1,official_clean,Slovenia / EU NUTS2 pilot,SVN,Slovenia,nuts2,2,50,2000,2024,2024.0,34,0,0,0,eurostat_nuts2_gdppc_pps_eu27_2020_hab+eurostat_nuts2_lexp_birth_total,observed_inputs_only,observed_eurostat_li_no_subnational_gini_hale,harmonized_observed,observed_inputs_only,observed source,inputs use the labelled source family shown in the provenance fields,,,
gdl_shdi_som_levelx_v3,modelled_hale_experimental,Somalia / GDL SHDI level x,SOM,Somalia,gdl_level_x,18,324,2006,2023,2023.0,324,0,0,0,gdl_shdi_lgnic_lifexp_v9,gdl_lgnic_income_proxy_plus_gdl_lifexp,proxy_observed_gdl_income_proxy,proxy_observed,gdl_shdi_lgnic_lifexp,GDL income proxy,income is GDL lgnic rather than source-country GDPpc; life expectancy is GDL harmonized regional life expectancy,,,
gdl_shdi_som_levelx_v3,official_clean,Somalia / GDL SHDI level x,SOM,Somalia,gdl_level_x,18,324,2006,2023,2023.0,324,0,0,0,gdl_shdi_lgnic_lifexp_v9,gdl_lgnic_income_proxy_plus_gdl_lifexp,proxy_observed_gdl_income_proxy,proxy_observed,gdl_shdi_lgnic_lifexp,GDL income proxy,income is GDL lgnic rather than source-country GDPpc; life expectancy is GDL harmonized regional life expectancy,,,
gdl_shdi_zaf_levelx_v3,modelled_hale_experimental,South Africa / GDL SHDI level x,ZAF,South Africa,gdl_level_x,9,306,1990,2023,2023.0,306,0,306,0,gdl_shdi_lgnic_lifexp_v9+ihme_gbd_2023_subnational_hale_modelled,gdl_lgnic_income_proxy_plus_gdl_lifexp+modelled_ihme_gbd_hale_age22_all_ages_subnational_bridge,proxy_observed_gdl_income_proxy+ihme_modelled_hale_age_id_22_all_ages_metric_years_subnational_bridge,proxy_observed|modelled,gdl_shdi_lgnic_lifexp+modelled_ihme_gbd_hale_age22_all_ages_subnational_bridge,GDL income proxy|IHME modelled HALE,income is GDL lgnic rather than source-country GDPpc; life expectancy is GDL harmonized regional life expectancy|HALE is IHME/GBD modelled subnational HALE joined through a documented region bridge,,2023.0,
gdl_shdi_zaf_levelx_v3,official_clean,South Africa / GDL SHDI level x,ZAF,South Africa,gdl_level_x,9,306,1990,2023,2023.0,306,0,0,0,gdl_shdi_lgnic_lifexp_v9,gdl_lgnic_income_proxy_plus_gdl_lifexp,proxy_observed_gdl_income_proxy,proxy_observed,gdl_shdi_lgnic_lifexp,GDL income proxy,income is GDL lgnic rather than source-country GDPpc; life expectancy is GDL harmonized regional life expectancy,,,
gdl_shdi_ssd_levelx_v3,modelled_hale_experimental,South Sudan / GDL SHDI level x,SSD,South Sudan,gdl_level_x,10,140,2010,2023,2023.0,140,0,0,0,gdl_shdi_lgnic_lifexp_v9,gdl_lgnic_income_proxy_plus_gdl_lifexp,proxy_observed_gdl_income_proxy,proxy_observed,gdl_shdi_lgnic_lifexp,GDL income proxy,income is GDL lgnic rather than source-country GDPpc; life expectancy is GDL harmonized regional life expectancy,,,
gdl_shdi_ssd_levelx_v3,official_clean,South Sudan / GDL SHDI level x,SSD,South Sudan,gdl_level_x,10,140,2010,2023,2023.0,140,0,0,0,gdl_shdi_lgnic_lifexp_v9,gdl_lgnic_income_proxy_plus_gdl_lifexp,proxy_observed_gdl_income_proxy,proxy_observed,gdl_shdi_lgnic_lifexp,GDL income proxy,income is GDL lgnic rather than source-country GDPpc; life expectancy is GDL harmonized regional life expectancy,,,
eu_nuts2_esp_v1,extended_experimental,Spain / EU NUTS2 pilot,ESP,Spain,nuts2,19,475,2000,2024,2024.0,474,323,0,0,eurostat_nuts2_gdppc_pps_eu27_2020_hab+eurostat_nuts2_lexp_birth_total|eurostat_nuts2_gdppc_pps_eu27_2020_hab+eurostat_nuts2_lexp_birth_total+ine_es_67246_standard_gini_csv,observed_inputs_only|observed_inputs_only+observed_csv_standard_gini_exact_nuts2_join,observed_eurostat_li_no_subnational_gini_hale|observed_eurostat_li_no_subnational_gini_hale+official_ine_standard_gini,harmonized_observed,observed_inputs_only|observed_inputs_only+observed_csv_standard_gini_exact_nuts2_join,observed source,inputs use the labelled source family shown in the provenance fields,2024.0,,
eu_nuts2_esp_v1,modelled_hale_experimental,Spain / EU NUTS2 pilot,ESP,Spain,nuts2,19,475,2000,2024,2024.0,474,323,342,304,eurostat_nuts2_gdppc_pps_eu27_2020_hab+eurostat_nuts2_lexp_birth_total|eurostat_nuts2_gdppc_pps_eu27_2020_hab+eurostat_nuts2_lexp_birth_total+esp_sanidad_esperanzas_vida_salud_2023_pdf|eurostat_nuts2_gdppc_pps_eu27_2020_hab+eurostat_nuts2_lexp_birth_total+ine_es_67246_standard_gini_csv+esp_sanidad_esperanzas_vida_salud_2023_pdf|eurostat_nuts2_gdppc_pps_eu27_2020_hab+eurostat_nuts2_lexp_birth_total+ine_es_67246_standard_gini_csv,observed_inputs_only|observed_inputs_only+sanidad_sullivan_healthy_life_years_birth_exact_nuts2_join|observed_inputs_only+observed_csv_standard_gini_exact_nuts2_join+sanidad_sullivan_healthy_life_years_birth_exact_nuts2_join|observed_inputs_only+observed_csv_standard_gini_exact_nuts2_join|observed_inputs_only+sanidad_sullivan_healthy_life_years_birth_ceuta_melilla_split_region_proxy|observed_inputs_only+observed_csv_standard_gini_exact_nuts2_join+sanidad_sullivan_healthy_life_years_birth_ceuta_melilla_split_region_proxy,observed_eurostat_li_no_subnational_gini_hale|observed_eurostat_li_no_subnational_gini_hale+official_healthy_life_years_proxy_exact_nuts2|observed_eurostat_li_no_subnational_gini_hale+official_ine_standard_gini+official_healthy_life_years_proxy_exact_nuts2|observed_eurostat_li_no_subnational_gini_hale+official_ine_standard_gini|observed_eurostat_li_no_subnational_gini_hale+official_healthy_life_years_proxy_combined_ceuta_melilla_assigned_to_split_nuts2|observed_eurostat_li_no_subnational_gini_hale+official_ine_standard_gini+official_healthy_life_years_proxy_combined_ceuta_melilla_assigned_to_split_nuts2,harmonized_observed|harmonized_observed|official_observed|proxy_observed,observed_inputs_only|observed_inputs_only+sanidad_sullivan_healthy_life_years_birth_exact_nuts2_join|observed_inputs_only+observed_csv_standard_gini_exact_nuts2_join+sanidad_sullivan_healthy_life_years_birth_exact_nuts2_join|observed_inputs_only+observed_csv_standard_gini_exact_nuts2_join|observed_inputs_only+sanidad_sullivan_healthy_life_years_birth_ceuta_melilla_split_region_proxy|observed_inputs_only+observed_csv_standard_gini_exact_nuts2_join+sanidad_sullivan_healthy_life_years_birth_ceuta_melilla_split_region_proxy,observed source|HLE proxy|geography proxy,inputs use the labelled source family shown in the provenance fields|HLE proxy is Spain Ministry of Health healthy life years at birth by autonomous community using Sullivan's method|HLE proxy is Spain Ministry of Health healthy life years at birth; the combined Ceuta and Melilla value is assigned to both split NUTS2 rows,2024.0,2023.0,2023.0
eu_nuts2_esp_v1,official_clean,Spain / EU NUTS2 pilot,ESP,Spain,nuts2,19,475,2000,2024,2024.0,474,0,0,0,eurostat_nuts2_gdppc_pps_eu27_2020_hab+eurostat_nuts2_lexp_birth_total|eurostat_nuts2_gdppc_pps_eu27_2020_hab+eurostat_nuts2_lexp_birth_total+ine_es_67246_standard_gini_csv,observed_inputs_only|observed_inputs_only+observed_csv_standard_gini_exact_nuts2_join,observed_eurostat_li_no_subnational_gini_hale|observed_eurostat_li_no_subnational_gini_hale+official_ine_standard_gini,harmonized_observed,observed_inputs_only|observed_inputs_only+observed_csv_standard_gini_exact_nuts2_join,observed source,inputs use the labelled source family shown in the provenance fields,,,
lka_dcs_district_v3,extended_experimental,Sri Lanka / DCS districts,LKA,Sri Lanka,district,25,25,2019,2019,2019.0,25,25,0,0,lka_dcs_hies_2019_life_tables_2011_2013_district_ili,dcs_hies_2019_mean_monthly_household_income_plus_2011_2013_sex_average_lexp_and_household_income_gini,official_observed_nominal_monthly_household_income_time_shifted_lexp_observed_gini,official_observed|proxy_observed|labelled_local_currency,sri_lanka_dcs_district_ili,official nominal income proxy|official LEXP sex-average|time-shifted LEXP|observed Gini,"Income is DCS mean monthly household income in nominal Sri Lankan rupees for 2019, not PPP GDPpc; life expectancy is the arithmetic average of male and female district life expectancy at birth from 2011-2013; Gini is the 2019 DCS household-income Gini by district",2019.0,,
lka_dcs_district_v3,modelled_hale_experimental,Sri Lanka / DCS districts,LKA,Sri Lanka,district,25,25,2019,2019,2019.0,25,25,0,0,lka_dcs_hies_2019_life_tables_2011_2013_district_ili,dcs_hies_2019_mean_monthly_household_income_plus_2011_2013_sex_average_lexp_and_household_income_gini,official_observed_nominal_monthly_household_income_time_shifted_lexp_observed_gini,official_observed|proxy_observed|labelled_local_currency,sri_lanka_dcs_district_ili,official nominal income proxy|official LEXP sex-average|time-shifted LEXP|observed Gini,"Income is DCS mean monthly household income in nominal Sri Lankan rupees for 2019, not PPP GDPpc; life expectancy is the arithmetic average of male and female district life expectancy at birth from 2011-2013; Gini is the 2019 DCS household-income Gini by district",2019.0,,
lka_dcs_district_v3,official_clean,Sri Lanka / DCS districts,LKA,Sri Lanka,district,25,25,2019,2019,2019.0,25,0,0,0,lka_dcs_hies_2019_life_tables_2011_2013_district_ili,dcs_hies_2019_mean_monthly_household_income_plus_2011_2013_sex_average_lexp_and_household_income_gini,official_observed_nominal_monthly_household_income_time_shifted_lexp_observed_gini,official_observed|proxy_observed|labelled_local_currency,sri_lanka_dcs_district_ili,official nominal income proxy|official LEXP sex-average|time-shifted LEXP|observed Gini,"Income is DCS mean monthly household income in nominal Sri Lankan rupees for 2019, not PPP GDPpc; life expectancy is the arithmetic average of male and female district life expectancy at birth from 2011-2013; Gini is the 2019 DCS household-income Gini by district",,,
gdl_shdi_sdn_levelx_v3,modelled_hale_experimental,Sudan / GDL SHDI level x,SDN,Sudan,gdl_level_x,15,240,2008,2023,2023.0,240,0,0,0,gdl_shdi_lgnic_lifexp_v9,gdl_lgnic_income_proxy_plus_gdl_lifexp,proxy_observed_gdl_income_proxy,proxy_observed,gdl_shdi_lgnic_lifexp,GDL income proxy,income is GDL lgnic rather than source-country GDPpc; life expectancy is GDL harmonized regional life expectancy,,,
gdl_shdi_sdn_levelx_v3,official_clean,Sudan / GDL SHDI level x,SDN,Sudan,gdl_level_x,15,240,2008,2023,2023.0,240,0,0,0,gdl_shdi_lgnic_lifexp_v9,gdl_lgnic_income_proxy_plus_gdl_lifexp,proxy_observed_gdl_income_proxy,proxy_observed,gdl_shdi_lgnic_lifexp,GDL income proxy,income is GDL lgnic rather than source-country GDPpc; life expectancy is GDL harmonized regional life expectancy,,,
gdl_shdi_sur_levelx_v3,modelled_hale_experimental,Suriname / GDL SHDI level x,SUR,Suriname,gdl_level_x,5,100,2004,2023,2023.0,100,0,0,0,gdl_shdi_lgnic_lifexp_v9,gdl_lgnic_income_proxy_plus_gdl_lifexp,proxy_observed_gdl_income_proxy,proxy_observed,gdl_shdi_lgnic_lifexp,GDL income proxy,income is GDL lgnic rather than source-country GDPpc; life expectancy is GDL harmonized regional life expectancy,,,
gdl_shdi_sur_levelx_v3,official_clean,Suriname / GDL SHDI level x,SUR,Suriname,gdl_level_x,5,100,2004,2023,2023.0,100,0,0,0,gdl_shdi_lgnic_lifexp_v9,gdl_lgnic_income_proxy_plus_gdl_lifexp,proxy_observed_gdl_income_proxy,proxy_observed,gdl_shdi_lgnic_lifexp,GDL income proxy,income is GDL lgnic rather than source-country GDPpc; life expectancy is GDL harmonized regional life expectancy,,,
eu_nuts2_swe_v1,extended_experimental,Sweden / EU NUTS2 pilot,SWE,Sweden,nuts2,8,200,2000,2024,2024.0,200,0,0,0,eurostat_nuts2_gdppc_pps_eu27_2020_hab+eurostat_nuts2_lexp_birth_total,observed_inputs_only,observed_eurostat_li_no_subnational_gini_hale,harmonized_observed,observed_inputs_only,observed source,inputs use the labelled source family shown in the provenance fields,,,
eu_nuts2_swe_v1,modelled_hale_experimental,Sweden / EU NUTS2 pilot,SWE,Sweden,nuts2,8,200,2000,2024,2024.0,200,0,0,0,eurostat_nuts2_gdppc_pps_eu27_2020_hab+eurostat_nuts2_lexp_birth_total,observed_inputs_only,observed_eurostat_li_no_subnational_gini_hale,harmonized_observed,observed_inputs_only,observed source,inputs use the labelled source family shown in the provenance fields,,,
eu_nuts2_swe_v1,official_clean,Sweden / EU NUTS2 pilot,SWE,Sweden,nuts2,8,200,2000,2024,2024.0,200,0,0,0,eurostat_nuts2_gdppc_pps_eu27_2020_hab+eurostat_nuts2_lexp_birth_total,observed_inputs_only,observed_eurostat_li_no_subnational_gini_hale,harmonized_observed,observed_inputs_only,observed source,inputs use the labelled source family shown in the provenance fields,,,
gdl_shdi_che_levelx_v3,modelled_hale_experimental,Switzerland / GDL SHDI level x,CHE,Switzerland,gdl_level_x,7,238,1990,2023,2023.0,238,0,0,0,gdl_shdi_lgnic_lifexp_v9,gdl_lgnic_income_proxy_plus_gdl_lifexp,proxy_observed_gdl_income_proxy,proxy_observed,gdl_shdi_lgnic_lifexp,GDL income proxy,income is GDL lgnic rather than source-country GDPpc; life expectancy is GDL harmonized regional life expectancy,,,
gdl_shdi_che_levelx_v3,official_clean,Switzerland / GDL SHDI level x,CHE,Switzerland,gdl_level_x,7,238,1990,2023,2023.0,238,0,0,0,gdl_shdi_lgnic_lifexp_v9,gdl_lgnic_income_proxy_plus_gdl_lifexp,proxy_observed_gdl_income_proxy,proxy_observed,gdl_shdi_lgnic_lifexp,GDL income proxy,income is GDL lgnic rather than source-country GDPpc; life expectancy is GDL harmonized regional life expectancy,,,
gdl_shdi_syr_levelx_v3,modelled_hale_experimental,Syria / GDL SHDI level x,SYR,Syria,gdl_level_x,14,308,1990,2011,2011.0,308,0,0,0,gdl_shdi_lgnic_lifexp_v9,gdl_lgnic_income_proxy_plus_gdl_lifexp,proxy_observed_gdl_income_proxy,proxy_observed,gdl_shdi_lgnic_lifexp,GDL income proxy,income is GDL lgnic rather than source-country GDPpc; life expectancy is GDL harmonized regional life expectancy,,,
gdl_shdi_syr_levelx_v3,official_clean,Syria / GDL SHDI level x,SYR,Syria,gdl_level_x,14,308,1990,2011,2011.0,308,0,0,0,gdl_shdi_lgnic_lifexp_v9,gdl_lgnic_income_proxy_plus_gdl_lifexp,proxy_observed_gdl_income_proxy,proxy_observed,gdl_shdi_lgnic_lifexp,GDL income proxy,income is GDL lgnic rather than source-country GDPpc; life expectancy is GDL harmonized regional life expectancy,,,
gdl_shdi_tjk_levelx_v3,modelled_hale_experimental,Tajikistan / GDL SHDI level x,TJK,Tajikistan,gdl_level_x,5,155,1993,2023,2023.0,155,0,0,0,gdl_shdi_lgnic_lifexp_v9,gdl_lgnic_income_proxy_plus_gdl_lifexp,proxy_observed_gdl_income_proxy,proxy_observed,gdl_shdi_lgnic_lifexp,GDL income proxy,income is GDL lgnic rather than source-country GDPpc; life expectancy is GDL harmonized regional life expectancy,,,
gdl_shdi_tjk_levelx_v3,official_clean,Tajikistan / GDL SHDI level x,TJK,Tajikistan,gdl_level_x,5,155,1993,2023,2023.0,155,0,0,0,gdl_shdi_lgnic_lifexp_v9,gdl_lgnic_income_proxy_plus_gdl_lifexp,proxy_observed_gdl_income_proxy,proxy_observed,gdl_shdi_lgnic_lifexp,GDL income proxy,income is GDL lgnic rather than source-country GDPpc; life expectancy is GDL harmonized regional life expectancy,,,
gdl_shdi_tza_levelx_v3,modelled_hale_experimental,Tanzania / GDL SHDI level x,TZA,Tanzania,gdl_level_x,25,850,1990,2023,2023.0,850,0,0,0,gdl_shdi_lgnic_lifexp_v9,gdl_lgnic_income_proxy_plus_gdl_lifexp,proxy_observed_gdl_income_proxy,proxy_observed,gdl_shdi_lgnic_lifexp,GDL income proxy,income is GDL lgnic rather than source-country GDPpc; life expectancy is GDL harmonized regional life expectancy,,,
gdl_shdi_tza_levelx_v3,official_clean,Tanzania / GDL SHDI level x,TZA,Tanzania,gdl_level_x,25,850,1990,2023,2023.0,850,0,0,0,gdl_shdi_lgnic_lifexp_v9,gdl_lgnic_income_proxy_plus_gdl_lifexp,proxy_observed_gdl_income_proxy,proxy_observed,gdl_shdi_lgnic_lifexp,GDL income proxy,income is GDL lgnic rather than source-country GDPpc; life expectancy is GDL harmonized regional life expectancy,,,
gdl_shdi_tha_levelx_v3,extended_experimental,Thailand / GDL SHDI level x,THA,Thailand,gdl_level_x,5,10,2019,2021,2021.0,10,10,0,0,gdl_shdi_lgnic_lifexp_v9+tha_nso_income_distribution_province_gini,gdl_lgnic_income_proxy_plus_gdl_lifexp+tha_nso_province_income_gini_unweighted_mean_to_gdl_macro_region,proxy_observed_gdl_income_proxy+official_province_income_gini_aggregated_to_gdl_macro_region_unweighted,proxy_observed|official_observed,gdl_shdi_lgnic_lifexp+tha_nso_province_income_gini_grouped_proxy,GDL income proxy|observed Gini|geography aggregation,income is GDL lgnic rather than source-country GDPpc; life expectancy is GDL harmonized regional life expectancy|Thailand NSO province income Gini coefficients are averaged unweighted to the broader GDL macro-regions; the macro-region Gini is therefore an aggregation proxy rather than a recomputed macro-region income distribution.,2021.0,,
gdl_shdi_tha_levelx_v3,modelled_hale_experimental,Thailand / GDL SHDI level x,THA,Thailand,gdl_level_x,5,170,1990,2023,2023.0,170,10,20,10,gdl_shdi_lgnic_lifexp_v9|gdl_shdi_lgnic_lifexp_v9+tha_bod_le_hale_province_google_sheet+tha_nso_income_distribution_province_gini|gdl_shdi_lgnic_lifexp_v9+tha_bod_le_hale_province_google_sheet,gdl_lgnic_income_proxy_plus_gdl_lifexp|gdl_lgnic_income_proxy_plus_gdl_lifexp+tha_bod_province_hale_at_birth_unweighted_mean_to_gdl_macro_region+tha_nso_province_income_gini_unweighted_mean_to_gdl_macro_region|gdl_lgnic_income_proxy_plus_gdl_lifexp+tha_bod_province_hale_at_birth_unweighted_mean_to_gdl_macro_region,proxy_observed_gdl_income_proxy|proxy_observed_gdl_income_proxy+official_hale_at_birth_province_aggregated_to_gdl_macro_region_unweighted+official_province_income_gini_aggregated_to_gdl_macro_region_unweighted|proxy_observed_gdl_income_proxy+official_hale_at_birth_province_aggregated_to_gdl_macro_region_unweighted,proxy_observed|proxy_observed|official_observed,gdl_shdi_lgnic_lifexp|gdl_shdi_lgnic_lifexp+tha_bod_province_hale_at_birth_unweighted_mean_to_gdl_macro_region+tha_nso_province_income_gini_grouped_proxy|gdl_shdi_lgnic_lifexp+tha_bod_province_hale_at_birth_unweighted_mean_to_gdl_macro_region,GDL income proxy|observed HALE proxy|geography aggregation|observed Gini,income is GDL lgnic rather than source-country GDPpc; life expectancy is GDL harmonized regional life expectancy|Thailand province HALE at birth is aggregated to the existing GDL macro-region using an unweighted province mean; income remains the GDL lgnic proxy|Thailand NSO province income Gini coefficients are averaged unweighted to the broader GDL macro-regions; the macro-region Gini is therefore an aggregation proxy rather than a recomputed macro-region income distribution.,2021.0,2022.0,2021.0
gdl_shdi_tha_levelx_v3,official_clean,Thailand / GDL SHDI level x,THA,Thailand,gdl_level_x,5,170,1990,2023,2023.0,170,0,0,0,gdl_shdi_lgnic_lifexp_v9,gdl_lgnic_income_proxy_plus_gdl_lifexp,proxy_observed_gdl_income_proxy,proxy_observed,gdl_shdi_lgnic_lifexp,GDL income proxy,income is GDL lgnic rather than source-country GDPpc; life expectancy is GDL harmonized regional life expectancy,,,
gdl_shdi_tls_levelx_v3,modelled_hale_experimental,Timor Leste / GDL SHDI level x,TLS,Timor Leste,gdl_level_x,13,286,2002,2023,2023.0,286,0,0,0,gdl_shdi_lgnic_lifexp_v9,gdl_lgnic_income_proxy_plus_gdl_lifexp,proxy_observed_gdl_income_proxy,proxy_observed,gdl_shdi_lgnic_lifexp,GDL income proxy,income is GDL lgnic rather than source-country GDPpc; life expectancy is GDL harmonized regional life expectancy,,,
gdl_shdi_tls_levelx_v3,official_clean,Timor Leste / GDL SHDI level x,TLS,Timor Leste,gdl_level_x,13,286,2002,2023,2023.0,286,0,0,0,gdl_shdi_lgnic_lifexp_v9,gdl_lgnic_income_proxy_plus_gdl_lifexp,proxy_observed_gdl_income_proxy,proxy_observed,gdl_shdi_lgnic_lifexp,GDL income proxy,income is GDL lgnic rather than source-country GDPpc; life expectancy is GDL harmonized regional life expectancy,,,
gdl_shdi_tgo_levelx_v3,modelled_hale_experimental,Togo / GDL SHDI level x,TGO,Togo,gdl_level_x,6,204,1990,2023,2023.0,204,0,0,0,gdl_shdi_lgnic_lifexp_v9,gdl_lgnic_income_proxy_plus_gdl_lifexp,proxy_observed_gdl_income_proxy,proxy_observed,gdl_shdi_lgnic_lifexp,GDL income proxy,income is GDL lgnic rather than source-country GDPpc; life expectancy is GDL harmonized regional life expectancy,,,
gdl_shdi_tgo_levelx_v3,official_clean,Togo / GDL SHDI level x,TGO,Togo,gdl_level_x,6,204,1990,2023,2023.0,204,0,0,0,gdl_shdi_lgnic_lifexp_v9,gdl_lgnic_income_proxy_plus_gdl_lifexp,proxy_observed_gdl_income_proxy,proxy_observed,gdl_shdi_lgnic_lifexp,GDL income proxy,income is GDL lgnic rather than source-country GDPpc; life expectancy is GDL harmonized regional life expectancy,,,
gdl_shdi_ton_levelx_v3,modelled_hale_experimental,Tonga / GDL SHDI level x,TON,Tonga,gdl_level_x,5,165,1991,2023,2023.0,165,0,0,0,gdl_shdi_lgnic_lifexp_v9,gdl_lgnic_income_proxy_plus_gdl_lifexp,proxy_observed_gdl_income_proxy,proxy_observed,gdl_shdi_lgnic_lifexp,GDL income proxy,income is GDL lgnic rather than source-country GDPpc; life expectancy is GDL harmonized regional life expectancy,,,
gdl_shdi_ton_levelx_v3,official_clean,Tonga / GDL SHDI level x,TON,Tonga,gdl_level_x,5,165,1991,2023,2023.0,165,0,0,0,gdl_shdi_lgnic_lifexp_v9,gdl_lgnic_income_proxy_plus_gdl_lifexp,proxy_observed_gdl_income_proxy,proxy_observed,gdl_shdi_lgnic_lifexp,GDL income proxy,income is GDL lgnic rather than source-country GDPpc; life expectancy is GDL harmonized regional life expectancy,,,
gdl_shdi_tto_levelx_v3,modelled_hale_experimental,Trinidad & Tobago / GDL SHDI level x,TTO,Trinidad & Tobago,gdl_level_x,5,170,1990,2023,2023.0,170,0,0,0,gdl_shdi_lgnic_lifexp_v9,gdl_lgnic_income_proxy_plus_gdl_lifexp,proxy_observed_gdl_income_proxy,proxy_observed,gdl_shdi_lgnic_lifexp,GDL income proxy,income is GDL lgnic rather than source-country GDPpc; life expectancy is GDL harmonized regional life expectancy,,,
gdl_shdi_tto_levelx_v3,official_clean,Trinidad & Tobago / GDL SHDI level x,TTO,Trinidad & Tobago,gdl_level_x,5,170,1990,2023,2023.0,170,0,0,0,gdl_shdi_lgnic_lifexp_v9,gdl_lgnic_income_proxy_plus_gdl_lifexp,proxy_observed_gdl_income_proxy,proxy_observed,gdl_shdi_lgnic_lifexp,GDL income proxy,income is GDL lgnic rather than source-country GDPpc; life expectancy is GDL harmonized regional life expectancy,,,
gdl_shdi_tun_levelx_v3,modelled_hale_experimental,Tunisia / GDL SHDI level x,TUN,Tunisia,gdl_level_x,7,238,1990,2023,2023.0,238,0,0,0,gdl_shdi_lgnic_lifexp_v9,gdl_lgnic_income_proxy_plus_gdl_lifexp,proxy_observed_gdl_income_proxy,proxy_observed,gdl_shdi_lgnic_lifexp,GDL income proxy,income is GDL lgnic rather than source-country GDPpc; life expectancy is GDL harmonized regional life expectancy,,,
gdl_shdi_tun_levelx_v3,official_clean,Tunisia / GDL SHDI level x,TUN,Tunisia,gdl_level_x,7,238,1990,2023,2023.0,238,0,0,0,gdl_shdi_lgnic_lifexp_v9,gdl_lgnic_income_proxy_plus_gdl_lifexp,proxy_observed_gdl_income_proxy,proxy_observed,gdl_shdi_lgnic_lifexp,GDL income proxy,income is GDL lgnic rather than source-country GDPpc; life expectancy is GDL harmonized regional life expectancy,,,
gdl_shdi_tur_levelx_v3,modelled_hale_experimental,Turkey / GDL SHDI level x,TUR,Turkey,gdl_level_x,12,408,1990,2023,2023.0,408,0,0,0,gdl_shdi_lgnic_lifexp_v9,gdl_lgnic_income_proxy_plus_gdl_lifexp,proxy_observed_gdl_income_proxy,proxy_observed,gdl_shdi_lgnic_lifexp,GDL income proxy,income is GDL lgnic rather than source-country GDPpc; life expectancy is GDL harmonized regional life expectancy,,,
gdl_shdi_tur_levelx_v3,official_clean,Turkey / GDL SHDI level x,TUR,Turkey,gdl_level_x,12,408,1990,2023,2023.0,408,0,0,0,gdl_shdi_lgnic_lifexp_v9,gdl_lgnic_income_proxy_plus_gdl_lifexp,proxy_observed_gdl_income_proxy,proxy_observed,gdl_shdi_lgnic_lifexp,GDL income proxy,income is GDL lgnic rather than source-country GDPpc; life expectancy is GDL harmonized regional life expectancy,,,
gdl_shdi_tkm_levelx_v3,modelled_hale_experimental,Turkmenistan / GDL SHDI level x,TKM,Turkmenistan,gdl_level_x,6,84,2010,2023,2023.0,84,0,0,0,gdl_shdi_lgnic_lifexp_v9,gdl_lgnic_income_proxy_plus_gdl_lifexp,proxy_observed_gdl_income_proxy,proxy_observed,gdl_shdi_lgnic_lifexp,GDL income proxy,income is GDL lgnic rather than source-country GDPpc; life expectancy is GDL harmonized regional life expectancy,,,
gdl_shdi_tkm_levelx_v3,official_clean,Turkmenistan / GDL SHDI level x,TKM,Turkmenistan,gdl_level_x,6,84,2010,2023,2023.0,84,0,0,0,gdl_shdi_lgnic_lifexp_v9,gdl_lgnic_income_proxy_plus_gdl_lifexp,proxy_observed_gdl_income_proxy,proxy_observed,gdl_shdi_lgnic_lifexp,GDL income proxy,income is GDL lgnic rather than source-country GDPpc; life expectancy is GDL harmonized regional life expectancy,,,
gdl_shdi_tuv_levelx_v3,modelled_hale_experimental,Tuvalu / GDL SHDI level x,TUV,Tuvalu,gdl_level_x,3,102,1990,2023,2023.0,102,0,0,0,gdl_shdi_lgnic_lifexp_v9,gdl_lgnic_income_proxy_plus_gdl_lifexp,proxy_observed_gdl_income_proxy,proxy_observed,gdl_shdi_lgnic_lifexp,GDL income proxy,income is GDL lgnic rather than source-country GDPpc; life expectancy is GDL harmonized regional life expectancy,,,
gdl_shdi_tuv_levelx_v3,official_clean,Tuvalu / GDL SHDI level x,TUV,Tuvalu,gdl_level_x,3,102,1990,2023,2023.0,102,0,0,0,gdl_shdi_lgnic_lifexp_v9,gdl_lgnic_income_proxy_plus_gdl_lifexp,proxy_observed_gdl_income_proxy,proxy_observed,gdl_shdi_lgnic_lifexp,GDL income proxy,income is GDL lgnic rather than source-country GDPpc; life expectancy is GDL harmonized regional life expectancy,,,
gdl_shdi_uga_levelx_v3,modelled_hale_experimental,Uganda / GDL SHDI level x,UGA,Uganda,gdl_level_x,9,306,1990,2023,2023.0,306,0,0,0,gdl_shdi_lgnic_lifexp_v9,gdl_lgnic_income_proxy_plus_gdl_lifexp,proxy_observed_gdl_income_proxy,proxy_observed,gdl_shdi_lgnic_lifexp,GDL income proxy,income is GDL lgnic rather than source-country GDPpc; life expectancy is GDL harmonized regional life expectancy,,,
gdl_shdi_uga_levelx_v3,official_clean,Uganda / GDL SHDI level x,UGA,Uganda,gdl_level_x,9,306,1990,2023,2023.0,306,0,0,0,gdl_shdi_lgnic_lifexp_v9,gdl_lgnic_income_proxy_plus_gdl_lifexp,proxy_observed_gdl_income_proxy,proxy_observed,gdl_shdi_lgnic_lifexp,GDL income proxy,income is GDL lgnic rather than source-country GDPpc; life expectancy is GDL harmonized regional life expectancy,,,
gdl_shdi_ukr_levelx_v3,modelled_hale_experimental,Ukraine / GDL SHDI level x,UKR,Ukraine,gdl_level_x,5,170,1990,2023,2023.0,170,0,0,0,gdl_shdi_lgnic_lifexp_v9,gdl_lgnic_income_proxy_plus_gdl_lifexp,proxy_observed_gdl_income_proxy,proxy_observed,gdl_shdi_lgnic_lifexp,GDL income proxy,income is GDL lgnic rather than source-country GDPpc; life expectancy is GDL harmonized regional life expectancy,,,
gdl_shdi_ukr_levelx_v3,official_clean,Ukraine / GDL SHDI level x,UKR,Ukraine,gdl_level_x,5,170,1990,2023,2023.0,170,0,0,0,gdl_shdi_lgnic_lifexp_v9,gdl_lgnic_income_proxy_plus_gdl_lifexp,proxy_observed_gdl_income_proxy,proxy_observed,gdl_shdi_lgnic_lifexp,GDL income proxy,income is GDL lgnic rather than source-country GDPpc; life expectancy is GDL harmonized regional life expectancy,,,
gdl_shdi_gbr_levelx_v3,modelled_hale_experimental,United Kingdom / GDL SHDI level x,GBR,United Kingdom,gdl_level_x,12,408,1990,2023,2023.0,408,0,408,0,gdl_shdi_lgnic_lifexp_v9+ihme_gbd_2023_subnational_hale_modelled|gdl_shdi_lgnic_lifexp_v9+gbr_ons_health_state_life_expectancy_all_ages_xlsx,gdl_lgnic_income_proxy_plus_gdl_lifexp+modelled_ihme_gbd_hale_age22_all_ages_subnational_bridge|gdl_lgnic_income_proxy_plus_gdl_lifexp+ons_hle_birth_english_regions_constituent_countries_sex_average_period_midpoint_join,proxy_observed_gdl_income_proxy+ihme_modelled_hale_age_id_22_all_ages_metric_years_subnational_bridge|proxy_observed_gdl_income_proxy+official_hle_sex_average_proxy_three_year_period_midpoint,proxy_observed|modelled|proxy_observed|official_observed,gdl_shdi_lgnic_lifexp+modelled_ihme_gbd_hale_age22_all_ages_subnational_bridge|gdl_shdi_lgnic_lifexp+ons_hle_birth_english_regions_constituent_countries_sex_average_period_midpoint_join,GDL income proxy|IHME modelled HALE|observed source|HLE proxy|sex-average proxy|period-midpoint proxy,"income is GDL lgnic rather than source-country GDPpc; life expectancy is GDL harmonized regional life expectancy|HALE is IHME/GBD modelled subnational HALE joined through a documented region bridge|HLE is ONS healthy life expectancy at birth for English regions and UK constituent countries; all-sex value is the arithmetic mean of female and male values, and each three-year period is assigned to its midpoint year",,2023.0,
gdl_shdi_gbr_levelx_v3,official_clean,United Kingdom / GDL SHDI level x,GBR,United Kingdom,gdl_level_x,12,408,1990,2023,2023.0,408,0,0,0,gdl_shdi_lgnic_lifexp_v9,gdl_lgnic_income_proxy_plus_gdl_lifexp,proxy_observed_gdl_income_proxy,proxy_observed,gdl_shdi_lgnic_lifexp,GDL income proxy,income is GDL lgnic rather than source-country GDPpc; life expectancy is GDL harmonized regional life expectancy,,,
us_oecd_tl2_acs,extended_experimental,United States / OECD TL2 + ACS pilot,USA,United States,oecd_tl2,51,1428,1997,2024,2020.0,254,153,0,0,oecd_tl2_gdppc_ppp+oecd_tl2_lfexp+acs1_state_gini+ihme_gbd_2023_subnational_hale_modelled|oecd_tl2_gdppc_ppp+oecd_tl2_lfexp+acs1_state_gini,observed_inputs_only+modelled_ihme_gbd_hale_age22_all_ages_exact_location_join|observed_inputs_only,observed_no_subnational_hale+ihme_modelled_hale_age_id_22_all_ages_metric_years_exact_location|observed_no_subnational_hale,modelled|harmonized_observed,observed_inputs_only+modelled_ihme_gbd_hale_age22_all_ages_exact_location_join|observed_inputs_only,IHME modelled HALE|observed source,inputs use the labelled source family shown in the provenance fields,2019.0,,
us_oecd_tl2_acs,modelled_hale_experimental,United States / OECD TL2 + ACS pilot,USA,United States,oecd_tl2,51,1428,1997,2024,2020.0,254,153,1377,867,oecd_tl2_gdppc_ppp+oecd_tl2_lfexp+acs1_state_gini+ihme_gbd_2023_subnational_hale_modelled|oecd_tl2_gdppc_ppp+oecd_tl2_lfexp+acs1_state_gini,observed_inputs_only+modelled_ihme_gbd_hale_age22_all_ages_exact_location_join|observed_inputs_only,observed_no_subnational_hale+ihme_modelled_hale_age_id_22_all_ages_metric_years_exact_location|observed_no_subnational_hale,modelled|harmonized_observed,observed_inputs_only+modelled_ihme_gbd_hale_age22_all_ages_exact_location_join|observed_inputs_only,IHME modelled HALE|observed source,inputs use the labelled source family shown in the provenance fields,2019.0,2023.0,2023.0
us_oecd_tl2_acs,official_clean,United States / OECD TL2 + ACS pilot,USA,United States,oecd_tl2,51,1428,1997,2024,2020.0,254,0,0,0,oecd_tl2_gdppc_ppp+oecd_tl2_lfexp+acs1_state_gini+ihme_gbd_2023_subnational_hale_modelled|oecd_tl2_gdppc_ppp+oecd_tl2_lfexp+acs1_state_gini,observed_inputs_only+modelled_ihme_gbd_hale_age22_all_ages_exact_location_join|observed_inputs_only,observed_no_subnational_hale+ihme_modelled_hale_age_id_22_all_ages_metric_years_exact_location|observed_no_subnational_hale,modelled|harmonized_observed,observed_inputs_only+modelled_ihme_gbd_hale_age22_all_ages_exact_location_join|observed_inputs_only,IHME modelled HALE|observed source,inputs use the labelled source family shown in the provenance fields,,,
gdl_shdi_ury_levelx_v3,modelled_hale_experimental,Uruguay / GDL SHDI level x,URY,Uruguay,gdl_level_x,7,238,1990,2023,2023.0,238,0,0,0,gdl_shdi_lgnic_lifexp_v9,gdl_lgnic_income_proxy_plus_gdl_lifexp,proxy_observed_gdl_income_proxy,proxy_observed,gdl_shdi_lgnic_lifexp,GDL income proxy,income is GDL lgnic rather than source-country GDPpc; life expectancy is GDL harmonized regional life expectancy,,,
gdl_shdi_ury_levelx_v3,official_clean,Uruguay / GDL SHDI level x,URY,Uruguay,gdl_level_x,7,238,1990,2023,2023.0,238,0,0,0,gdl_shdi_lgnic_lifexp_v9,gdl_lgnic_income_proxy_plus_gdl_lifexp,proxy_observed_gdl_income_proxy,proxy_observed,gdl_shdi_lgnic_lifexp,GDL income proxy,income is GDL lgnic rather than source-country GDPpc; life expectancy is GDL harmonized regional life expectancy,,,
gdl_shdi_uzb_levelx_v3,modelled_hale_experimental,Uzbekistan / GDL SHDI level x,UZB,Uzbekistan,gdl_level_x,6,144,2000,2023,2023.0,144,0,0,0,gdl_shdi_lgnic_lifexp_v9,gdl_lgnic_income_proxy_plus_gdl_lifexp,proxy_observed_gdl_income_proxy,proxy_observed,gdl_shdi_lgnic_lifexp,GDL income proxy,income is GDL lgnic rather than source-country GDPpc; life expectancy is GDL harmonized regional life expectancy,,,
gdl_shdi_uzb_levelx_v3,official_clean,Uzbekistan / GDL SHDI level x,UZB,Uzbekistan,gdl_level_x,6,144,2000,2023,2023.0,144,0,0,0,gdl_shdi_lgnic_lifexp_v9,gdl_lgnic_income_proxy_plus_gdl_lifexp,proxy_observed_gdl_income_proxy,proxy_observed,gdl_shdi_lgnic_lifexp,GDL income proxy,income is GDL lgnic rather than source-country GDPpc; life expectancy is GDL harmonized regional life expectancy,,,
gdl_shdi_vut_levelx_v3,modelled_hale_experimental,Vanuatu / GDL SHDI level x,VUT,Vanuatu,gdl_level_x,8,152,2005,2023,2023.0,152,0,0,0,gdl_shdi_lgnic_lifexp_v9,gdl_lgnic_income_proxy_plus_gdl_lifexp,proxy_observed_gdl_income_proxy,proxy_observed,gdl_shdi_lgnic_lifexp,GDL income proxy,income is GDL lgnic rather than source-country GDPpc; life expectancy is GDL harmonized regional life expectancy,,,
gdl_shdi_vut_levelx_v3,official_clean,Vanuatu / GDL SHDI level x,VUT,Vanuatu,gdl_level_x,8,152,2005,2023,2023.0,152,0,0,0,gdl_shdi_lgnic_lifexp_v9,gdl_lgnic_income_proxy_plus_gdl_lifexp,proxy_observed_gdl_income_proxy,proxy_observed,gdl_shdi_lgnic_lifexp,GDL income proxy,income is GDL lgnic rather than source-country GDPpc; life expectancy is GDL harmonized regional life expectancy,,,
gdl_shdi_ven_levelx_v3,modelled_hale_experimental,Venezuela / GDL SHDI level x,VEN,Venezuela,gdl_level_x,24,816,1990,2023,2023.0,816,0,0,0,gdl_shdi_lgnic_lifexp_v9,gdl_lgnic_income_proxy_plus_gdl_lifexp,proxy_observed_gdl_income_proxy,proxy_observed,gdl_shdi_lgnic_lifexp,GDL income proxy,income is GDL lgnic rather than source-country GDPpc; life expectancy is GDL harmonized regional life expectancy,,,
gdl_shdi_ven_levelx_v3,official_clean,Venezuela / GDL SHDI level x,VEN,Venezuela,gdl_level_x,24,816,1990,2023,2023.0,816,0,0,0,gdl_shdi_lgnic_lifexp_v9,gdl_lgnic_income_proxy_plus_gdl_lifexp,proxy_observed_gdl_income_proxy,proxy_observed,gdl_shdi_lgnic_lifexp,GDL income proxy,income is GDL lgnic rather than source-country GDPpc; life expectancy is GDL harmonized regional life expectancy,,,
gdl_shdi_vnm_levelx_v3,modelled_hale_experimental,Vietnam / GDL SHDI level x,VNM,Vietnam,gdl_level_x,6,204,1990,2023,2023.0,204,0,0,0,gdl_shdi_lgnic_lifexp_v9,gdl_lgnic_income_proxy_plus_gdl_lifexp,proxy_observed_gdl_income_proxy,proxy_observed,gdl_shdi_lgnic_lifexp,GDL income proxy,income is GDL lgnic rather than source-country GDPpc; life expectancy is GDL harmonized regional life expectancy,,,
gdl_shdi_vnm_levelx_v3,official_clean,Vietnam / GDL SHDI level x,VNM,Vietnam,gdl_level_x,6,204,1990,2023,2023.0,204,0,0,0,gdl_shdi_lgnic_lifexp_v9,gdl_lgnic_income_proxy_plus_gdl_lifexp,proxy_observed_gdl_income_proxy,proxy_observed,gdl_shdi_lgnic_lifexp,GDL income proxy,income is GDL lgnic rather than source-country GDPpc; life expectancy is GDL harmonized regional life expectancy,,,
gdl_shdi_yem_levelx_v3,modelled_hale_experimental,Yemen / GDL SHDI level x,YEM,Yemen,gdl_level_x,8,272,1990,2023,2023.0,272,0,0,0,gdl_shdi_lgnic_lifexp_v9,gdl_lgnic_income_proxy_plus_gdl_lifexp,proxy_observed_gdl_income_proxy,proxy_observed,gdl_shdi_lgnic_lifexp,GDL income proxy,income is GDL lgnic rather than source-country GDPpc; life expectancy is GDL harmonized regional life expectancy,,,
gdl_shdi_yem_levelx_v3,official_clean,Yemen / GDL SHDI level x,YEM,Yemen,gdl_level_x,8,272,1990,2023,2023.0,272,0,0,0,gdl_shdi_lgnic_lifexp_v9,gdl_lgnic_income_proxy_plus_gdl_lifexp,proxy_observed_gdl_income_proxy,proxy_observed,gdl_shdi_lgnic_lifexp,GDL income proxy,income is GDL lgnic rather than source-country GDPpc; life expectancy is GDL harmonized regional life expectancy,,,
gdl_shdi_zmb_levelx_v3,modelled_hale_experimental,Zambia / GDL SHDI level x,ZMB,Zambia,gdl_level_x,9,306,1990,2023,2023.0,306,0,0,0,gdl_shdi_lgnic_lifexp_v9,gdl_lgnic_income_proxy_plus_gdl_lifexp,proxy_observed_gdl_income_proxy,proxy_observed,gdl_shdi_lgnic_lifexp,GDL income proxy,income is GDL lgnic rather than source-country GDPpc; life expectancy is GDL harmonized regional life expectancy,,,
gdl_shdi_zmb_levelx_v3,official_clean,Zambia / GDL SHDI level x,ZMB,Zambia,gdl_level_x,9,306,1990,2023,2023.0,306,0,0,0,gdl_shdi_lgnic_lifexp_v9,gdl_lgnic_income_proxy_plus_gdl_lifexp,proxy_observed_gdl_income_proxy,proxy_observed,gdl_shdi_lgnic_lifexp,GDL income proxy,income is GDL lgnic rather than source-country GDPpc; life expectancy is GDL harmonized regional life expectancy,,,
gdl_shdi_zwe_levelx_v3,modelled_hale_experimental,Zimbabwe / GDL SHDI level x,ZWE,Zimbabwe,gdl_level_x,10,340,1990,2023,2023.0,340,0,0,0,gdl_shdi_lgnic_lifexp_v9,gdl_lgnic_income_proxy_plus_gdl_lifexp,proxy_observed_gdl_income_proxy,proxy_observed,gdl_shdi_lgnic_lifexp,GDL income proxy,income is GDL lgnic rather than source-country GDPpc; life expectancy is GDL harmonized regional life expectancy,,,
gdl_shdi_zwe_levelx_v3,official_clean,Zimbabwe / GDL SHDI level x,ZWE,Zimbabwe,gdl_level_x,10,340,1990,2023,2023.0,340,0,0,0,gdl_shdi_lgnic_lifexp_v9,gdl_lgnic_income_proxy_plus_gdl_lifexp,proxy_observed_gdl_income_proxy,proxy_observed,gdl_shdi_lgnic_lifexp,GDL income proxy,income is GDL lgnic rather than source-country GDPpc; life expectancy is GDL harmonized regional life expectancy,,,
